{"level":"info","message":"Starting server on port 3008...","timestamp":"2026-07-07T08:01:47.913Z"}
{"level":"info","message":"Server running on port 3008","timestamp":"2026-07-07T08:01:47.943Z"}
{"level":"info","message":"MongoDB Connected: 127.0.0.1","timestamp":"2026-07-07T08:01:47.966Z"}
{"level":"info","message":"Starting server on port 3008...","timestamp":"2026-07-07T08:52:40.260Z"}
{"level":"info","message":"Server running on port 3008","timestamp":"2026-07-07T08:52:40.279Z"}
{"level":"info","message":"MongoDB Connected: 127.0.0.1","timestamp":"2026-07-07T08:52:40.302Z"}
{"level":"info","message":"Starting server on port 3008...","timestamp":"2026-07-08T16:18:20.051Z"}
{"level":"info","message":"Socket.io initialized","timestamp":"2026-07-08T16:18:20.083Z"}
{"level":"info","message":"Server running on port 3008","timestamp":"2026-07-08T16:18:20.085Z"}
{"level":"info","message":"MongoDB Connected: 127.0.0.1","timestamp":"2026-07-08T16:18:20.137Z"}
{"level":"http","message":"\u001b[0mGET /api/auth/me \u001b[32m200\u001b[0m 105.332 ms - 231\u001b[0m","timestamp":"2026-07-08T16:51:42.583Z"}
{"level":"error","message":"POST /api/products/ -> 500 Unexpected token ']', ...\"00\",\r\n    ],\r\n    \"c\"... is not valid JSON","stack":"SyntaxError: Unexpected token ']', ...\"00\",\r\n    ],\r\n    \"c\"... is not valid JSON\n    at JSON.parse (<anonymous>)\n    at parse (D:\\Amit\\A Developer\\2026 product\\full stack project\\E-commerce app\\node_modules\\body-parser\\lib\\types\\json.js:91:21)\n    at D:\\Amit\\A Developer\\2026 product\\full stack project\\E-commerce app\\node_modules\\body-parser\\lib\\read.js:162:18\n    at AsyncResource.runInAsyncScope (node:async_hooks:226:14)\n    at invokeCallback (D:\\Amit\\A Developer\\2026 product\\full stack project\\E-commerce app\\node_modules\\raw-body\\index.js:238:16)\n    at done (D:\\Amit\\A Developer\\2026 product\\full stack project\\E-commerce app\\node_modules\\raw-body\\index.js:227:7)\n    at IncomingMessage.onEnd (D:\\Amit\\A Developer\\2026 product\\full stack project\\E-commerce app\\node_modules\\raw-body\\index.js:287:7)\n    at IncomingMessage.emit (node:events:509:20)\n    at endReadableNT (node:internal/streams/readable:1746:12)\n    at process.processTicksAndRejections (node:internal/process/task_queues:90:21)","timestamp":"2026-07-08T16:54:29.950Z"}
{"level":"http","message":"\u001b[0mPOST /api/products/ \u001b[31m500\u001b[0m 272.397 ms - 121\u001b[0m","timestamp":"2026-07-08T16:54:29.953Z"}
{"level":"warn","message":"POST /api/products/ -> 401 Not authorized, no token provided","timestamp":"2026-07-08T16:55:01.202Z"}
{"level":"http","message":"\u001b[0mPOST /api/products/ \u001b[33m401\u001b[0m 3.487 ms - 47\u001b[0m","timestamp":"2026-07-08T16:55:01.203Z"}
{"level":"http","message":"\u001b[0mPOST /api/auth/login \u001b[32m200\u001b[0m 102.273 ms - 108\u001b[0m","timestamp":"2026-07-08T16:55:11.253Z"}
{"level":"warn","message":"POST /api/products/ -> 403 Role 'buyer' is not allowed to access this resource","timestamp":"2026-07-08T16:55:27.535Z"}
{"level":"http","message":"\u001b[0mPOST /api/products/ \u001b[33m403\u001b[0m 3.312 ms - 65\u001b[0m","timestamp":"2026-07-08T16:55:27.535Z"}
{"level":"warn","message":"POST /api/products/ -> 400 Please create your shop before adding products","timestamp":"2026-07-08T17:20:10.172Z"}
{"level":"http","message":"\u001b[0mPOST /api/products/ \u001b[33m400\u001b[0m 5.336 ms - 60\u001b[0m","timestamp":"2026-07-08T17:20:10.173Z"}
{"level":"error","message":"POST /api/shops/ -> 500 next is not a function","stack":"TypeError: next is not a function\n    at model.<anonymous> (file:///D:/Amit/A%20Developer/2026%20product/full%20stack%20project/E-commerce%20app/backend/modules/shop/models/shop.model.js:98:3)\n    at Kareem.execPre (D:\\Amit\\A Developer\\2026 product\\full stack project\\E-commerce app\\node_modules\\kareem\\index.js:59:39)\n    at model._execDocumentPreHooks (D:\\Amit\\A Developer\\2026 product\\full stack project\\E-commerce app\\node_modules\\mongoose\\lib\\document.js:3210:29)\n    at model.validate (D:\\Amit\\A Developer\\2026 product\\full stack project\\E-commerce app\\node_modules\\mongoose\\lib\\document.js:2702:30)\n    at model.$__save (D:\\Amit\\A Developer\\2026 product\\full stack project\\E-commerce app\\node_modules\\mongoose\\lib\\model.js:399:18)\n    at maybeTracedSave (D:\\Amit\\A Developer\\2026 product\\full stack project\\E-commerce app\\node_modules\\mongoose\\lib\\model.js:675:19)\n    at trace (D:\\Amit\\A Developer\\2026 product\\full stack project\\E-commerce app\\node_modules\\mongoose\\lib\\tracing.js:25:14)\n    at model.save (D:\\Amit\\A Developer\\2026 product\\full stack project\\E-commerce app\\node_modules\\mongoose\\lib\\model.js:673:10)\n    at model.create (D:\\Amit\\A Developer\\2026 product\\full stack project\\E-commerce app\\node_modules\\mongoose\\lib\\model.js:2763:18)\n    at createShop (file:///D:/Amit/A%20Developer/2026%20product/full%20stack%20project/E-commerce%20app/backend/modules/shop/controllers/create/shop.create.controller.js:29:29)","timestamp":"2026-07-08T17:22:51.304Z"}
{"level":"http","message":"\u001b[0mPOST /api/shops/ \u001b[31m500\u001b[0m 27.179 ms - 67\u001b[0m","timestamp":"2026-07-08T17:22:51.305Z"}
{"level":"error","message":"POST /api/shops/ -> 500 next is not a function","stack":"TypeError: next is not a function\n    at model.<anonymous> (file:///D:/Amit/A%20Developer/2026%20product/full%20stack%20project/E-commerce%20app/backend/modules/shop/models/shop.model.js:98:3)\n    at Kareem.execPre (D:\\Amit\\A Developer\\2026 product\\full stack project\\E-commerce app\\node_modules\\kareem\\index.js:59:39)\n    at model._execDocumentPreHooks (D:\\Amit\\A Developer\\2026 product\\full stack project\\E-commerce app\\node_modules\\mongoose\\lib\\document.js:3210:29)\n    at model.validate (D:\\Amit\\A Developer\\2026 product\\full stack project\\E-commerce app\\node_modules\\mongoose\\lib\\document.js:2702:30)\n    at model.$__save (D:\\Amit\\A Developer\\2026 product\\full stack project\\E-commerce app\\node_modules\\mongoose\\lib\\model.js:399:18)\n    at maybeTracedSave (D:\\Amit\\A Developer\\2026 product\\full stack project\\E-commerce app\\node_modules\\mongoose\\lib\\model.js:675:19)\n    at trace (D:\\Amit\\A Developer\\2026 product\\full stack project\\E-commerce app\\node_modules\\mongoose\\lib\\tracing.js:25:14)\n    at model.save (D:\\Amit\\A Developer\\2026 product\\full stack project\\E-commerce app\\node_modules\\mongoose\\lib\\model.js:673:10)\n    at model.create (D:\\Amit\\A Developer\\2026 product\\full stack project\\E-commerce app\\node_modules\\mongoose\\lib\\model.js:2763:18)\n    at createShop (file:///D:/Amit/A%20Developer/2026%20product/full%20stack%20project/E-commerce%20app/backend/modules/shop/controllers/create/shop.create.controller.js:29:29)","timestamp":"2026-07-08T17:25:30.059Z"}
{"level":"http","message":"\u001b[0mPOST /api/shops/ \u001b[31m500\u001b[0m 8.236 ms - 67\u001b[0m","timestamp":"2026-07-08T17:25:30.059Z"}
{"level":"error","message":"POST /api/shops/ -> 500 next is not a function","stack":"TypeError: next is not a function\n    at model.<anonymous> (file:///D:/Amit/A%20Developer/2026%20product/full%20stack%20project/E-commerce%20app/backend/modules/shop/models/shop.model.js:98:3)\n    at Kareem.execPre (D:\\Amit\\A Developer\\2026 product\\full stack project\\E-commerce app\\node_modules\\kareem\\index.js:59:39)\n    at model._execDocumentPreHooks (D:\\Amit\\A Developer\\2026 product\\full stack project\\E-commerce app\\node_modules\\mongoose\\lib\\document.js:3210:29)\n    at model.validate (D:\\Amit\\A Developer\\2026 product\\full stack project\\E-commerce app\\node_modules\\mongoose\\lib\\document.js:2702:30)\n    at model.$__save (D:\\Amit\\A Developer\\2026 product\\full stack project\\E-commerce app\\node_modules\\mongoose\\lib\\model.js:399:18)\n    at maybeTracedSave (D:\\Amit\\A Developer\\2026 product\\full stack project\\E-commerce app\\node_modules\\mongoose\\lib\\model.js:675:19)\n    at trace (D:\\Amit\\A Developer\\2026 product\\full stack project\\E-commerce app\\node_modules\\mongoose\\lib\\tracing.js:25:14)\n    at model.save (D:\\Amit\\A Developer\\2026 product\\full stack project\\E-commerce app\\node_modules\\mongoose\\lib\\model.js:673:10)\n    at model.create (D:\\Amit\\A Developer\\2026 product\\full stack project\\E-commerce app\\node_modules\\mongoose\\lib\\model.js:2763:18)\n    at createShop (file:///D:/Amit/A%20Developer/2026%20product/full%20stack%20project/E-commerce%20app/backend/modules/shop/controllers/create/shop.create.controller.js:29:29)","timestamp":"2026-07-08T17:26:31.331Z"}
{"level":"http","message":"\u001b[0mPOST /api/shops/ \u001b[31m500\u001b[0m 5.018 ms - 67\u001b[0m","timestamp":"2026-07-08T17:26:31.333Z"}
{"level":"info","message":"Starting server on port 3008...","timestamp":"2026-07-08T17:26:47.481Z"}
{"level":"info","message":"Socket.io initialized","timestamp":"2026-07-08T17:26:47.499Z"}
{"level":"info","message":"Server running on port 3008","timestamp":"2026-07-08T17:26:47.501Z"}
{"level":"info","message":"MongoDB Connected: 127.0.0.1","timestamp":"2026-07-08T17:26:47.518Z"}
{"level":"http","message":"\u001b[0mPOST /api/shops/ \u001b[32m201\u001b[0m 47.687 ms - 1097\u001b[0m","timestamp":"2026-07-08T17:26:55.115Z"}
{"level":"http","message":"\u001b[0mPOST /api/auth/role \u001b[33m404\u001b[0m 0.587 ms - 29\u001b[0m","timestamp":"2026-07-08T17:32:06.687Z"}
{"level":"http","message":"\u001b[0mPUT /api/auth/role \u001b[33m404\u001b[0m 0.486 ms - 29\u001b[0m","timestamp":"2026-07-08T17:32:19.596Z"}
{"level":"info","message":"Starting server on port 3008...","timestamp":"2026-07-08T17:32:24.026Z"}
{"level":"info","message":"Socket.io initialized","timestamp":"2026-07-08T17:32:24.044Z"}
{"level":"info","message":"Server running on port 3008","timestamp":"2026-07-08T17:32:24.046Z"}
{"level":"info","message":"MongoDB Connected: 127.0.0.1","timestamp":"2026-07-08T17:32:24.067Z"}
{"level":"error","message":"PUT /api/auth/role -> 500 Cannot destructure property 'role' of 'req.body' as it is undefined.","stack":"TypeError: Cannot destructure property 'role' of 'req.body' as it is undefined.\n    at updateMyRole (file:///D:/Amit/A%20Developer/2026%20product/full%20stack%20project/E-commerce%20app/backend/modules/auth/auth.controller.js:172:13)\n    at Layer.handleRequest (D:\\Amit\\A Developer\\2026 product\\full stack project\\E-commerce app\\node_modules\\router\\lib\\layer.js:152:17)\n    at next (D:\\Amit\\A Developer\\2026 product\\full stack project\\E-commerce app\\node_modules\\router\\lib\\route.js:157:13)\n    at protect (file:///D:/Amit/A%20Developer/2026%20product/full%20stack%20project/E-commerce%20app/backend/middleware/authMiddleware.js:38:12)\n    at process.processTicksAndRejections (node:internal/process/task_queues:104:5)","timestamp":"2026-07-08T17:32:28.468Z"}
{"level":"http","message":"\u001b[0mPUT /api/auth/role \u001b[31m500\u001b[0m 14.322 ms - 113\u001b[0m","timestamp":"2026-07-08T17:32:28.472Z"}
{"level":"error","message":"PUT /api/auth/role -> 500 Cannot destructure property 'role' of 'req.body' as it is undefined.","stack":"TypeError: Cannot destructure property 'role' of 'req.body' as it is undefined.\n    at updateMyRole (file:///D:/Amit/A%20Developer/2026%20product/full%20stack%20project/E-commerce%20app/backend/modules/auth/auth.controller.js:172:13)\n    at Layer.handleRequest (D:\\Amit\\A Developer\\2026 product\\full stack project\\E-commerce app\\node_modules\\router\\lib\\layer.js:152:17)\n    at next (D:\\Amit\\A Developer\\2026 product\\full stack project\\E-commerce app\\node_modules\\router\\lib\\route.js:157:13)\n    at protect (file:///D:/Amit/A%20Developer/2026%20product/full%20stack%20project/E-commerce%20app/backend/middleware/authMiddleware.js:38:12)\n    at process.processTicksAndRejections (node:internal/process/task_queues:104:5)","timestamp":"2026-07-08T17:35:01.357Z"}
{"level":"http","message":"\u001b[0mPUT /api/auth/role \u001b[31m500\u001b[0m 7.782 ms - 113\u001b[0m","timestamp":"2026-07-08T17:35:01.358Z"}
{"level":"info","message":"Starting server on port 3008...","timestamp":"2026-07-08T17:35:14.288Z"}
{"level":"info","message":"Socket.io initialized","timestamp":"2026-07-08T17:35:14.306Z"}
{"level":"info","message":"Server running on port 3008","timestamp":"2026-07-08T17:35:14.308Z"}
{"level":"info","message":"MongoDB Connected: 127.0.0.1","timestamp":"2026-07-08T17:35:14.331Z"}
{"level":"error","message":"PUT /api/auth/role -> 500 Cannot destructure property 'role' of 'req.body' as it is undefined.","stack":"TypeError: Cannot destructure property 'role' of 'req.body' as it is undefined.\n    at updateMyRole (file:///D:/Amit/A%20Developer/2026%20product/full%20stack%20project/E-commerce%20app/backend/modules/auth/auth.controller.js:172:13)\n    at Layer.handleRequest (D:\\Amit\\A Developer\\2026 product\\full stack project\\E-commerce app\\node_modules\\router\\lib\\layer.js:152:17)\n    at next (D:\\Amit\\A Developer\\2026 product\\full stack project\\E-commerce app\\node_modules\\router\\lib\\route.js:157:13)\n    at protect (file:///D:/Amit/A%20Developer/2026%20product/full%20stack%20project/E-commerce%20app/backend/middleware/authMiddleware.js:38:12)\n    at process.processTicksAndRejections (node:internal/process/task_queues:104:5)","timestamp":"2026-07-08T17:35:18.708Z"}
{"level":"http","message":"\u001b[0mPUT /api/auth/role \u001b[31m500\u001b[0m 15.803 ms - 113\u001b[0m","timestamp":"2026-07-08T17:35:18.712Z"}
{"level":"error","message":"PUT /api/auth/role -> 500 Cannot destructure property 'role' of 'req.body' as it is undefined.","stack":"TypeError: Cannot destructure property 'role' of 'req.body' as it is undefined.\n    at updateMyRole (file:///D:/Amit/A%20Developer/2026%20product/full%20stack%20project/E-commerce%20app/backend/modules/auth/auth.controller.js:172:13)\n    at Layer.handleRequest (D:\\Amit\\A Developer\\2026 product\\full stack project\\E-commerce app\\node_modules\\router\\lib\\layer.js:152:17)\n    at next (D:\\Amit\\A Developer\\2026 product\\full stack project\\E-commerce app\\node_modules\\router\\lib\\route.js:157:13)\n    at protect (file:///D:/Amit/A%20Developer/2026%20product/full%20stack%20project/E-commerce%20app/backend/middleware/authMiddleware.js:38:12)\n    at process.processTicksAndRejections (node:internal/process/task_queues:104:5)","timestamp":"2026-07-08T17:36:46.727Z"}
{"level":"http","message":"\u001b[0mPUT /api/auth/role \u001b[31m500\u001b[0m 4.723 ms - 113\u001b[0m","timestamp":"2026-07-08T17:36:46.729Z"}
{"level":"error","message":"PUT /api/auth/role -> 500 Cannot destructure property 'role' of 'req.body' as it is undefined.","stack":"TypeError: Cannot destructure property 'role' of 'req.body' as it is undefined.\n    at updateMyRole (file:///D:/Amit/A%20Developer/2026%20product/full%20stack%20project/E-commerce%20app/backend/modules/auth/auth.controller.js:172:13)\n    at Layer.handleRequest (D:\\Amit\\A Developer\\2026 product\\full stack project\\E-commerce app\\node_modules\\router\\lib\\layer.js:152:17)\n    at next (D:\\Amit\\A Developer\\2026 product\\full stack project\\E-commerce app\\node_modules\\router\\lib\\route.js:157:13)\n    at protect (file:///D:/Amit/A%20Developer/2026%20product/full%20stack%20project/E-commerce%20app/backend/middleware/authMiddleware.js:38:12)\n    at process.processTicksAndRejections (node:internal/process/task_queues:104:5)","timestamp":"2026-07-08T17:37:17.383Z"}
{"level":"http","message":"\u001b[0mPUT /api/auth/role \u001b[31m500\u001b[0m 3.931 ms - 113\u001b[0m","timestamp":"2026-07-08T17:37:17.384Z"}
{"level":"info","message":"Starting server on port 3008...","timestamp":"2026-07-08T17:39:06.546Z"}
{"level":"info","message":"Socket.io initialized","timestamp":"2026-07-08T17:39:06.563Z"}
{"level":"info","message":"Server running on port 3008","timestamp":"2026-07-08T17:39:06.566Z"}
{"level":"info","message":"MongoDB Connected: 127.0.0.1","timestamp":"2026-07-08T17:39:06.583Z"}
{"level":"error","message":"PUT /api/auth/role -> 500 Cannot destructure property 'role' of 'req.body' as it is undefined.","stack":"TypeError: Cannot destructure property 'role' of 'req.body' as it is undefined.\n    at updateMyRole (file:///D:/Amit/A%20Developer/2026%20product/full%20stack%20project/E-commerce%20app/backend/modules/auth/auth.controller.js:174:13)\n    at Layer.handleRequest (D:\\Amit\\A Developer\\2026 product\\full stack project\\E-commerce app\\node_modules\\router\\lib\\layer.js:152:17)\n    at next (D:\\Amit\\A Developer\\2026 product\\full stack project\\E-commerce app\\node_modules\\router\\lib\\route.js:157:13)\n    at protect (file:///D:/Amit/A%20Developer/2026%20product/full%20stack%20project/E-commerce%20app/backend/middleware/authMiddleware.js:38:12)\n    at process.processTicksAndRejections (node:internal/process/task_queues:104:5)","timestamp":"2026-07-08T17:39:07.546Z"}
{"level":"http","message":"\u001b[0mPUT /api/auth/role \u001b[31m500\u001b[0m 16.261 ms - 113\u001b[0m","timestamp":"2026-07-08T17:39:07.550Z"}
{"level":"error","message":"PUT /api/auth/role -> 500 Cannot destructure property 'role' of 'req.body' as it is undefined.","stack":"TypeError: Cannot destructure property 'role' of 'req.body' as it is undefined.\n    at updateMyRole (file:///D:/Amit/A%20Developer/2026%20product/full%20stack%20project/E-commerce%20app/backend/modules/auth/auth.controller.js:174:13)\n    at Layer.handleRequest (D:\\Amit\\A Developer\\2026 product\\full stack project\\E-commerce app\\node_modules\\router\\lib\\layer.js:152:17)\n    at next (D:\\Amit\\A Developer\\2026 product\\full stack project\\E-commerce app\\node_modules\\router\\lib\\route.js:157:13)\n    at protect (file:///D:/Amit/A%20Developer/2026%20product/full%20stack%20project/E-commerce%20app/backend/middleware/authMiddleware.js:38:12)\n    at process.processTicksAndRejections (node:internal/process/task_queues:104:5)","timestamp":"2026-07-08T17:39:47.214Z"}
{"level":"http","message":"\u001b[0mPUT /api/auth/role \u001b[31m500\u001b[0m 5.328 ms - 113\u001b[0m","timestamp":"2026-07-08T17:39:47.215Z"}
{"level":"error","message":"PUT /api/auth/role -> 500 Cannot destructure property 'role' of 'req.body' as it is undefined.","stack":"TypeError: Cannot destructure property 'role' of 'req.body' as it is undefined.\n    at updateMyRole (file:///D:/Amit/A%20Developer/2026%20product/full%20stack%20project/E-commerce%20app/backend/modules/auth/auth.controller.js:174:13)\n    at Layer.handleRequest (D:\\Amit\\A Developer\\2026 product\\full stack project\\E-commerce app\\node_modules\\router\\lib\\layer.js:152:17)\n    at next (D:\\Amit\\A Developer\\2026 product\\full stack project\\E-commerce app\\node_modules\\router\\lib\\route.js:157:13)\n    at protect (file:///D:/Amit/A%20Developer/2026%20product/full%20stack%20project/E-commerce%20app/backend/middleware/authMiddleware.js:38:12)\n    at process.processTicksAndRejections (node:internal/process/task_queues:104:5)","timestamp":"2026-07-08T17:39:53.385Z"}
{"level":"http","message":"\u001b[0mPUT /api/auth/role \u001b[31m500\u001b[0m 3.017 ms - 113\u001b[0m","timestamp":"2026-07-08T17:39:53.386Z"}
{"level":"error","message":"PUT /api/auth/role -> 500 Cannot destructure property 'role' of 'req.body' as it is undefined.","stack":"TypeError: Cannot destructure property 'role' of 'req.body' as it is undefined.\n    at updateMyRole (file:///D:/Amit/A%20Developer/2026%20product/full%20stack%20project/E-commerce%20app/backend/modules/auth/auth.controller.js:174:13)\n    at Layer.handleRequest (D:\\Amit\\A Developer\\2026 product\\full stack project\\E-commerce app\\node_modules\\router\\lib\\layer.js:152:17)\n    at next (D:\\Amit\\A Developer\\2026 product\\full stack project\\E-commerce app\\node_modules\\router\\lib\\route.js:157:13)\n    at protect (file:///D:/Amit/A%20Developer/2026%20product/full%20stack%20project/E-commerce%20app/backend/middleware/authMiddleware.js:38:12)\n    at process.processTicksAndRejections (node:internal/process/task_queues:104:5)","timestamp":"2026-07-08T17:40:15.331Z"}
{"level":"http","message":"\u001b[0mPUT /api/auth/role \u001b[31m500\u001b[0m 3.503 ms - 113\u001b[0m","timestamp":"2026-07-08T17:40:15.332Z"}
{"level":"error","message":"PUT /api/auth/role -> 500 Cannot destructure property 'role' of 'req.body' as it is undefined.","stack":"TypeError: Cannot destructure property 'role' of 'req.body' as it is undefined.\n    at updateMyRole (file:///D:/Amit/A%20Developer/2026%20product/full%20stack%20project/E-commerce%20app/backend/modules/auth/auth.controller.js:174:13)\n    at Layer.handleRequest (D:\\Amit\\A Developer\\2026 product\\full stack project\\E-commerce app\\node_modules\\router\\lib\\layer.js:152:17)\n    at next (D:\\Amit\\A Developer\\2026 product\\full stack project\\E-commerce app\\node_modules\\router\\lib\\route.js:157:13)\n    at protect (file:///D:/Amit/A%20Developer/2026%20product/full%20stack%20project/E-commerce%20app/backend/middleware/authMiddleware.js:38:12)\n    at process.processTicksAndRejections (node:internal/process/task_queues:104:5)","timestamp":"2026-07-08T17:40:26.148Z"}
{"level":"http","message":"\u001b[0mPUT /api/auth/role \u001b[31m500\u001b[0m 3.403 ms - 113\u001b[0m","timestamp":"2026-07-08T17:40:26.149Z"}
{"level":"http","message":"\u001b[0mPUT /api/auth/role \u001b[32m200\u001b[0m 23.872 ms - 54\u001b[0m","timestamp":"2026-07-08T17:40:35.540Z"}
{"level":"http","message":"\u001b[0mPUT /api/auth/role \u001b[32m200\u001b[0m 6.361 ms - 55\u001b[0m","timestamp":"2026-07-08T17:41:50.657Z"}
{"level":"http","message":"\u001b[0mPUT /api/auth/role \u001b[32m200\u001b[0m 6.393 ms - 54\u001b[0m","timestamp":"2026-07-08T17:42:01.096Z"}
{"level":"http","message":"\u001b[0mPUT /api/auth/role \u001b[32m200\u001b[0m 5.585 ms - 55\u001b[0m","timestamp":"2026-07-08T17:42:14.560Z"}
{"level":"http","message":"\u001b[0mPUT /api/auth/updateMe \u001b[33m404\u001b[0m 1.051 ms - 29\u001b[0m","timestamp":"2026-07-08T17:48:43.641Z"}
{"level":"info","message":"Starting server on port 3008...","timestamp":"2026-07-08T17:48:59.293Z"}
{"level":"info","message":"Socket.io initialized","timestamp":"2026-07-08T17:48:59.310Z"}
{"level":"info","message":"Server running on port 3008","timestamp":"2026-07-08T17:48:59.312Z"}
{"level":"info","message":"MongoDB Connected: 127.0.0.1","timestamp":"2026-07-08T17:48:59.329Z"}
{"level":"http","message":"\u001b[0mPUT /api/auth/updateMe \u001b[32m200\u001b[0m 32.451 ms - 118\u001b[0m","timestamp":"2026-07-08T17:49:02.341Z"}
{"level":"http","message":"\u001b[0mPUT /api/auth/updateMe \u001b[32m200\u001b[0m 9.311 ms - 118\u001b[0m","timestamp":"2026-07-08T17:49:19.848Z"}
{"level":"warn","message":"GET /api/admin/dashboard -> 403 Role 'seller' is not allowed to access this resource","timestamp":"2026-07-08T17:51:18.067Z"}
{"level":"http","message":"\u001b[0mGET /api/admin/dashboard \u001b[33m403\u001b[0m 4.930 ms - 66\u001b[0m","timestamp":"2026-07-08T17:51:18.068Z"}
{"level":"warn","message":"PUT /api/auth/role -> 400 Invalid role","timestamp":"2026-07-08T17:51:32.732Z"}
{"level":"http","message":"\u001b[0mPUT /api/auth/role \u001b[33m400\u001b[0m 3.204 ms - 26\u001b[0m","timestamp":"2026-07-08T17:51:32.733Z"}
{"level":"info","message":"Starting server on port 3008...","timestamp":"2026-07-08T17:51:43.036Z"}
{"level":"info","message":"Socket.io initialized","timestamp":"2026-07-08T17:51:43.054Z"}
{"level":"info","message":"Server running on port 3008","timestamp":"2026-07-08T17:51:43.057Z"}
{"level":"info","message":"MongoDB Connected: 127.0.0.1","timestamp":"2026-07-08T17:51:43.075Z"}
{"level":"warn","message":"PUT /api/auth/role -> 400 Invalid role","timestamp":"2026-07-08T17:51:44.686Z"}
{"level":"http","message":"\u001b[0mPUT /api/auth/role \u001b[33m400\u001b[0m 24.294 ms - 26\u001b[0m","timestamp":"2026-07-08T17:51:44.691Z"}
{"level":"http","message":"\u001b[0mGET /api/admin/dashboard \u001b[32m200\u001b[0m 46.205 ms - 184\u001b[0m","timestamp":"2026-07-08T17:53:14.624Z"}
{"level":"http","message":"\u001b[0mPOST /api/auth/register \u001b[32m201\u001b[0m 76.512 ms - 99\u001b[0m","timestamp":"2026-07-08T17:54:36.780Z"}
{"level":"http","message":"\u001b[0mPOST /api/auth/register \u001b[32m201\u001b[0m 63.958 ms - 99\u001b[0m","timestamp":"2026-07-08T17:54:46.417Z"}
{"level":"warn","message":"POST /api/auth/register -> 400 User with this email already exists","timestamp":"2026-07-08T17:55:14.038Z"}
{"level":"http","message":"\u001b[0mPOST /api/auth/register \u001b[33m400\u001b[0m 2.307 ms - 49\u001b[0m","timestamp":"2026-07-08T17:55:14.039Z"}
{"level":"http","message":"\u001b[0mPOST /api/auth/register \u001b[32m201\u001b[0m 65.672 ms - 98\u001b[0m","timestamp":"2026-07-08T17:55:24.664Z"}
{"level":"warn","message":"GET /api/admin/dashboard -> 403 Role 'buyer' is not allowed to access this resource","timestamp":"2026-07-08T17:55:32.907Z"}
{"level":"http","message":"\u001b[0mGET /api/admin/dashboard \u001b[33m403\u001b[0m 4.045 ms - 65\u001b[0m","timestamp":"2026-07-08T17:55:32.908Z"}
{"level":"http","message":"\u001b[0mPOST /api/auth/login \u001b[32m200\u001b[0m 62.911 ms - 130\u001b[0m","timestamp":"2026-07-08T17:55:41.627Z"}
{"level":"http","message":"\u001b[0mGET /api/admin/dashboard \u001b[32m200\u001b[0m 7.613 ms - 184\u001b[0m","timestamp":"2026-07-08T17:55:47.377Z"}
{"level":"http","message":"\u001b[0mPOST /api/auth/login \u001b[32m200\u001b[0m 64.540 ms - 110\u001b[0m","timestamp":"2026-07-08T17:56:17.678Z"}
{"level":"warn","message":"POST /api/shops/ -> 400 This shop URL is already taken, please choose another","timestamp":"2026-07-08T17:57:03.598Z"}
{"level":"http","message":"\u001b[0mPOST /api/shops/ \u001b[33m400\u001b[0m 7.709 ms - 67\u001b[0m","timestamp":"2026-07-08T17:57:03.598Z"}
{"level":"http","message":"\u001b[0mPOST /api/shops/ \u001b[32m201\u001b[0m 13.608 ms - 1114\u001b[0m","timestamp":"2026-07-08T17:57:25.077Z"}
{"level":"warn","message":"GET /api/admin/dashboard -> 403 Role 'seller' is not allowed to access this resource","timestamp":"2026-07-08T17:57:33.029Z"}
{"level":"http","message":"\u001b[0mGET /api/admin/dashboard \u001b[33m403\u001b[0m 3.482 ms - 66\u001b[0m","timestamp":"2026-07-08T17:57:33.030Z"}
{"level":"http","message":"\u001b[0mPOST /api/auth/login \u001b[32m200\u001b[0m 62.100 ms - 130\u001b[0m","timestamp":"2026-07-08T17:57:40.195Z"}
{"level":"http","message":"\u001b[0mGET /api/admin/dashboard \u001b[32m200\u001b[0m 7.545 ms - 184\u001b[0m","timestamp":"2026-07-08T17:57:43.429Z"}
{"level":"error","message":"POST /api/auth/login -> 500 Expected double-quoted property name in JSON at position 61 (line 4 column 1)","stack":"SyntaxError: Expected double-quoted property name in JSON at position 61 (line 4 column 1)\n    at JSON.parse (<anonymous>)\n    at parse (D:\\Amit\\A Developer\\2026 product\\full stack project\\E-commerce app\\node_modules\\body-parser\\lib\\types\\json.js:91:21)\n    at D:\\Amit\\A Developer\\2026 product\\full stack project\\E-commerce app\\node_modules\\body-parser\\lib\\read.js:162:18\n    at AsyncResource.runInAsyncScope (node:async_hooks:226:14)\n    at invokeCallback (D:\\Amit\\A Developer\\2026 product\\full stack project\\E-commerce app\\node_modules\\raw-body\\index.js:238:16)\n    at done (D:\\Amit\\A Developer\\2026 product\\full stack project\\E-commerce app\\node_modules\\raw-body\\index.js:227:7)\n    at IncomingMessage.onEnd (D:\\Amit\\A Developer\\2026 product\\full stack project\\E-commerce app\\node_modules\\raw-body\\index.js:287:7)\n    at IncomingMessage.emit (node:events:509:20)\n    at endReadableNT (node:internal/streams/readable:1746:12)\n    at process.processTicksAndRejections (node:internal/process/task_queues:90:21)","timestamp":"2026-07-08T17:58:07.797Z"}
{"level":"http","message":"\u001b[0mPOST /api/auth/login \u001b[31m500\u001b[0m 1.518 ms - 122\u001b[0m","timestamp":"2026-07-08T17:58:07.798Z"}
{"level":"http","message":"\u001b[0mPOST /api/auth/login \u001b[32m200\u001b[0m 62.272 ms - 133\u001b[0m","timestamp":"2026-07-08T17:58:12.371Z"}
{"level":"error","message":"POST /api/products/ -> 500 Cast to ObjectId failed for value \"Groceries\" (type string) at path \"_id\" for model \"Category\"","stack":"CastError: Cast to ObjectId failed for value \"Groceries\" (type string) at path \"_id\" for model \"Category\"\n    at SchemaObjectId.cast (D:\\Amit\\A Developer\\2026 product\\full stack project\\E-commerce app\\node_modules\\mongoose\\lib\\schema\\objectId.js:252:11)\n    at SchemaType.applySetters (D:\\Amit\\A Developer\\2026 product\\full stack project\\E-commerce app\\node_modules\\mongoose\\lib\\schemaType.js:1373:12)\n    at SchemaType.castForQuery (D:\\Amit\\A Developer\\2026 product\\full stack project\\E-commerce app\\node_modules\\mongoose\\lib\\schemaType.js:1793:17)\n    at cast (D:\\Amit\\A Developer\\2026 product\\full stack project\\E-commerce app\\node_modules\\mongoose\\lib\\cast.js:386:32)\n    at Query.cast (D:\\Amit\\A Developer\\2026 product\\full stack project\\E-commerce app\\node_modules\\mongoose\\lib\\query.js:5228:12)\n    at Query._castConditions (D:\\Amit\\A Developer\\2026 product\\full stack project\\E-commerce app\\node_modules\\mongoose\\lib\\query.js:2411:10)\n    at model.Query._findOne (D:\\Amit\\A Developer\\2026 product\\full stack project\\E-commerce app\\node_modules\\mongoose\\lib\\query.js:2758:8)\n    at maybeTracedQueryExec (D:\\Amit\\A Developer\\2026 product\\full stack project\\E-commerce app\\node_modules\\mongoose\\lib\\query.js:4801:83)\n    at process.processTicksAndRejections (node:internal/process/task_queues:104:5)\n    at async createProduct (file:///D:/Amit/A%20Developer/2026%20product/full%20stack%20project/E-commerce%20app/backend/modules/product/controllers/product.create.controller.js:22:28)","timestamp":"2026-07-08T17:58:25.121Z"}
{"level":"http","message":"\u001b[0mPOST /api/products/ \u001b[31m500\u001b[0m 5.399 ms - 145\u001b[0m","timestamp":"2026-07-08T17:58:25.122Z"}
{"level":"error","message":"POST /api/products/ -> 500 Cast to ObjectId failed for value \"Groceries\" (type string) at path \"_id\" for model \"Category\"","stack":"CastError: Cast to ObjectId failed for value \"Groceries\" (type string) at path \"_id\" for model \"Category\"\n    at SchemaObjectId.cast (D:\\Amit\\A Developer\\2026 product\\full stack project\\E-commerce app\\node_modules\\mongoose\\lib\\schema\\objectId.js:252:11)\n    at SchemaType.applySetters (D:\\Amit\\A Developer\\2026 product\\full stack project\\E-commerce app\\node_modules\\mongoose\\lib\\schemaType.js:1373:12)\n    at SchemaType.castForQuery (D:\\Amit\\A Developer\\2026 product\\full stack project\\E-commerce app\\node_modules\\mongoose\\lib\\schemaType.js:1793:17)\n    at cast (D:\\Amit\\A Developer\\2026 product\\full stack project\\E-commerce app\\node_modules\\mongoose\\lib\\cast.js:386:32)\n    at Query.cast (D:\\Amit\\A Developer\\2026 product\\full stack project\\E-commerce app\\node_modules\\mongoose\\lib\\query.js:5228:12)\n    at Query._castConditions (D:\\Amit\\A Developer\\2026 product\\full stack project\\E-commerce app\\node_modules\\mongoose\\lib\\query.js:2411:10)\n    at model.Query._findOne (D:\\Amit\\A Developer\\2026 product\\full stack project\\E-commerce app\\node_modules\\mongoose\\lib\\query.js:2758:8)\n    at maybeTracedQueryExec (D:\\Amit\\A Developer\\2026 product\\full stack project\\E-commerce app\\node_modules\\mongoose\\lib\\query.js:4801:83)\n    at process.processTicksAndRejections (node:internal/process/task_queues:104:5)\n    at async createProduct (file:///D:/Amit/A%20Developer/2026%20product/full%20stack%20project/E-commerce%20app/backend/modules/product/controllers/product.create.controller.js:22:28)","timestamp":"2026-07-08T18:02:05.178Z"}
{"level":"info","message":"Starting server on port 3008...","timestamp":"2026-07-08T18:02:30.696Z"}
{"level":"info","message":"Socket.io initialized","timestamp":"2026-07-08T18:02:30.713Z"}
{"level":"info","message":"Server running on port 3008","timestamp":"2026-07-08T18:02:30.716Z"}
{"level":"info","message":"MongoDB Connected: 127.0.0.1","timestamp":"2026-07-08T18:02:30.740Z"}
{"level":"warn","message":"POST /api/products/ -> 400 Invalid category","timestamp":"2026-07-08T18:02:33.383Z"}
{"level":"http","message":"\u001b[0mPOST /api/products/ \u001b[33m400\u001b[0m 34.331 ms - 30\u001b[0m","timestamp":"2026-07-08T18:02:33.388Z"}
{"level":"warn","message":"POST /api/products/ -> 400 Invalid category","timestamp":"2026-07-08T18:03:41.748Z"}
{"level":"http","message":"\u001b[0mPOST /api/products/ \u001b[33m400\u001b[0m 7.506 ms - 30\u001b[0m","timestamp":"2026-07-08T18:03:41.749Z"}
{"level":"warn","message":"POST /api/products/ -> 400 Invalid category","timestamp":"2026-07-08T18:03:48.805Z"}
{"level":"http","message":"\u001b[0mPOST /api/products/ \u001b[33m400\u001b[0m 8.013 ms - 30\u001b[0m","timestamp":"2026-07-08T18:03:48.807Z"}
{"level":"http","message":"\u001b[0mPOST /api/categories/create \u001b[33m404\u001b[0m 0.697 ms - 29\u001b[0m","timestamp":"2026-07-08T18:07:45.617Z"}
{"level":"info","message":"Starting server on port 3008...","timestamp":"2026-07-08T18:07:56.220Z"}
{"level":"info","message":"Socket.io initialized","timestamp":"2026-07-08T18:07:56.238Z"}
{"level":"info","message":"Server running on port 3008","timestamp":"2026-07-08T18:07:56.240Z"}
{"level":"info","message":"MongoDB Connected: 127.0.0.1","timestamp":"2026-07-08T18:07:56.264Z"}
{"level":"warn","message":"POST /api/categories/create -> 403 Role 'seller' is not allowed to access this resource","timestamp":"2026-07-08T18:07:58.449Z"}
{"level":"http","message":"\u001b[0mPOST /api/categories/create \u001b[33m403\u001b[0m 24.081 ms - 66\u001b[0m","timestamp":"2026-07-08T18:07:58.453Z"}
{"level":"http","message":"\u001b[0mPOST /api/auth/login \u001b[32m200\u001b[0m 69.195 ms - 130\u001b[0m","timestamp":"2026-07-08T18:08:18.953Z"}
{"level":"error","message":"POST /api/categories/create -> 500 next is not a function","stack":"TypeError: next is not a function\n    at model.<anonymous> (file:///D:/Amit/A%20Developer/2026%20product/full%20stack%20project/E-commerce%20app/backend/modules/product/models/category.model.js:34:3)\n    at Kareem.execPre (D:\\Amit\\A Developer\\2026 product\\full stack project\\E-commerce app\\node_modules\\kareem\\index.js:59:39)\n    at model._execDocumentPreHooks (D:\\Amit\\A Developer\\2026 product\\full stack project\\E-commerce app\\node_modules\\mongoose\\lib\\document.js:3210:29)\n    at model.validate (D:\\Amit\\A Developer\\2026 product\\full stack project\\E-commerce app\\node_modules\\mongoose\\lib\\document.js:2702:30)\n    at model.$__save (D:\\Amit\\A Developer\\2026 product\\full stack project\\E-commerce app\\node_modules\\mongoose\\lib\\model.js:399:18)\n    at maybeTracedSave (D:\\Amit\\A Developer\\2026 product\\full stack project\\E-commerce app\\node_modules\\mongoose\\lib\\model.js:675:19)\n    at trace (D:\\Amit\\A Developer\\2026 product\\full stack project\\E-commerce app\\node_modules\\mongoose\\lib\\tracing.js:25:14)\n    at model.save (D:\\Amit\\A Developer\\2026 product\\full stack project\\E-commerce app\\node_modules\\mongoose\\lib\\model.js:673:10)\n    at model.create (D:\\Amit\\A Developer\\2026 product\\full stack project\\E-commerce app\\node_modules\\mongoose\\lib\\model.js:2763:18)\n    at createCategory (file:///D:/Amit/A%20Developer/2026%20product/full%20stack%20project/E-commerce%20app/backend/modules/product/controllers/Category-controller/category.controller.js:23:37)","timestamp":"2026-07-08T18:08:24.471Z"}
{"level":"http","message":"\u001b[0mPOST /api/categories/create \u001b[31m500\u001b[0m 8.678 ms - 67\u001b[0m","timestamp":"2026-07-08T18:08:24.473Z"}
{"level":"error","message":"POST /api/categories/create -> 500 next is not a function","stack":"TypeError: next is not a function\n    at model.<anonymous> (file:///D:/Amit/A%20Developer/2026%20product/full%20stack%20project/E-commerce%20app/backend/modules/product/models/category.model.js:34:3)\n    at Kareem.execPre (D:\\Amit\\A Developer\\2026 product\\full stack project\\E-commerce app\\node_modules\\kareem\\index.js:59:39)\n    at model._execDocumentPreHooks (D:\\Amit\\A Developer\\2026 product\\full stack project\\E-commerce app\\node_modules\\mongoose\\lib\\document.js:3210:29)\n    at model.validate (D:\\Amit\\A Developer\\2026 product\\full stack project\\E-commerce app\\node_modules\\mongoose\\lib\\document.js:2702:30)\n    at model.$__save (D:\\Amit\\A Developer\\2026 product\\full stack project\\E-commerce app\\node_modules\\mongoose\\lib\\model.js:399:18)\n    at maybeTracedSave (D:\\Amit\\A Developer\\2026 product\\full stack project\\E-commerce app\\node_modules\\mongoose\\lib\\model.js:675:19)\n    at trace (D:\\Amit\\A Developer\\2026 product\\full stack project\\E-commerce app\\node_modules\\mongoose\\lib\\tracing.js:25:14)\n    at model.save (D:\\Amit\\A Developer\\2026 product\\full stack project\\E-commerce app\\node_modules\\mongoose\\lib\\model.js:673:10)\n    at model.create (D:\\Amit\\A Developer\\2026 product\\full stack project\\E-commerce app\\node_modules\\mongoose\\lib\\model.js:2763:18)\n    at createCategory (file:///D:/Amit/A%20Developer/2026%20product/full%20stack%20project/E-commerce%20app/backend/modules/product/controllers/Category-controller/category.controller.js:23:37)","timestamp":"2026-07-08T18:09:11.639Z"}
{"level":"http","message":"\u001b[0mPOST /api/categories/create \u001b[31m500\u001b[0m 7.568 ms - 67\u001b[0m","timestamp":"2026-07-08T18:09:11.640Z"}
{"level":"info","message":"Starting server on port 3008...","timestamp":"2026-07-08T18:09:18.119Z"}
{"level":"info","message":"Socket.io initialized","timestamp":"2026-07-08T18:09:18.141Z"}
{"level":"info","message":"Server running on port 3008","timestamp":"2026-07-08T18:09:18.145Z"}
{"level":"info","message":"MongoDB Connected: 127.0.0.1","timestamp":"2026-07-08T18:09:18.167Z"}
{"level":"http","message":"\u001b[0mPOST /api/categories/create \u001b[32m201\u001b[0m 41.734 ms - 249\u001b[0m","timestamp":"2026-07-08T18:09:19.694Z"}
{"level":"http","message":"\u001b[0mPOST /api/categories/create \u001b[32m201\u001b[0m 5.733 ms - 199\u001b[0m","timestamp":"2026-07-08T18:09:43.940Z"}
{"level":"http","message":"\u001b[0mPOST /api/auth/login \u001b[32m200\u001b[0m 68.119 ms - 133\u001b[0m","timestamp":"2026-07-08T18:10:00.385Z"}
{"level":"http","message":"\u001b[0mPOST /api/products/ \u001b[32m201\u001b[0m 24.466 ms - 453\u001b[0m","timestamp":"2026-07-08T18:10:05.804Z"}
{"level":"http","message":"\u001b[0mPOST /api/auth/login \u001b[32m200\u001b[0m 64.172 ms - 130\u001b[0m","timestamp":"2026-07-08T18:10:23.017Z"}
{"level":"http","message":"\u001b[0mGET /api/admin/dashboard \u001b[32m200\u001b[0m 16.116 ms - 184\u001b[0m","timestamp":"2026-07-08T18:10:33.018Z"}
{"level":"info","message":"Starting server on port 3008...","timestamp":"2026-07-09T03:23:26.890Z"}
{"level":"info","message":"Socket.io initialized","timestamp":"2026-07-09T03:23:26.909Z"}
{"level":"info","message":"Server running on port 3008 (HTTP + WebSocket)","timestamp":"2026-07-09T03:23:26.912Z"}
{"level":"info","message":"MongoDB Connected: 127.0.0.1","timestamp":"2026-07-09T03:23:26.943Z"}
{"level":"info","message":"Starting server on port 3008...","timestamp":"2026-07-09T03:48:46.742Z"}
{"level":"info","message":"Socket.io initialized","timestamp":"2026-07-09T03:48:46.758Z"}
{"level":"info","message":"Server running on port 3008 (HTTP + WebSocket)","timestamp":"2026-07-09T03:48:46.762Z"}
{"level":"info","message":"MongoDB Connected: 127.0.0.1","timestamp":"2026-07-09T03:48:46.778Z"}
{"level":"info","message":"Starting server on port 3008...","timestamp":"2026-07-09T11:17:13.910Z"}
{"level":"info","message":"Socket.io initialized","timestamp":"2026-07-09T11:17:13.926Z"}
{"level":"info","message":"Server running on port 3008 (HTTP + WebSocket)","timestamp":"2026-07-09T11:17:13.932Z"}
{"level":"info","message":"MongoDB Connected: 127.0.0.1","timestamp":"2026-07-09T11:17:13.957Z"}
{"level":"warn","message":"POST /api/auth/register -> 400 User with this email already exists","timestamp":"2026-07-09T11:37:39.660Z"}
{"level":"warn","message":"POST /api/auth/register -> 400 Password must be at least 6 characters","timestamp":"2026-07-09T11:37:39.665Z"}
{"level":"warn","message":"POST /api/auth/login -> 401 Invalid email or password","timestamp":"2026-07-09T11:37:39.931Z"}
{"level":"warn","message":"POST /api/auth/login -> 401 Invalid email or password","timestamp":"2026-07-09T11:37:39.937Z"}
{"level":"warn","message":"GET /api/auth/me -> 401 Not authorized, no token provided","timestamp":"2026-07-09T11:37:39.941Z"}
{"level":"warn","message":"POST /api/products -> 400 Invalid category","timestamp":"2026-07-10T06:22:06.448Z"}
{"level":"warn","message":"POST /api/products -> 400 Invalid category","timestamp":"2026-07-10T06:22:06.453Z"}
{"level":"warn","message":"POST /api/auth/register -> 400 User with this email already exists","timestamp":"2026-07-10T06:22:06.481Z"}
{"level":"warn","message":"POST /api/auth/register -> 400 Password must be at least 6 characters","timestamp":"2026-07-10T06:22:06.487Z"}
{"level":"warn","message":"POST /api/cart/items -> 400 productId is required","timestamp":"2026-07-10T06:22:06.537Z"}
{"level":"warn","message":"POST /api/orders/checkout -> 400 Your cart is empty","timestamp":"2026-07-10T06:22:06.546Z"}
{"level":"warn","message":"POST /api/products -> 403 Role 'buyer' is not allowed to access this resource","timestamp":"2026-07-10T06:22:06.547Z"}
{"level":"warn","message":"POST /api/products -> 400 Invalid category","timestamp":"2026-07-10T06:22:06.646Z"}
{"level":"warn","message":"POST /api/products -> 400 Invalid category","timestamp":"2026-07-10T06:22:06.651Z"}
{"level":"warn","message":"POST /api/shops -> 400 You already have a shop","timestamp":"2026-07-10T06:22:06.693Z"}
{"level":"warn","message":"POST /api/shops -> 401 Not authorized, no token provided","timestamp":"2026-07-10T06:22:06.701Z"}
{"level":"warn","message":"POST /api/products -> 400 Invalid category","timestamp":"2026-07-10T06:22:06.744Z"}
{"level":"warn","message":"POST /api/products -> 400 Invalid category","timestamp":"2026-07-10T06:22:06.747Z"}
{"level":"warn","message":"POST /api/auth/login -> 401 Invalid email or password","timestamp":"2026-07-10T06:22:06.781Z"}
{"level":"warn","message":"POST /api/auth/login -> 401 Invalid email or password","timestamp":"2026-07-10T06:22:06.792Z"}
{"level":"warn","message":"GET /api/auth/me -> 401 Not authorized, no token provided","timestamp":"2026-07-10T06:22:06.798Z"}
{"level":"warn","message":"GET /api/shops/does-not-exist -> 404 Shop not found","timestamp":"2026-07-10T06:22:06.824Z"}
{"level":"warn","message":"POST /api/cart/items -> 400 productId is required","timestamp":"2026-07-10T06:22:06.840Z"}
{"level":"warn","message":"POST /api/cart/items -> 400 productId is required","timestamp":"2026-07-10T06:22:06.845Z"}
{"level":"warn","message":"POST /api/orders/checkout -> 400 Your cart is empty","timestamp":"2026-07-10T06:22:06.850Z"}
{"level":"warn","message":"POST /api/products -> 400 Invalid category","timestamp":"2026-07-10T06:22:06.873Z"}
{"level":"error","message":"GET /api/products/undefined -> 500 Cast to ObjectId failed for value \"undefined\" (type string) at path \"_id\" for model \"Product\"","stack":"CastError: Cast to ObjectId failed for value \"undefined\" (type string) at path \"_id\" for model \"Product\"\n    at SchemaObjectId.Object.<anonymous>.SchemaObjectId.cast (D:\\Amit\\A Developer\\2026 product\\full stack project\\E-commerce app\\node_modules\\mongoose\\lib\\schema\\objectId.js:252:11)\n    at SchemaObjectId.Object.<anonymous>.SchemaType.applySetters (D:\\Amit\\A Developer\\2026 product\\full stack project\\E-commerce app\\node_modules\\mongoose\\lib\\schemaType.js:1373:12)\n    at SchemaObjectId.Object.<anonymous>.SchemaType.castForQuery (D:\\Amit\\A Developer\\2026 product\\full stack project\\E-commerce app\\node_modules\\mongoose\\lib\\schemaType.js:1793:17)\n    at cast (D:\\Amit\\A Developer\\2026 product\\full stack project\\E-commerce app\\node_modules\\mongoose\\lib\\cast.js:386:32)\n    at model.Query.Object.<anonymous>.Query.cast (D:\\Amit\\A Developer\\2026 product\\full stack project\\E-commerce app\\node_modules\\mongoose\\lib\\query.js:5228:12)\n    at model.Query.Object.<anonymous>.Query._castConditions (D:\\Amit\\A Developer\\2026 product\\full stack project\\E-commerce app\\node_modules\\mongoose\\lib\\query.js:2411:10)\n    at model.Query._findOne (D:\\Amit\\A Developer\\2026 product\\full stack project\\E-commerce app\\node_modules\\mongoose\\lib\\query.js:2758:8)\n    at maybeTracedQueryExec (D:\\Amit\\A Developer\\2026 product\\full stack project\\E-commerce app\\node_modules\\mongoose\\lib\\query.js:4801:83)\n    at processTicksAndRejections (node:internal/process/task_queues:104:5)\n    at getProductById (D:\\Amit\\A Developer\\2026 product\\full stack project\\E-commerce app\\backend\\modules\\product\\controllers\\product.read.controller.js:95:21)","timestamp":"2026-07-10T06:22:06.880Z"}
{"level":"warn","message":"POST /api/orders/checkout -> 400 Your cart is empty","timestamp":"2026-07-10T06:22:06.939Z"}
{"level":"warn","message":"POST /api/products -> 400 Invalid category","timestamp":"2026-07-10T06:22:06.977Z"}
{"level":"warn","message":"POST /api/products -> 400 Invalid category","timestamp":"2026-07-10T06:22:07.038Z"}
{"level":"error","message":"PUT /api/products/undefined -> 500 Cast to ObjectId failed for value \"undefined\" (type string) at path \"_id\" for model \"Product\"","stack":"CastError: Cast to ObjectId failed for value \"undefined\" (type string) at path \"_id\" for model \"Product\"\n    at SchemaObjectId.Object.<anonymous>.SchemaObjectId.cast (D:\\Amit\\A Developer\\2026 product\\full stack project\\E-commerce app\\node_modules\\mongoose\\lib\\schema\\objectId.js:252:11)\n    at SchemaObjectId.Object.<anonymous>.SchemaType.applySetters (D:\\Amit\\A Developer\\2026 product\\full stack project\\E-commerce app\\node_modules\\mongoose\\lib\\schemaType.js:1373:12)\n    at SchemaObjectId.Object.<anonymous>.SchemaType.castForQuery (D:\\Amit\\A Developer\\2026 product\\full stack project\\E-commerce app\\node_modules\\mongoose\\lib\\schemaType.js:1793:17)\n    at cast (D:\\Amit\\A Developer\\2026 product\\full stack project\\E-commerce app\\node_modules\\mongoose\\lib\\cast.js:386:32)\n    at model.Query.Object.<anonymous>.Query.cast (D:\\Amit\\A Developer\\2026 product\\full stack project\\E-commerce app\\node_modules\\mongoose\\lib\\query.js:5228:12)\n    at model.Query.Object.<anonymous>.Query._castConditions (D:\\Amit\\A Developer\\2026 product\\full stack project\\E-commerce app\\node_modules\\mongoose\\lib\\query.js:2411:10)\n    at model.Query._findOne (D:\\Amit\\A Developer\\2026 product\\full stack project\\E-commerce app\\node_modules\\mongoose\\lib\\query.js:2758:8)\n    at maybeTracedQueryExec (D:\\Amit\\A Developer\\2026 product\\full stack project\\E-commerce app\\node_modules\\mongoose\\lib\\query.js:4801:83)\n    at processTicksAndRejections (node:internal/process/task_queues:104:5)\n    at assertOwnsProduct (D:\\Amit\\A Developer\\2026 product\\full stack project\\E-commerce app\\backend\\modules\\product\\controllers\\product.update.controller.js:13:19)\n    at updateProduct (D:\\Amit\\A Developer\\2026 product\\full stack project\\E-commerce app\\backend\\modules\\product\\controllers\\product.update.controller.js:29:21)","timestamp":"2026-07-10T06:22:07.068Z"}
{"level":"warn","message":"POST /api/cart/items -> 400 productId is required","timestamp":"2026-07-10T06:22:07.113Z"}
{"level":"warn","message":"PUT /api/shops/me/slug -> 400 This shop URL is already taken","timestamp":"2026-07-10T06:22:07.114Z"}
{"level":"warn","message":"POST /api/orders/checkout -> 400 A complete shipping address (phone, street, city) is required","timestamp":"2026-07-10T06:22:07.117Z"}
{"level":"warn","message":"POST /api/products -> 400 Invalid category","timestamp":"2026-07-10T06:22:07.159Z"}
{"level":"error","message":"DELETE /api/products/undefined -> 500 Cast to ObjectId failed for value \"undefined\" (type string) at path \"_id\" for model \"Product\"","stack":"CastError: Cast to ObjectId failed for value \"undefined\" (type string) at path \"_id\" for model \"Product\"\n    at SchemaObjectId.Object.<anonymous>.SchemaObjectId.cast (D:\\Amit\\A Developer\\2026 product\\full stack project\\E-commerce app\\node_modules\\mongoose\\lib\\schema\\objectId.js:252:11)\n    at SchemaObjectId.Object.<anonymous>.SchemaType.applySetters (D:\\Amit\\A Developer\\2026 product\\full stack project\\E-commerce app\\node_modules\\mongoose\\lib\\schemaType.js:1373:12)\n    at SchemaObjectId.Object.<anonymous>.SchemaType.castForQuery (D:\\Amit\\A Developer\\2026 product\\full stack project\\E-commerce app\\node_modules\\mongoose\\lib\\schemaType.js:1793:17)\n    at cast (D:\\Amit\\A Developer\\2026 product\\full stack project\\E-commerce app\\node_modules\\mongoose\\lib\\cast.js:386:32)\n    at model.Query.Object.<anonymous>.Query.cast (D:\\Amit\\A Developer\\2026 product\\full stack project\\E-commerce app\\node_modules\\mongoose\\lib\\query.js:5228:12)\n    at model.Query.Object.<anonymous>.Query._castConditions (D:\\Amit\\A Developer\\2026 product\\full stack project\\E-commerce app\\node_modules\\mongoose\\lib\\query.js:2411:10)\n    at model.Query._findOne (D:\\Amit\\A Developer\\2026 product\\full stack project\\E-commerce app\\node_modules\\mongoose\\lib\\query.js:2758:8)\n    at maybeTracedQueryExec (D:\\Amit\\A Developer\\2026 product\\full stack project\\E-commerce app\\node_modules\\mongoose\\lib\\query.js:4801:83)\n    at processTicksAndRejections (node:internal/process/task_queues:104:5)\n    at deleteProduct (D:\\Amit\\A Developer\\2026 product\\full stack project\\E-commerce app\\backend\\modules\\product\\controllers\\product.delete.controller.js:11:21)","timestamp":"2026-07-10T06:22:07.166Z"}
{"level":"warn","message":"POST /api/products -> 400 Invalid category","timestamp":"2026-07-10T06:22:07.219Z"}
{"level":"warn","message":"POST /api/products -> 400 Invalid category","timestamp":"2026-07-10T06:22:07.312Z"}
{"level":"warn","message":"POST /api/cart/items -> 400 productId is required","timestamp":"2026-07-10T06:22:07.385Z"}
{"level":"warn","message":"POST /api/cart/items -> 400 productId is required","timestamp":"2026-07-10T06:22:07.389Z"}
{"level":"warn","message":"POST /api/orders/checkout -> 400 Your cart is empty","timestamp":"2026-07-10T06:22:07.397Z"}
{"level":"warn","message":"POST /api/products -> 400 Invalid category","timestamp":"2026-07-10T06:22:07.484Z"}
{"level":"warn","message":"POST /api/cart/items -> 400 productId is required","timestamp":"2026-07-10T06:22:07.555Z"}
{"level":"warn","message":"POST /api/orders/checkout -> 400 Your cart is empty","timestamp":"2026-07-10T06:22:07.565Z"}
{"level":"warn","message":"POST /api/products -> 400 Invalid category","timestamp":"2026-07-10T06:22:07.665Z"}
{"level":"warn","message":"POST /api/cart/items -> 400 productId is required","timestamp":"2026-07-10T06:22:07.735Z"}
{"level":"warn","message":"POST /api/orders/checkout -> 400 Your cart is empty","timestamp":"2026-07-10T06:22:07.740Z"}
{"level":"warn","message":"POST /api/auth/register -> 400 User with this email already exists","timestamp":"2026-07-10T06:26:36.663Z"}
{"level":"warn","message":"POST /api/products -> 400 Invalid category","timestamp":"2026-07-10T06:26:36.668Z"}
{"level":"warn","message":"POST /api/auth/register -> 400 Password must be at least 6 characters","timestamp":"2026-07-10T06:26:36.674Z"}
{"level":"warn","message":"POST /api/products -> 400 Invalid category","timestamp":"2026-07-10T06:26:36.713Z"}
{"level":"warn","message":"POST /api/products -> 403 Role 'buyer' is not allowed to access this resource","timestamp":"2026-07-10T06:26:36.774Z"}
{"level":"warn","message":"POST /api/cart/items -> 400 productId is required","timestamp":"2026-07-10T06:26:36.799Z"}
{"level":"warn","message":"POST /api/orders/checkout -> 400 Your cart is empty","timestamp":"2026-07-10T06:26:36.808Z"}
{"level":"warn","message":"POST /api/products -> 400 Invalid category","timestamp":"2026-07-10T06:26:36.882Z"}
{"level":"warn","message":"POST /api/products -> 400 Invalid category","timestamp":"2026-07-10T06:26:36.922Z"}
{"level":"warn","message":"POST /api/shops -> 400 You already have a shop","timestamp":"2026-07-10T06:26:36.929Z"}
{"level":"warn","message":"POST /api/shops -> 401 Not authorized, no token provided","timestamp":"2026-07-10T06:26:36.938Z"}
{"level":"warn","message":"POST /api/products -> 400 Invalid category","timestamp":"2026-07-10T06:26:36.987Z"}
{"level":"warn","message":"POST /api/auth/login -> 401 Invalid email or password","timestamp":"2026-07-10T06:26:37.004Z"}
{"level":"warn","message":"POST /api/auth/login -> 401 Invalid email or password","timestamp":"2026-07-10T06:26:37.017Z"}
{"level":"warn","message":"GET /api/auth/me -> 401 Not authorized, no token provided","timestamp":"2026-07-10T06:26:37.031Z"}
{"level":"warn","message":"POST /api/products -> 400 Invalid category","timestamp":"2026-07-10T06:26:37.045Z"}
{"level":"warn","message":"GET /api/shops/does-not-exist -> 404 Shop not found","timestamp":"2026-07-10T06:26:37.070Z"}
{"level":"warn","message":"POST /api/products -> 400 Invalid category","timestamp":"2026-07-10T06:26:37.106Z"}
{"level":"error","message":"GET /api/products/undefined -> 500 Cast to ObjectId failed for value \"undefined\" (type string) at path \"_id\" for model \"Product\"","stack":"CastError: Cast to ObjectId failed for value \"undefined\" (type string) at path \"_id\" for model \"Product\"\n    at SchemaObjectId.Object.<anonymous>.SchemaObjectId.cast (D:\\Amit\\A Developer\\2026 product\\full stack project\\E-commerce app\\node_modules\\mongoose\\lib\\schema\\objectId.js:252:11)\n    at SchemaObjectId.Object.<anonymous>.SchemaType.applySetters (D:\\Amit\\A Developer\\2026 product\\full stack project\\E-commerce app\\node_modules\\mongoose\\lib\\schemaType.js:1373:12)\n    at SchemaObjectId.Object.<anonymous>.SchemaType.castForQuery (D:\\Amit\\A Developer\\2026 product\\full stack project\\E-commerce app\\node_modules\\mongoose\\lib\\schemaType.js:1793:17)\n    at cast (D:\\Amit\\A Developer\\2026 product\\full stack project\\E-commerce app\\node_modules\\mongoose\\lib\\cast.js:386:32)\n    at model.Query.Object.<anonymous>.Query.cast (D:\\Amit\\A Developer\\2026 product\\full stack project\\E-commerce app\\node_modules\\mongoose\\lib\\query.js:5228:12)\n    at model.Query.Object.<anonymous>.Query._castConditions (D:\\Amit\\A Developer\\2026 product\\full stack project\\E-commerce app\\node_modules\\mongoose\\lib\\query.js:2411:10)\n    at model.Query._findOne (D:\\Amit\\A Developer\\2026 product\\full stack project\\E-commerce app\\node_modules\\mongoose\\lib\\query.js:2758:8)\n    at maybeTracedQueryExec (D:\\Amit\\A Developer\\2026 product\\full stack project\\E-commerce app\\node_modules\\mongoose\\lib\\query.js:4801:83)\n    at processTicksAndRejections (node:internal/process/task_queues:104:5)\n    at getProductById (D:\\Amit\\A Developer\\2026 product\\full stack project\\E-commerce app\\backend\\modules\\product\\controllers\\product.read.controller.js:95:21)","timestamp":"2026-07-10T06:26:37.113Z"}
{"level":"warn","message":"POST /api/cart/items -> 400 productId is required","timestamp":"2026-07-10T06:26:37.129Z"}
{"level":"warn","message":"POST /api/cart/items -> 400 productId is required","timestamp":"2026-07-10T06:26:37.134Z"}
{"level":"warn","message":"POST /api/orders/checkout -> 400 Your cart is empty","timestamp":"2026-07-10T06:26:37.145Z"}
{"level":"warn","message":"POST /api/products -> 400 Invalid category","timestamp":"2026-07-10T06:26:37.221Z"}
{"level":"warn","message":"POST /api/orders/checkout -> 400 Your cart is empty","timestamp":"2026-07-10T06:26:37.240Z"}
{"level":"error","message":"PUT /api/products/undefined -> 500 Cast to ObjectId failed for value \"undefined\" (type string) at path \"_id\" for model \"Product\"","stack":"CastError: Cast to ObjectId failed for value \"undefined\" (type string) at path \"_id\" for model \"Product\"\n    at SchemaObjectId.Object.<anonymous>.SchemaObjectId.cast (D:\\Amit\\A Developer\\2026 product\\full stack project\\E-commerce app\\node_modules\\mongoose\\lib\\schema\\objectId.js:252:11)\n    at SchemaObjectId.Object.<anonymous>.SchemaType.applySetters (D:\\Amit\\A Developer\\2026 product\\full stack project\\E-commerce app\\node_modules\\mongoose\\lib\\schemaType.js:1373:12)\n    at SchemaObjectId.Object.<anonymous>.SchemaType.castForQuery (D:\\Amit\\A Developer\\2026 product\\full stack project\\E-commerce app\\node_modules\\mongoose\\lib\\schemaType.js:1793:17)\n    at cast (D:\\Amit\\A Developer\\2026 product\\full stack project\\E-commerce app\\node_modules\\mongoose\\lib\\cast.js:386:32)\n    at model.Query.Object.<anonymous>.Query.cast (D:\\Amit\\A Developer\\2026 product\\full stack project\\E-commerce app\\node_modules\\mongoose\\lib\\query.js:5228:12)\n    at model.Query.Object.<anonymous>.Query._castConditions (D:\\Amit\\A Developer\\2026 product\\full stack project\\E-commerce app\\node_modules\\mongoose\\lib\\query.js:2411:10)\n    at model.Query._findOne (D:\\Amit\\A Developer\\2026 product\\full stack project\\E-commerce app\\node_modules\\mongoose\\lib\\query.js:2758:8)\n    at maybeTracedQueryExec (D:\\Amit\\A Developer\\2026 product\\full stack project\\E-commerce app\\node_modules\\mongoose\\lib\\query.js:4801:83)\n    at processTicksAndRejections (node:internal/process/task_queues:104:5)\n    at assertOwnsProduct (D:\\Amit\\A Developer\\2026 product\\full stack project\\E-commerce app\\backend\\modules\\product\\controllers\\product.update.controller.js:13:19)\n    at updateProduct (D:\\Amit\\A Developer\\2026 product\\full stack project\\E-commerce app\\backend\\modules\\product\\controllers\\product.update.controller.js:29:21)","timestamp":"2026-07-10T06:26:37.319Z"}
{"level":"warn","message":"POST /api/products -> 400 Invalid category","timestamp":"2026-07-10T06:26:37.349Z"}
{"level":"warn","message":"PUT /api/shops/me/slug -> 400 This shop URL is already taken","timestamp":"2026-07-10T06:26:37.377Z"}
{"level":"warn","message":"POST /api/products -> 400 Invalid category","timestamp":"2026-07-10T06:26:37.424Z"}
{"level":"warn","message":"POST /api/cart/items -> 400 productId is required","timestamp":"2026-07-10T06:26:37.433Z"}
{"level":"error","message":"DELETE /api/products/undefined -> 500 Cast to ObjectId failed for value \"undefined\" (type string) at path \"_id\" for model \"Product\"","stack":"CastError: Cast to ObjectId failed for value \"undefined\" (type string) at path \"_id\" for model \"Product\"\n    at SchemaObjectId.Object.<anonymous>.SchemaObjectId.cast (D:\\Amit\\A Developer\\2026 product\\full stack project\\E-commerce app\\node_modules\\mongoose\\lib\\schema\\objectId.js:252:11)\n    at SchemaObjectId.Object.<anonymous>.SchemaType.applySetters (D:\\Amit\\A Developer\\2026 product\\full stack project\\E-commerce app\\node_modules\\mongoose\\lib\\schemaType.js:1373:12)\n    at SchemaObjectId.Object.<anonymous>.SchemaType.castForQuery (D:\\Amit\\A Developer\\2026 product\\full stack project\\E-commerce app\\node_modules\\mongoose\\lib\\schemaType.js:1793:17)\n    at cast (D:\\Amit\\A Developer\\2026 product\\full stack project\\E-commerce app\\node_modules\\mongoose\\lib\\cast.js:386:32)\n    at model.Query.Object.<anonymous>.Query.cast (D:\\Amit\\A Developer\\2026 product\\full stack project\\E-commerce app\\node_modules\\mongoose\\lib\\query.js:5228:12)\n    at model.Query.Object.<anonymous>.Query._castConditions (D:\\Amit\\A Developer\\2026 product\\full stack project\\E-commerce app\\node_modules\\mongoose\\lib\\query.js:2411:10)\n    at model.Query._findOne (D:\\Amit\\A Developer\\2026 product\\full stack project\\E-commerce app\\node_modules\\mongoose\\lib\\query.js:2758:8)\n    at maybeTracedQueryExec (D:\\Amit\\A Developer\\2026 product\\full stack project\\E-commerce app\\node_modules\\mongoose\\lib\\query.js:4801:83)\n    at processTicksAndRejections (node:internal/process/task_queues:104:5)\n    at deleteProduct (D:\\Amit\\A Developer\\2026 product\\full stack project\\E-commerce app\\backend\\modules\\product\\controllers\\product.delete.controller.js:11:21)","timestamp":"2026-07-10T06:26:37.433Z"}
{"level":"warn","message":"POST /api/orders/checkout -> 400 A complete shipping address (phone, street, city) is required","timestamp":"2026-07-10T06:26:37.440Z"}
{"level":"warn","message":"POST /api/products -> 400 Invalid category","timestamp":"2026-07-10T06:26:37.542Z"}
{"level":"warn","message":"POST /api/products -> 400 Invalid category","timestamp":"2026-07-10T06:26:37.641Z"}
{"level":"warn","message":"POST /api/cart/items -> 400 productId is required","timestamp":"2026-07-10T06:26:37.721Z"}
{"level":"warn","message":"POST /api/cart/items -> 400 productId is required","timestamp":"2026-07-10T06:26:37.726Z"}
{"level":"warn","message":"POST /api/orders/checkout -> 400 Your cart is empty","timestamp":"2026-07-10T06:26:37.733Z"}
{"level":"warn","message":"POST /api/products -> 400 Invalid category","timestamp":"2026-07-10T06:26:37.831Z"}
{"level":"warn","message":"POST /api/cart/items -> 400 productId is required","timestamp":"2026-07-10T06:26:37.902Z"}
{"level":"warn","message":"POST /api/orders/checkout -> 400 Your cart is empty","timestamp":"2026-07-10T06:26:37.908Z"}
{"level":"warn","message":"POST /api/products -> 400 Invalid category","timestamp":"2026-07-10T06:26:37.995Z"}
{"level":"warn","message":"POST /api/cart/items -> 400 productId is required","timestamp":"2026-07-10T06:26:38.067Z"}
{"level":"warn","message":"POST /api/orders/checkout -> 400 Your cart is empty","timestamp":"2026-07-10T06:26:38.075Z"}
{"level":"warn","message":"POST /api/auth/register -> 400 User with this email already exists","timestamp":"2026-07-10T06:33:54.188Z"}
{"level":"warn","message":"POST /api/auth/register -> 400 Password must be at least 6 characters","timestamp":"2026-07-10T06:33:54.197Z"}
{"level":"warn","message":"POST /api/products -> 403 Role 'buyer' is not allowed to access this resource","timestamp":"2026-07-10T06:33:54.288Z"}
{"level":"warn","message":"POST /api/products -> 400 Invalid category","timestamp":"2026-07-10T06:33:54.388Z"}
{"level":"warn","message":"POST /api/shops -> 400 You already have a shop","timestamp":"2026-07-10T06:33:54.418Z"}
{"level":"warn","message":"POST /api/shops -> 401 Not authorized, no token provided","timestamp":"2026-07-10T06:33:54.429Z"}
{"level":"warn","message":"POST /api/auth/login -> 401 Invalid email or password","timestamp":"2026-07-10T06:33:54.483Z"}
{"level":"warn","message":"POST /api/auth/login -> 401 Invalid email or password","timestamp":"2026-07-10T06:33:54.491Z"}
{"level":"warn","message":"GET /api/auth/me -> 401 Not authorized, no token provided","timestamp":"2026-07-10T06:33:54.496Z"}
{"level":"warn","message":"GET /api/shops/does-not-exist -> 404 Shop not found","timestamp":"2026-07-10T06:33:54.542Z"}
{"level":"warn","message":"POST /api/orders/checkout -> 400 Your cart is empty","timestamp":"2026-07-10T06:33:54.771Z"}
{"level":"warn","message":"PUT /api/products/6a509252b83516ad16418603 -> 403 You are not allowed to modify this product","timestamp":"2026-07-10T06:33:54.813Z"}
{"level":"warn","message":"PUT /api/shops/me/slug -> 400 This shop URL is already taken","timestamp":"2026-07-10T06:33:54.833Z"}
{"level":"warn","message":"GET /api/products/6a509252b83516ad16418609 -> 404 Product not found","timestamp":"2026-07-10T06:33:54.929Z"}
{"level":"warn","message":"POST /api/orders/checkout -> 400 A complete shipping address (phone, street, city) is required","timestamp":"2026-07-10T06:33:54.982Z"}
{"level":"warn","message":"POST /api/orders/checkout -> 400 Insufficient stock for \"Test Product\". Only 1 left.","timestamp":"2026-07-10T06:33:55.277Z"}
{"level":"warn","message":"PATCH /api/orders/6a509253b8b3f213c2eabb6a/cancel -> 403 You are not allowed to cancel this order","timestamp":"2026-07-10T06:33:55.726Z"}
{"level":"warn","message":"POST /api/auth/register -> 400 User with this email already exists","timestamp":"2026-07-10T06:38:03.286Z"}
{"level":"warn","message":"POST /api/auth/register -> 400 Password must be at least 6 characters","timestamp":"2026-07-10T06:38:03.298Z"}
{"level":"warn","message":"POST /api/products -> 400 Please create your shop before adding products","timestamp":"2026-07-10T06:38:03.404Z"}
{"level":"warn","message":"POST /api/products -> 400 Invalid category","timestamp":"2026-07-10T06:38:03.523Z"}
{"level":"warn","message":"POST /api/shops -> 400 You already have a shop","timestamp":"2026-07-10T06:38:03.540Z"}
{"level":"warn","message":"POST /api/shops -> 401 Not authorized, no token provided","timestamp":"2026-07-10T06:38:03.550Z"}
{"level":"warn","message":"POST /api/auth/login -> 401 Invalid email or password","timestamp":"2026-07-10T06:38:03.617Z"}
{"level":"warn","message":"POST /api/auth/login -> 401 Invalid email or password","timestamp":"2026-07-10T06:38:03.626Z"}
{"level":"warn","message":"GET /api/auth/me -> 401 Not authorized, no token provided","timestamp":"2026-07-10T06:38:03.634Z"}
{"level":"warn","message":"GET /api/shops/does-not-exist -> 404 Shop not found","timestamp":"2026-07-10T06:38:03.667Z"}
{"level":"warn","message":"POST /api/orders/checkout -> 400 Your cart is empty","timestamp":"2026-07-10T06:38:03.941Z"}
{"level":"warn","message":"PUT /api/shops/me/slug -> 400 This shop URL is already taken","timestamp":"2026-07-10T06:38:04.000Z"}
{"level":"warn","message":"PUT /api/products/6a50934b0c7192f08577fd71 -> 403 You are not allowed to modify this product","timestamp":"2026-07-10T06:38:04.019Z"}
{"level":"warn","message":"GET /api/products/6a50934c0c7192f08577fd77 -> 404 Product not found","timestamp":"2026-07-10T06:38:04.147Z"}
{"level":"warn","message":"POST /api/orders/checkout -> 400 A complete shipping address (phone, street, city) is required","timestamp":"2026-07-10T06:38:04.149Z"}
{"level":"warn","message":"POST /api/orders/checkout -> 400 Insufficient stock for \"Test Product\". Only 1 left.","timestamp":"2026-07-10T06:38:04.464Z"}
{"level":"warn","message":"PATCH /api/orders/6a50934c095009eecdb774d9/cancel -> 403 You are not allowed to cancel this order","timestamp":"2026-07-10T06:38:04.922Z"}
{"level":"info","message":"Starting server on port 3008...","timestamp":"2026-07-11T15:44:38.348Z"}
{"level":"info","message":"Socket.io initialized","timestamp":"2026-07-11T15:44:38.371Z"}
{"level":"info","message":"Server running on port 3008 (HTTP + WebSocket)","timestamp":"2026-07-11T15:44:38.378Z"}
{"level":"info","message":"MongoDB Connected: 127.0.0.1","timestamp":"2026-07-11T15:44:38.429Z"}
{"level":"warn","message":"POST /api/auth/register -> 400 User with this email already exists","timestamp":"2026-07-11T15:45:04.589Z"}
{"level":"error","message":"POST /api/auth/register -> 500 Cannot read properties of undefined (reading 'map')","stack":"TypeError: Cannot read properties of undefined (reading 'map')\n    at D:\\Amit\\A Developer\\2026 product\\full stack project\\E-commerce app\\backend\\middleware\\validate.js:15:41\n    at Layer.handleRequest (D:\\Amit\\A Developer\\2026 product\\full stack project\\E-commerce app\\node_modules\\router\\lib\\layer.js:152:17)\n    at next (D:\\Amit\\A Developer\\2026 product\\full stack project\\E-commerce app\\node_modules\\router\\lib\\route.js:157:13)\n    at D:\\Amit\\A Developer\\2026 product\\full stack project\\E-commerce app\\node_modules\\express-rate-limit\\dist\\index.mjs:860:9\n    at processTicksAndRejections (node:internal/process/task_queues:104:5)\n    at D:\\Amit\\A Developer\\2026 product\\full stack project\\E-commerce app\\node_modules\\express-rate-limit\\dist\\index.mjs:825:5","timestamp":"2026-07-11T15:45:04.599Z"}
{"level":"warn","message":"POST /api/products -> 400 Please create your shop before adding products","timestamp":"2026-07-11T15:45:04.658Z"}
{"level":"warn","message":"POST /api/products -> 400 Invalid category","timestamp":"2026-07-11T15:45:04.765Z"}
{"level":"warn","message":"POST /api/shops -> 400 You already have a shop","timestamp":"2026-07-11T15:45:04.843Z"}
{"level":"warn","message":"POST /api/shops -> 401 Not authorized, no token provided","timestamp":"2026-07-11T15:45:04.852Z"}
{"level":"warn","message":"POST /api/auth/login -> 401 Invalid email or password","timestamp":"2026-07-11T15:45:04.932Z"}
{"level":"warn","message":"POST /api/auth/login -> 401 Invalid email or password","timestamp":"2026-07-11T15:45:04.943Z"}
{"level":"warn","message":"GET /api/auth/me -> 401 Not authorized, no token provided","timestamp":"2026-07-11T15:45:04.952Z"}
{"level":"warn","message":"GET /api/shops/does-not-exist -> 404 Shop not found","timestamp":"2026-07-11T15:45:04.986Z"}
{"level":"warn","message":"POST /api/orders/checkout -> 400 Your cart is empty","timestamp":"2026-07-11T15:45:05.215Z"}
{"level":"warn","message":"PUT /api/products/6a5265011dae4230cb29cb7c -> 403 You are not allowed to modify this product","timestamp":"2026-07-11T15:45:05.301Z"}
{"level":"warn","message":"PUT /api/shops/me/slug -> 400 This shop URL is already taken","timestamp":"2026-07-11T15:45:05.324Z"}
{"level":"warn","message":"GET /api/products/6a5265011dae4230cb29cb82 -> 404 Product not found","timestamp":"2026-07-11T15:45:05.441Z"}
{"level":"error","message":"POST /api/orders/checkout -> 500 Cannot read properties of undefined (reading 'map')","stack":"TypeError: Cannot read properties of undefined (reading 'map')\n    at D:\\Amit\\A Developer\\2026 product\\full stack project\\E-commerce app\\backend\\middleware\\validate.js:15:41\n    at Layer.handleRequest (D:\\Amit\\A Developer\\2026 product\\full stack project\\E-commerce app\\node_modules\\router\\lib\\layer.js:152:17)\n    at next (D:\\Amit\\A Developer\\2026 product\\full stack project\\E-commerce app\\node_modules\\router\\lib\\route.js:157:13)\n    at Route.dispatch (D:\\Amit\\A Developer\\2026 product\\full stack project\\E-commerce app\\node_modules\\router\\lib\\route.js:117:3)\n    at handle (D:\\Amit\\A Developer\\2026 product\\full stack project\\E-commerce app\\node_modules\\router\\index.js:435:11)\n    at Layer.handleRequest (D:\\Amit\\A Developer\\2026 product\\full stack project\\E-commerce app\\node_modules\\router\\lib\\layer.js:152:17)\n    at D:\\Amit\\A Developer\\2026 product\\full stack project\\E-commerce app\\node_modules\\router\\index.js:295:15\n    at processParams (D:\\Amit\\A Developer\\2026 product\\full stack project\\E-commerce app\\node_modules\\router\\index.js:582:12)\n    at next (D:\\Amit\\A Developer\\2026 product\\full stack project\\E-commerce app\\node_modules\\router\\index.js:291:5)\n    at protect (D:\\Amit\\A Developer\\2026 product\\full stack project\\E-commerce app\\backend\\middleware\\authMiddleware.js:38:12)\n    at processTicksAndRejections (node:internal/process/task_queues:104:5)","timestamp":"2026-07-11T15:45:05.455Z"}
{"level":"warn","message":"POST /api/orders/checkout -> 400 Insufficient stock for \"Test Product\". Only 1 left.","timestamp":"2026-07-11T15:45:05.786Z"}
{"level":"error","message":"PATCH /api/orders/6a5265028c7c2209a8c97484/cancel -> 500 Cannot read properties of undefined (reading 'map')","stack":"TypeError: Cannot read properties of undefined (reading 'map')\n    at D:\\Amit\\A Developer\\2026 product\\full stack project\\E-commerce app\\backend\\middleware\\validate.js:15:41\n    at Layer.handleRequest (D:\\Amit\\A Developer\\2026 product\\full stack project\\E-commerce app\\node_modules\\router\\lib\\layer.js:152:17)\n    at next (D:\\Amit\\A Developer\\2026 product\\full stack project\\E-commerce app\\node_modules\\router\\lib\\route.js:157:13)\n    at Route.dispatch (D:\\Amit\\A Developer\\2026 product\\full stack project\\E-commerce app\\node_modules\\router\\lib\\route.js:117:3)\n    at handle (D:\\Amit\\A Developer\\2026 product\\full stack project\\E-commerce app\\node_modules\\router\\index.js:435:11)\n    at Layer.handleRequest (D:\\Amit\\A Developer\\2026 product\\full stack project\\E-commerce app\\node_modules\\router\\lib\\layer.js:152:17)\n    at D:\\Amit\\A Developer\\2026 product\\full stack project\\E-commerce app\\node_modules\\router\\index.js:295:15\n    at param (D:\\Amit\\A Developer\\2026 product\\full stack project\\E-commerce app\\node_modules\\router\\index.js:600:14)\n    at param (D:\\Amit\\A Developer\\2026 product\\full stack project\\E-commerce app\\node_modules\\router\\index.js:610:14)\n    at processParams (D:\\Amit\\A Developer\\2026 product\\full stack project\\E-commerce app\\node_modules\\router\\index.js:664:3)\n    at next (D:\\Amit\\A Developer\\2026 product\\full stack project\\E-commerce app\\node_modules\\router\\index.js:291:5)\n    at protect (D:\\Amit\\A Developer\\2026 product\\full stack project\\E-commerce app\\backend\\middleware\\authMiddleware.js:38:12)\n    at processTicksAndRejections (node:internal/process/task_queues:104:5)","timestamp":"2026-07-11T15:45:06.260Z"}
{"level":"warn","message":"POST /api/auth/register -> 400 User with this email already exists","timestamp":"2026-07-11T16:04:51.043Z"}
{"level":"warn","message":"POST /api/auth/register -> 400 password: Password must be at least 6 characters","timestamp":"2026-07-11T16:04:51.050Z"}
{"level":"warn","message":"POST /api/products -> 400 Please create your shop before adding products","timestamp":"2026-07-11T16:04:51.086Z"}
{"level":"warn","message":"POST /api/products -> 400 Invalid category","timestamp":"2026-07-11T16:04:51.190Z"}
{"level":"warn","message":"POST /api/shops -> 400 You already have a shop","timestamp":"2026-07-11T16:04:51.264Z"}
{"level":"warn","message":"POST /api/shops -> 401 Not authorized, no token provided","timestamp":"2026-07-11T16:04:51.275Z"}
{"level":"warn","message":"POST /api/auth/login -> 401 Invalid email or password","timestamp":"2026-07-11T16:04:51.374Z"}
{"level":"warn","message":"POST /api/auth/login -> 401 Invalid email or password","timestamp":"2026-07-11T16:04:51.381Z"}
{"level":"warn","message":"GET /api/auth/me -> 401 Not authorized, no token provided","timestamp":"2026-07-11T16:04:51.386Z"}
{"level":"warn","message":"GET /api/shops/does-not-exist -> 404 Shop not found","timestamp":"2026-07-11T16:04:51.397Z"}
{"level":"warn","message":"POST /api/orders/checkout -> 400 Your cart is empty","timestamp":"2026-07-11T16:04:51.595Z"}
{"level":"warn","message":"PUT /api/products/6a5269a3d3a10afb4a5d5f3a -> 403 You are not allowed to modify this product","timestamp":"2026-07-11T16:04:51.647Z"}
{"level":"warn","message":"PUT /api/shops/me/slug -> 400 This shop URL is already taken","timestamp":"2026-07-11T16:04:51.698Z"}
{"level":"warn","message":"GET /api/products/6a5269a3d3a10afb4a5d5f40 -> 404 Product not found","timestamp":"2026-07-11T16:04:51.769Z"}
{"level":"warn","message":"POST /api/orders/checkout -> 400 shippingAddress.street: Invalid input: expected string, received undefined; shippingAddress.city: Invalid input: expected string, received undefined","timestamp":"2026-07-11T16:04:51.806Z"}
{"level":"warn","message":"POST /api/orders/checkout -> 400 Insufficient stock for \"Test Product\". Only 1 left.","timestamp":"2026-07-11T16:04:52.121Z"}
{"level":"warn","message":"PATCH /api/orders/6a5269a47a51b29bceacb481/cancel -> 403 You are not allowed to cancel this order","timestamp":"2026-07-11T16:04:52.578Z"}
{"level":"info","message":"Starting server on port 3008...","timestamp":"2026-07-12T03:05:27.975Z"}
{"level":"info","message":"Socket.io initialized","timestamp":"2026-07-12T03:05:27.989Z"}
{"level":"info","message":"Server running on port 3008 (HTTP + WebSocket)","timestamp":"2026-07-12T03:05:27.993Z"}
{"level":"info","message":"MongoDB Connected: 127.0.0.1","timestamp":"2026-07-12T03:05:28.038Z"}
{"level":"warn","message":"POST /api/auth/register -> 400 User with this email already exists","timestamp":"2026-07-12T03:05:37.789Z"}
{"level":"warn","message":"POST /api/auth/register -> 400 password: Password must be at least 6 characters","timestamp":"2026-07-12T03:05:37.796Z"}
{"level":"warn","message":"POST /api/products -> 400 Please create your shop before adding products","timestamp":"2026-07-12T03:05:37.846Z"}
{"level":"warn","message":"POST /api/products -> 400 Invalid category","timestamp":"2026-07-12T03:05:37.955Z"}
{"level":"warn","message":"POST /api/shops -> 400 You already have a shop","timestamp":"2026-07-12T03:05:38.044Z"}
{"level":"warn","message":"POST /api/shops -> 401 Not authorized, no token provided","timestamp":"2026-07-12T03:05:38.060Z"}
{"level":"warn","message":"POST /api/auth/login -> 401 Invalid email or password","timestamp":"2026-07-12T03:05:38.116Z"}
{"level":"warn","message":"POST /api/auth/login -> 401 Invalid email or password","timestamp":"2026-07-12T03:05:38.123Z"}
{"level":"warn","message":"GET /api/auth/me -> 401 Not authorized, no token provided","timestamp":"2026-07-12T03:05:38.130Z"}
{"level":"warn","message":"GET /api/shops/does-not-exist -> 404 Shop not found","timestamp":"2026-07-12T03:05:38.178Z"}
{"level":"warn","message":"POST /api/orders/checkout -> 400 Your cart is empty","timestamp":"2026-07-12T03:05:38.393Z"}
{"level":"warn","message":"PUT /api/products/6a5304825fcbd9732b46bfcd -> 403 You are not allowed to modify this product","timestamp":"2026-07-12T03:05:38.466Z"}
{"level":"warn","message":"PUT /api/shops/me/slug -> 400 This shop URL is already taken","timestamp":"2026-07-12T03:05:38.495Z"}
{"level":"warn","message":"GET /api/products/6a5304825fcbd9732b46bfd3 -> 404 Product not found","timestamp":"2026-07-12T03:05:38.640Z"}
{"level":"warn","message":"POST /api/orders/checkout -> 400 shippingAddress.street: Invalid input: expected string, received undefined; shippingAddress.city: Invalid input: expected string, received undefined","timestamp":"2026-07-12T03:05:38.660Z"}
{"level":"warn","message":"POST /api/orders/checkout -> 400 Insufficient stock for \"Test Product\". Only 1 left.","timestamp":"2026-07-12T03:05:39.129Z"}
{"level":"warn","message":"PATCH /api/orders/6a5304839151f344997fe23b/cancel -> 403 You are not allowed to cancel this order","timestamp":"2026-07-12T03:05:39.638Z"}
{"level":"info","message":"Starting server on port 3008...","timestamp":"2026-07-12T04:09:56.087Z"}
{"level":"info","message":"Socket.io initialized","timestamp":"2026-07-12T04:09:56.101Z"}
{"level":"info","message":"Server running on port 3008 (HTTP + WebSocket)","timestamp":"2026-07-12T04:09:56.105Z"}
{"level":"info","message":"MongoDB Connected: 127.0.0.1","timestamp":"2026-07-12T04:09:56.118Z"}
{"level":"warn","message":"POST /api/upload/image -> 401 Not authorized, no token provided","timestamp":"2026-07-12T04:10:05.810Z"}
{"level":"warn","message":"POST /api/upload/image -> 400 Only JPEG, PNG, WEBP, or GIF images are allowed","timestamp":"2026-07-12T04:10:06.090Z"}
{"level":"warn","message":"POST /api/auth/register -> 400 User with this email already exists","timestamp":"2026-07-12T04:10:06.121Z"}
{"level":"warn","message":"POST /api/auth/register -> 400 password: Password must be at least 6 characters","timestamp":"2026-07-12T04:10:06.131Z"}
{"level":"warn","message":"POST /api/upload/image -> 400 No image file provided (expected field name 'image')","timestamp":"2026-07-12T04:10:06.187Z"}
{"level":"warn","message":"POST /api/products -> 400 Please create your shop before adding products","timestamp":"2026-07-12T04:10:06.217Z"}
{"level":"warn","message":"POST /api/upload/image -> 400 File is too large. Maximum size is 5MB.","timestamp":"2026-07-12T04:10:06.300Z"}
{"level":"warn","message":"POST /api/products -> 400 Invalid category","timestamp":"2026-07-12T04:10:06.334Z"}
{"level":"warn","message":"POST /api/shops -> 400 You already have a shop","timestamp":"2026-07-12T04:10:06.360Z"}
{"level":"warn","message":"POST /api/shops -> 401 Not authorized, no token provided","timestamp":"2026-07-12T04:10:06.368Z"}
{"level":"warn","message":"POST /api/auth/login -> 401 Invalid email or password","timestamp":"2026-07-12T04:10:06.478Z"}
{"level":"warn","message":"GET /api/shops/does-not-exist -> 404 Shop not found","timestamp":"2026-07-12T04:10:06.478Z"}
{"level":"warn","message":"POST /api/auth/login -> 401 Invalid email or password","timestamp":"2026-07-12T04:10:06.487Z"}
{"level":"warn","message":"GET /api/auth/me -> 401 Not authorized, no token provided","timestamp":"2026-07-12T04:10:06.495Z"}
{"level":"warn","message":"POST /api/upload/images -> 400 Upload error: Unexpected field","timestamp":"2026-07-12T04:10:06.572Z"}
{"level":"warn","message":"POST /api/upload/images -> 400 No image files provided (expected field name 'images')","timestamp":"2026-07-12T04:10:06.665Z"}
{"level":"warn","message":"POST /api/orders/checkout -> 400 Your cart is empty","timestamp":"2026-07-12T04:10:06.779Z"}
{"level":"warn","message":"PUT /api/shops/me/slug -> 400 This shop URL is already taken","timestamp":"2026-07-12T04:10:06.817Z"}
{"level":"warn","message":"DELETE /api/upload/image -> 400 publicId is required","timestamp":"2026-07-12T04:10:06.850Z"}
{"level":"warn","message":"DELETE /api/upload/image -> 401 Not authorized, no token provided","timestamp":"2026-07-12T04:10:06.856Z"}
{"level":"warn","message":"PUT /api/products/6a53139ec0a092775eb39cb6 -> 403 You are not allowed to modify this product","timestamp":"2026-07-12T04:10:06.883Z"}
{"level":"warn","message":"POST /api/orders/checkout -> 400 shippingAddress.street: Invalid input: expected string, received undefined; shippingAddress.city: Invalid input: expected string, received undefined","timestamp":"2026-07-12T04:10:07.022Z"}
{"level":"warn","message":"GET /api/products/6a53139fc0a092775eb39cbc -> 404 Product not found","timestamp":"2026-07-12T04:10:07.038Z"}
{"level":"warn","message":"POST /api/orders/checkout -> 400 Insufficient stock for \"Test Product\". Only 1 left.","timestamp":"2026-07-12T04:10:07.358Z"}
{"level":"warn","message":"PATCH /api/orders/6a53139f589a9e1ce974b46e/cancel -> 403 You are not allowed to cancel this order","timestamp":"2026-07-12T04:10:07.840Z"}
{"level":"info","message":"Starting server on port 3008...","timestamp":"2026-07-12T04:36:38.173Z"}
{"level":"info","message":"Socket.io initialized","timestamp":"2026-07-12T04:36:38.187Z"}
{"level":"info","message":"Server running on port 3008 (HTTP + WebSocket)","timestamp":"2026-07-12T04:36:38.192Z"}
{"level":"info","message":"MongoDB Connected: 127.0.0.1","timestamp":"2026-07-12T04:36:38.206Z"}
{"level":"warn","message":"POST /api/upload/image?folder=shop-logos -> 400 No image file provided (expected field name 'image')","timestamp":"2026-07-12T04:36:41.466Z"}
{"level":"http","message":"\u001b[0mPOST /api/upload/image?folder=shop-logos \u001b[33m400\u001b[0m 75.142 ms - 66\u001b[0m","timestamp":"2026-07-12T04:36:41.470Z"}
{"level":"error","message":"POST /api/upload/image?folder=shop-logos -> 500 Must supply api_key","stack":"Error: Must supply api_key\n    at ensureOption (D:\\Amit\\A Developer\\2026 product\\full stack project\\E-commerce app\\node_modules\\cloudinary\\lib\\utils\\ensureOption.js:19:13)\n    at Object.sign_request (D:\\Amit\\A Developer\\2026 product\\full stack project\\E-commerce app\\node_modules\\cloudinary\\lib\\utils\\index.js:1154:16)\n    at Object.process_request_params (D:\\Amit\\A Developer\\2026 product\\full stack project\\E-commerce app\\node_modules\\cloudinary\\lib\\utils\\index.js:1206:22)\n    at call_api (D:\\Amit\\A Developer\\2026 product\\full stack project\\E-commerce app\\node_modules\\cloudinary\\lib\\uploader.js:488:18)\n    at Object.upload (D:\\Amit\\A Developer\\2026 product\\full stack project\\E-commerce app\\node_modules\\cloudinary\\lib\\uploader.js:55:10)\n    at Object.upload_stream (D:\\Amit\\A Developer\\2026 product\\full stack project\\E-commerce app\\node_modules\\cloudinary\\lib\\uploader.js:42:18)\n    at Object.upload_stream (D:\\Amit\\A Developer\\2026 product\\full stack project\\E-commerce app\\node_modules\\cloudinary\\lib\\utils\\index.js:1405:21)\n    at file:///D:/Amit/A%20Developer/2026%20product/full%20stack%20project/E-commerce%20app/backend/services/upload.service.js:18:40\n    at new Promise (<anonymous>)\n    at uploadImageBuffer (file:///D:/Amit/A%20Developer/2026%20product/full%20stack%20project/E-commerce%20app/backend/services/upload.service.js:17:10)","timestamp":"2026-07-12T04:37:54.703Z"}
{"level":"http","message":"\u001b[0mPOST /api/upload/image?folder=shop-logos \u001b[31m500\u001b[0m 9.960 ms - 64\u001b[0m","timestamp":"2026-07-12T04:37:54.704Z"}
{"level":"error","message":"POST /api/upload/image -> 500 Must supply api_key","stack":"Error: Must supply api_key\n    at ensureOption (D:\\Amit\\A Developer\\2026 product\\full stack project\\E-commerce app\\node_modules\\cloudinary\\lib\\utils\\ensureOption.js:19:13)\n    at Object.sign_request (D:\\Amit\\A Developer\\2026 product\\full stack project\\E-commerce app\\node_modules\\cloudinary\\lib\\utils\\index.js:1154:16)\n    at Object.process_request_params (D:\\Amit\\A Developer\\2026 product\\full stack project\\E-commerce app\\node_modules\\cloudinary\\lib\\utils\\index.js:1206:22)\n    at call_api (D:\\Amit\\A Developer\\2026 product\\full stack project\\E-commerce app\\node_modules\\cloudinary\\lib\\uploader.js:488:18)\n    at Object.upload (D:\\Amit\\A Developer\\2026 product\\full stack project\\E-commerce app\\node_modules\\cloudinary\\lib\\uploader.js:55:10)\n    at Object.upload_stream (D:\\Amit\\A Developer\\2026 product\\full stack project\\E-commerce app\\node_modules\\cloudinary\\lib\\uploader.js:42:18)\n    at Object.upload_stream (D:\\Amit\\A Developer\\2026 product\\full stack project\\E-commerce app\\node_modules\\cloudinary\\lib\\utils\\index.js:1405:21)\n    at file:///D:/Amit/A%20Developer/2026%20product/full%20stack%20project/E-commerce%20app/backend/services/upload.service.js:18:40\n    at new Promise (<anonymous>)\n    at uploadImageBuffer (file:///D:/Amit/A%20Developer/2026%20product/full%20stack%20project/E-commerce%20app/backend/services/upload.service.js:17:10)","timestamp":"2026-07-12T04:38:42.080Z"}
{"level":"http","message":"\u001b[0mPOST /api/upload/image \u001b[31m500\u001b[0m 4.302 ms - 64\u001b[0m","timestamp":"2026-07-12T04:38:42.081Z"}
{"level":"error","message":"POST /api/upload/image -> 500 Must supply api_key","stack":"Error: Must supply api_key\n    at ensureOption (D:\\Amit\\A Developer\\2026 product\\full stack project\\E-commerce app\\node_modules\\cloudinary\\lib\\utils\\ensureOption.js:19:13)\n    at Object.sign_request (D:\\Amit\\A Developer\\2026 product\\full stack project\\E-commerce app\\node_modules\\cloudinary\\lib\\utils\\index.js:1154:16)\n    at Object.process_request_params (D:\\Amit\\A Developer\\2026 product\\full stack project\\E-commerce app\\node_modules\\cloudinary\\lib\\utils\\index.js:1206:22)\n    at call_api (D:\\Amit\\A Developer\\2026 product\\full stack project\\E-commerce app\\node_modules\\cloudinary\\lib\\uploader.js:488:18)\n    at Object.upload (D:\\Amit\\A Developer\\2026 product\\full stack project\\E-commerce app\\node_modules\\cloudinary\\lib\\uploader.js:55:10)\n    at Object.upload_stream (D:\\Amit\\A Developer\\2026 product\\full stack project\\E-commerce app\\node_modules\\cloudinary\\lib\\uploader.js:42:18)\n    at Object.upload_stream (D:\\Amit\\A Developer\\2026 product\\full stack project\\E-commerce app\\node_modules\\cloudinary\\lib\\utils\\index.js:1405:21)\n    at file:///D:/Amit/A%20Developer/2026%20product/full%20stack%20project/E-commerce%20app/backend/services/upload.service.js:18:40\n    at new Promise (<anonymous>)\n    at uploadImageBuffer (file:///D:/Amit/A%20Developer/2026%20product/full%20stack%20project/E-commerce%20app/backend/services/upload.service.js:17:10)","timestamp":"2026-07-12T04:38:55.356Z"}
{"level":"http","message":"\u001b[0mPOST /api/upload/image \u001b[31m500\u001b[0m 5.013 ms - 64\u001b[0m","timestamp":"2026-07-12T04:38:55.357Z"}
{"level":"info","message":"Starting server on port 3008...","timestamp":"2026-07-12T04:39:16.568Z"}
{"level":"info","message":"Socket.io initialized","timestamp":"2026-07-12T04:39:16.584Z"}
{"level":"info","message":"Server running on port 3008 (HTTP + WebSocket)","timestamp":"2026-07-12T04:39:16.588Z"}
{"level":"info","message":"MongoDB Connected: 127.0.0.1","timestamp":"2026-07-12T04:39:16.604Z"}
{"level":"error","message":"POST /api/upload/image -> 500 Must supply api_key","stack":"Error: Must supply api_key\n    at ensureOption (D:\\Amit\\A Developer\\2026 product\\full stack project\\E-commerce app\\node_modules\\cloudinary\\lib\\utils\\ensureOption.js:19:13)\n    at Object.sign_request (D:\\Amit\\A Developer\\2026 product\\full stack project\\E-commerce app\\node_modules\\cloudinary\\lib\\utils\\index.js:1154:16)\n    at Object.process_request_params (D:\\Amit\\A Developer\\2026 product\\full stack project\\E-commerce app\\node_modules\\cloudinary\\lib\\utils\\index.js:1206:22)\n    at call_api (D:\\Amit\\A Developer\\2026 product\\full stack project\\E-commerce app\\node_modules\\cloudinary\\lib\\uploader.js:488:18)\n    at Object.upload (D:\\Amit\\A Developer\\2026 product\\full stack project\\E-commerce app\\node_modules\\cloudinary\\lib\\uploader.js:55:10)\n    at Object.upload_stream (D:\\Amit\\A Developer\\2026 product\\full stack project\\E-commerce app\\node_modules\\cloudinary\\lib\\uploader.js:42:18)\n    at Object.upload_stream (D:\\Amit\\A Developer\\2026 product\\full stack project\\E-commerce app\\node_modules\\cloudinary\\lib\\utils\\index.js:1405:21)\n    at file:///D:/Amit/A%20Developer/2026%20product/full%20stack%20project/E-commerce%20app/backend/services/upload.service.js:18:40\n    at new Promise (<anonymous>)\n    at uploadImageBuffer (file:///D:/Amit/A%20Developer/2026%20product/full%20stack%20project/E-commerce%20app/backend/services/upload.service.js:17:10)","timestamp":"2026-07-12T04:39:20.989Z"}
{"level":"http","message":"\u001b[0mPOST /api/upload/image \u001b[31m500\u001b[0m 28.777 ms - 64\u001b[0m","timestamp":"2026-07-12T04:39:20.995Z"}
{"level":"http","message":"\u001b[0mPOST /api/auth/login \u001b[32m200\u001b[0m 119.286 ms - 178\u001b[0m","timestamp":"2026-07-12T04:39:46.931Z"}
{"level":"error","message":"POST /api/upload/image -> 500 Must supply api_key","stack":"Error: Must supply api_key\n    at ensureOption (D:\\Amit\\A Developer\\2026 product\\full stack project\\E-commerce app\\node_modules\\cloudinary\\lib\\utils\\ensureOption.js:19:13)\n    at Object.sign_request (D:\\Amit\\A Developer\\2026 product\\full stack project\\E-commerce app\\node_modules\\cloudinary\\lib\\utils\\index.js:1154:16)\n    at Object.process_request_params (D:\\Amit\\A Developer\\2026 product\\full stack project\\E-commerce app\\node_modules\\cloudinary\\lib\\utils\\index.js:1206:22)\n    at call_api (D:\\Amit\\A Developer\\2026 product\\full stack project\\E-commerce app\\node_modules\\cloudinary\\lib\\uploader.js:488:18)\n    at Object.upload (D:\\Amit\\A Developer\\2026 product\\full stack project\\E-commerce app\\node_modules\\cloudinary\\lib\\uploader.js:55:10)\n    at Object.upload_stream (D:\\Amit\\A Developer\\2026 product\\full stack project\\E-commerce app\\node_modules\\cloudinary\\lib\\uploader.js:42:18)\n    at Object.upload_stream (D:\\Amit\\A Developer\\2026 product\\full stack project\\E-commerce app\\node_modules\\cloudinary\\lib\\utils\\index.js:1405:21)\n    at file:///D:/Amit/A%20Developer/2026%20product/full%20stack%20project/E-commerce%20app/backend/services/upload.service.js:18:40\n    at new Promise (<anonymous>)\n    at uploadImageBuffer (file:///D:/Amit/A%20Developer/2026%20product/full%20stack%20project/E-commerce%20app/backend/services/upload.service.js:17:10)","timestamp":"2026-07-12T04:39:53.088Z"}
{"level":"http","message":"\u001b[0mPOST /api/upload/image \u001b[31m500\u001b[0m 5.983 ms - 64\u001b[0m","timestamp":"2026-07-12T04:39:53.089Z"}
{"level":"error","message":"POST /api/upload/image -> 500 Must supply api_key","stack":"Error: Must supply api_key\n    at ensureOption (D:\\Amit\\A Developer\\2026 product\\full stack project\\E-commerce app\\node_modules\\cloudinary\\lib\\utils\\ensureOption.js:19:13)\n    at Object.sign_request (D:\\Amit\\A Developer\\2026 product\\full stack project\\E-commerce app\\node_modules\\cloudinary\\lib\\utils\\index.js:1154:16)\n    at Object.process_request_params (D:\\Amit\\A Developer\\2026 product\\full stack project\\E-commerce app\\node_modules\\cloudinary\\lib\\utils\\index.js:1206:22)\n    at call_api (D:\\Amit\\A Developer\\2026 product\\full stack project\\E-commerce app\\node_modules\\cloudinary\\lib\\uploader.js:488:18)\n    at Object.upload (D:\\Amit\\A Developer\\2026 product\\full stack project\\E-commerce app\\node_modules\\cloudinary\\lib\\uploader.js:55:10)\n    at Object.upload_stream (D:\\Amit\\A Developer\\2026 product\\full stack project\\E-commerce app\\node_modules\\cloudinary\\lib\\uploader.js:42:18)\n    at Object.upload_stream (D:\\Amit\\A Developer\\2026 product\\full stack project\\E-commerce app\\node_modules\\cloudinary\\lib\\utils\\index.js:1405:21)\n    at file:///D:/Amit/A%20Developer/2026%20product/full%20stack%20project/E-commerce%20app/backend/services/upload.service.js:18:40\n    at new Promise (<anonymous>)\n    at uploadImageBuffer (file:///D:/Amit/A%20Developer/2026%20product/full%20stack%20project/E-commerce%20app/backend/services/upload.service.js:17:10)","timestamp":"2026-07-12T04:40:00.287Z"}
{"level":"http","message":"\u001b[0mPOST /api/upload/image \u001b[31m500\u001b[0m 4.550 ms - 64\u001b[0m","timestamp":"2026-07-12T04:40:00.288Z"}
{"level":"error","message":"POST /api/upload/image?folder=shop-logos -> 500 Must supply api_key","stack":"Error: Must supply api_key\n    at ensureOption (D:\\Amit\\A Developer\\2026 product\\full stack project\\E-commerce app\\node_modules\\cloudinary\\lib\\utils\\ensureOption.js:19:13)\n    at Object.sign_request (D:\\Amit\\A Developer\\2026 product\\full stack project\\E-commerce app\\node_modules\\cloudinary\\lib\\utils\\index.js:1154:16)\n    at Object.process_request_params (D:\\Amit\\A Developer\\2026 product\\full stack project\\E-commerce app\\node_modules\\cloudinary\\lib\\utils\\index.js:1206:22)\n    at call_api (D:\\Amit\\A Developer\\2026 product\\full stack project\\E-commerce app\\node_modules\\cloudinary\\lib\\uploader.js:488:18)\n    at Object.upload (D:\\Amit\\A Developer\\2026 product\\full stack project\\E-commerce app\\node_modules\\cloudinary\\lib\\uploader.js:55:10)\n    at Object.upload_stream (D:\\Amit\\A Developer\\2026 product\\full stack project\\E-commerce app\\node_modules\\cloudinary\\lib\\uploader.js:42:18)\n    at Object.upload_stream (D:\\Amit\\A Developer\\2026 product\\full stack project\\E-commerce app\\node_modules\\cloudinary\\lib\\utils\\index.js:1405:21)\n    at file:///D:/Amit/A%20Developer/2026%20product/full%20stack%20project/E-commerce%20app/backend/services/upload.service.js:18:40\n    at new Promise (<anonymous>)\n    at uploadImageBuffer (file:///D:/Amit/A%20Developer/2026%20product/full%20stack%20project/E-commerce%20app/backend/services/upload.service.js:17:10)","timestamp":"2026-07-12T04:40:18.350Z"}
{"level":"http","message":"\u001b[0mPOST /api/upload/image?folder=shop-logos \u001b[31m500\u001b[0m 4.014 ms - 64\u001b[0m","timestamp":"2026-07-12T04:40:18.350Z"}
{"level":"info","message":"Starting server on port 3008...","timestamp":"2026-07-12T04:43:36.239Z"}
{"level":"info","message":"Socket.io initialized","timestamp":"2026-07-12T04:43:36.254Z"}
{"level":"info","message":"Server running on port 3008 (HTTP + WebSocket)","timestamp":"2026-07-12T04:43:36.258Z"}
{"level":"info","message":"MongoDB Connected: 127.0.0.1","timestamp":"2026-07-12T04:43:36.272Z"}
{"level":"info","message":"Starting server on port 3008...","timestamp":"2026-07-12T04:45:13.858Z"}
{"level":"info","message":"Socket.io initialized","timestamp":"2026-07-12T04:45:13.872Z"}
{"level":"info","message":"Server running on port 3008 (HTTP + WebSocket)","timestamp":"2026-07-12T04:45:13.876Z"}
{"level":"info","message":"MongoDB Connected: 127.0.0.1","timestamp":"2026-07-12T04:45:13.891Z"}
{"level":"info","message":"Starting server on port 3008...","timestamp":"2026-07-12T04:45:33.044Z"}
{"level":"info","message":"Socket.io initialized","timestamp":"2026-07-12T04:45:33.059Z"}
{"level":"info","message":"Server running on port 3008 (HTTP + WebSocket)","timestamp":"2026-07-12T04:45:33.063Z"}
{"level":"info","message":"MongoDB Connected: 127.0.0.1","timestamp":"2026-07-12T04:45:33.077Z"}
{"level":"info","message":"Starting server on port 3008...","timestamp":"2026-07-12T04:46:13.533Z"}
{"level":"info","message":"Socket.io initialized","timestamp":"2026-07-12T04:46:13.547Z"}
{"level":"info","message":"Server running on port 3008 (HTTP + WebSocket)","timestamp":"2026-07-12T04:46:13.551Z"}
{"level":"info","message":"MongoDB Connected: 127.0.0.1","timestamp":"2026-07-12T04:46:13.565Z"}
{"level":"http","message":"\u001b[0mPOST /api/upload/image?folder=shop-logos \u001b[32m201\u001b[0m 2523.484 ms - 172\u001b[0m","timestamp":"2026-07-12T04:46:20.837Z"}
{"level":"warn","message":"POST /api/upload/images?image -> 400 Upload error: Unexpected field","timestamp":"2026-07-12T04:51:11.078Z"}
{"level":"http","message":"\u001b[0mPOST /api/upload/images?image \u001b[33m400\u001b[0m 10.301 ms - 44\u001b[0m","timestamp":"2026-07-12T04:51:11.080Z"}
{"level":"warn","message":"POST /api/upload/images?image -> 400 Upload error: Unexpected field","timestamp":"2026-07-12T04:54:53.880Z"}
{"level":"http","message":"\u001b[0mPOST /api/upload/images?image \u001b[33m400\u001b[0m 6.136 ms - 44\u001b[0m","timestamp":"2026-07-12T04:54:53.882Z"}
{"level":"warn","message":"POST /api/upload/images?image -> 400 Upload error: Unexpected field","timestamp":"2026-07-12T04:54:58.003Z"}
{"level":"http","message":"\u001b[0mPOST /api/upload/images?image \u001b[33m400\u001b[0m 3.751 ms - 44\u001b[0m","timestamp":"2026-07-12T04:54:58.005Z"}
{"level":"info","message":"Starting server on port 3008...","timestamp":"2026-07-12T04:55:05.698Z"}
{"level":"info","message":"Socket.io initialized","timestamp":"2026-07-12T04:55:05.711Z"}
{"level":"info","message":"Server running on port 3008 (HTTP + WebSocket)","timestamp":"2026-07-12T04:55:05.714Z"}
{"level":"info","message":"MongoDB Connected: 127.0.0.1","timestamp":"2026-07-12T04:55:05.728Z"}
{"level":"warn","message":"POST /api/upload/images?image -> 400 Upload error: Unexpected field","timestamp":"2026-07-12T04:55:10.916Z"}
{"level":"http","message":"\u001b[0mPOST /api/upload/images?image \u001b[33m400\u001b[0m 24.714 ms - 44\u001b[0m","timestamp":"2026-07-12T04:55:10.919Z"}
{"level":"warn","message":"POST /api/upload/images?image -> 400 Upload error: Unexpected field","timestamp":"2026-07-12T04:57:32.820Z"}
{"level":"http","message":"\u001b[0mPOST /api/upload/images?image \u001b[33m400\u001b[0m 5.949 ms - 44\u001b[0m","timestamp":"2026-07-12T04:57:32.821Z"}
{"level":"info","message":"Starting server on port 3008...","timestamp":"2026-07-12T04:57:43.812Z"}
{"level":"info","message":"Socket.io initialized","timestamp":"2026-07-12T04:57:43.829Z"}
{"level":"info","message":"Server running on port 3008 (HTTP + WebSocket)","timestamp":"2026-07-12T04:57:43.834Z"}
{"level":"info","message":"MongoDB Connected: 127.0.0.1","timestamp":"2026-07-12T04:57:43.850Z"}
{"level":"http","message":"\u001b[0mPOST /api/upload/images?image \u001b[32m201\u001b[0m 2706.494 ms - 484\u001b[0m","timestamp":"2026-07-12T04:58:17.608Z"}
{"level":"http","message":"\u001b[0mPOST /api/upload/images?folder=product-images \u001b[32m201\u001b[0m 2519.420 ms - 544\u001b[0m","timestamp":"2026-07-12T04:59:20.173Z"}
{"level":"warn","message":"POST /api/upload/image -> 401 Not authorized, no token provided","timestamp":"2026-07-12T05:01:29.701Z"}
{"level":"warn","message":"POST /api/auth/register -> 400 User with this email already exists","timestamp":"2026-07-12T05:01:29.964Z"}
{"level":"warn","message":"POST /api/auth/register -> 400 password: Password must be at least 6 characters","timestamp":"2026-07-12T05:01:29.972Z"}
{"level":"warn","message":"POST /api/upload/image -> 400 Only JPEG, PNG, WEBP, or GIF images are allowed","timestamp":"2026-07-12T05:01:29.976Z"}
{"level":"warn","message":"POST /api/products -> 400 Please create your shop before adding products","timestamp":"2026-07-12T05:01:30.060Z"}
{"level":"warn","message":"POST /api/upload/image -> 400 No image file provided (expected field name 'image')","timestamp":"2026-07-12T05:01:30.066Z"}
{"level":"warn","message":"POST /api/products -> 400 Invalid category","timestamp":"2026-07-12T05:01:30.176Z"}
{"level":"warn","message":"POST /api/upload/image -> 400 File is too large. Maximum size is 5MB.","timestamp":"2026-07-12T05:01:30.189Z"}
{"level":"warn","message":"POST /api/shops -> 400 You already have a shop","timestamp":"2026-07-12T05:01:30.219Z"}
{"level":"warn","message":"POST /api/shops -> 401 Not authorized, no token provided","timestamp":"2026-07-12T05:01:30.230Z"}
{"level":"warn","message":"POST /api/auth/login -> 401 Invalid email or password","timestamp":"2026-07-12T05:01:30.303Z"}
{"level":"warn","message":"POST /api/auth/login -> 401 Invalid email or password","timestamp":"2026-07-12T05:01:30.310Z"}
{"level":"warn","message":"GET /api/auth/me -> 401 Not authorized, no token provided","timestamp":"2026-07-12T05:01:30.316Z"}
{"level":"warn","message":"GET /api/shops/does-not-exist -> 404 Shop not found","timestamp":"2026-07-12T05:01:30.350Z"}
{"level":"warn","message":"POST /api/upload/images -> 400 Upload error: Unexpected field","timestamp":"2026-07-12T05:01:30.441Z"}
{"level":"warn","message":"POST /api/upload/images -> 400 No image files provided (expected field name 'images')","timestamp":"2026-07-12T05:01:30.521Z"}
{"level":"warn","message":"POST /api/orders/checkout -> 400 Your cart is empty","timestamp":"2026-07-12T05:01:30.578Z"}
{"level":"warn","message":"PUT /api/shops/me/slug -> 400 This shop URL is already taken","timestamp":"2026-07-12T05:01:30.659Z"}
{"level":"warn","message":"DELETE /api/upload/image -> 400 publicId is required","timestamp":"2026-07-12T05:01:30.689Z"}
{"level":"warn","message":"PUT /api/products/6a531faa381963e9abf40b88 -> 403 You are not allowed to modify this product","timestamp":"2026-07-12T05:01:30.691Z"}
{"level":"warn","message":"DELETE /api/upload/image -> 401 Not authorized, no token provided","timestamp":"2026-07-12T05:01:30.697Z"}
{"level":"warn","message":"POST /api/orders/checkout -> 400 shippingAddress.street: Invalid input: expected string, received undefined; shippingAddress.city: Invalid input: expected string, received undefined","timestamp":"2026-07-12T05:01:30.790Z"}
{"level":"warn","message":"GET /api/products/6a531faa381963e9abf40b8e -> 404 Product not found","timestamp":"2026-07-12T05:01:30.829Z"}
{"level":"warn","message":"POST /api/orders/checkout -> 400 Insufficient stock for \"Test Product\". Only 1 left.","timestamp":"2026-07-12T05:01:31.097Z"}
{"level":"warn","message":"PATCH /api/orders/6a531fab014334a7ad84f545/cancel -> 403 You are not allowed to cancel this order","timestamp":"2026-07-12T05:01:31.555Z"}
{"level":"warn","message":"Cloudinary credentials are missing from .env (CLOUDINARY_CLOUD_NAME/API_KEY/API_SECRET). Image upload endpoints will fail until these are set.","timestamp":"2026-07-12T11:51:49.642Z"}
{"level":"info","message":"Starting server on port 3008...","timestamp":"2026-07-12T11:51:49.659Z"}
{"level":"info","message":"Socket.io initialized","timestamp":"2026-07-12T11:51:49.675Z"}
{"level":"info","message":"Server running on port 3008 (HTTP + WebSocket)","timestamp":"2026-07-12T11:51:49.680Z"}
{"level":"info","message":"MongoDB Connected: 127.0.0.1","timestamp":"2026-07-12T11:51:49.734Z"}
{"level":"warn","message":"Cloudinary credentials are missing from .env (CLOUDINARY_CLOUD_NAME/API_KEY/API_SECRET). Image upload endpoints will fail until these are set.","timestamp":"2026-07-12T11:52:32.570Z"}
{"level":"info","message":"Starting server on port 3008...","timestamp":"2026-07-12T11:52:32.578Z"}
{"level":"info","message":"Socket.io initialized","timestamp":"2026-07-12T11:52:32.595Z"}
{"level":"info","message":"Server running on port 3008 (HTTP + WebSocket)","timestamp":"2026-07-12T11:52:32.602Z"}
{"level":"info","message":"MongoDB Connected: 127.0.0.1","timestamp":"2026-07-12T11:52:32.623Z"}
{"level":"warn","message":"Cloudinary credentials are missing from .env (CLOUDINARY_CLOUD_NAME/API_KEY/API_SECRET). Image upload endpoints will fail until these are set.","timestamp":"2026-07-12T11:53:06.714Z"}
{"level":"info","message":"Starting server on port 3008...","timestamp":"2026-07-12T11:53:06.722Z"}
{"level":"info","message":"Socket.io initialized","timestamp":"2026-07-12T11:53:06.738Z"}
{"level":"info","message":"Server running on port 3008 (HTTP + WebSocket)","timestamp":"2026-07-12T11:53:06.745Z"}
{"level":"info","message":"MongoDB Connected: 127.0.0.1","timestamp":"2026-07-12T11:53:06.764Z"}
{"level":"info","message":"Starting server on port 3008...","timestamp":"2026-07-12T11:53:45.838Z"}
{"level":"info","message":"Socket.io initialized","timestamp":"2026-07-12T11:53:45.856Z"}
{"level":"info","message":"Server running on port 3008 (HTTP + WebSocket)","timestamp":"2026-07-12T11:53:45.862Z"}
{"level":"info","message":"MongoDB Connected: 127.0.0.1","timestamp":"2026-07-12T11:53:45.880Z"}
{"level":"warn","message":"POST /api/upload/shop-logo -> 401 Not authorized, no token provided","timestamp":"2026-07-12T11:54:26.924Z"}
{"level":"warn","message":"POST /api/auth/register -> 400 User with this email already exists","timestamp":"2026-07-12T11:54:27.508Z"}
{"level":"warn","message":"POST /api/auth/register -> 400 password: Password must be at least 6 characters","timestamp":"2026-07-12T11:54:27.517Z"}
{"level":"warn","message":"POST /api/upload/shop-logo -> 400 Only JPEG, PNG, WEBP, or GIF images are allowed","timestamp":"2026-07-12T11:54:27.518Z"}
{"level":"warn","message":"POST /api/products -> 400 Please create your shop before adding products","timestamp":"2026-07-12T11:54:27.597Z"}
{"level":"warn","message":"POST /api/upload/shop-logo -> 400 No image file provided (expected field name 'image')","timestamp":"2026-07-12T11:54:27.634Z"}
{"level":"warn","message":"POST /api/products -> 400 Invalid category","timestamp":"2026-07-12T11:54:27.730Z"}
{"level":"warn","message":"POST /api/upload/shop-logo -> 400 File is too large. Maximum size is 5MB.","timestamp":"2026-07-12T11:54:27.774Z"}
{"level":"warn","message":"POST /api/shops -> 400 You already have a shop","timestamp":"2026-07-12T11:54:27.828Z"}
{"level":"warn","message":"POST /api/shops -> 401 Not authorized, no token provided","timestamp":"2026-07-12T11:54:27.842Z"}
{"level":"warn","message":"POST /api/auth/login -> 401 Invalid email or password","timestamp":"2026-07-12T11:54:27.905Z"}
{"level":"warn","message":"POST /api/auth/login -> 401 Invalid email or password","timestamp":"2026-07-12T11:54:27.914Z"}
{"level":"warn","message":"GET /api/auth/me -> 401 Not authorized, no token provided","timestamp":"2026-07-12T11:54:27.922Z"}
{"level":"warn","message":"GET /api/shops/does-not-exist -> 404 Shop not found","timestamp":"2026-07-12T11:54:27.989Z"}
{"level":"warn","message":"POST /api/upload/product-images -> 400 Upload error: Unexpected field","timestamp":"2026-07-12T11:54:28.215Z"}
{"level":"warn","message":"POST /api/orders/checkout -> 400 Your cart is empty","timestamp":"2026-07-12T11:54:28.265Z"}
{"level":"warn","message":"POST /api/upload/product-images -> 400 No image files provided (expected field name 'images')","timestamp":"2026-07-12T11:54:28.319Z"}
{"level":"warn","message":"PUT /api/products/6a538074f5e3361ba43808bb -> 403 You are not allowed to modify this product","timestamp":"2026-07-12T11:54:28.359Z"}
{"level":"warn","message":"PUT /api/shops/me/slug -> 400 This shop URL is already taken","timestamp":"2026-07-12T11:54:28.403Z"}
{"level":"warn","message":"GET /api/products/6a538074f5e3361ba43808c1 -> 404 Product not found","timestamp":"2026-07-12T11:54:28.523Z"}
{"level":"warn","message":"POST /api/orders/checkout -> 400 shippingAddress.street: Invalid input: expected string, received undefined; shippingAddress.city: Invalid input: expected string, received undefined","timestamp":"2026-07-12T11:54:28.525Z"}
{"level":"warn","message":"DELETE /api/upload/image -> 400 publicId is required","timestamp":"2026-07-12T11:54:28.526Z"}
{"level":"warn","message":"DELETE /api/upload/image -> 401 Not authorized, no token provided","timestamp":"2026-07-12T11:54:28.534Z"}
{"level":"warn","message":"DELETE /api/upload/image -> 403 You are not allowed to delete this image","timestamp":"2026-07-12T11:54:28.653Z"}
{"level":"warn","message":"POST /api/orders/checkout -> 400 Insufficient stock for \"Test Product\". Only 1 left.","timestamp":"2026-07-12T11:54:28.917Z"}
{"level":"warn","message":"PATCH /api/orders/6a538075fc53ab920955b2b7/cancel -> 403 You are not allowed to cancel this order","timestamp":"2026-07-12T11:54:29.466Z"}
{"level":"info","message":"Starting server on port 3008...","timestamp":"2026-07-13T05:21:19.038Z"}
{"level":"info","message":"Socket.io initialized","timestamp":"2026-07-13T05:21:19.053Z"}
{"level":"info","message":"Server running on port 3008 (HTTP + WebSocket)","timestamp":"2026-07-13T05:21:19.057Z"}
{"level":"info","message":"MongoDB Connected: 127.0.0.1","timestamp":"2026-07-13T05:21:19.098Z"}
{"level":"info","message":"Starting server on port 3008...","timestamp":"2026-07-13T05:26:20.800Z"}
{"level":"info","message":"Socket.io initialized","timestamp":"2026-07-13T05:26:20.814Z"}
{"level":"info","message":"Server running on port 3008 (HTTP + WebSocket)","timestamp":"2026-07-13T05:26:20.817Z"}
{"level":"info","message":"MongoDB Connected: 127.0.0.1","timestamp":"2026-07-13T05:26:20.831Z"}
{"level":"info","message":"Starting server on port 3008...","timestamp":"2026-07-13T06:48:56.532Z"}
{"level":"info","message":"Socket.io initialized","timestamp":"2026-07-13T06:48:56.547Z"}
{"level":"info","message":"Server running on port 3008 (HTTP + WebSocket)","timestamp":"2026-07-13T06:48:56.551Z"}
{"level":"info","message":"MongoDB Connected: 127.0.0.1","timestamp":"2026-07-13T06:48:56.575Z"}
{"level":"warn","message":"POST /api/upload/shop-logo -> 401 Not authorized, no token provided","timestamp":"2026-07-13T06:59:16.183Z"}
{"level":"warn","message":"POST /api/upload/shop-logo -> 400 Only JPEG, PNG, WEBP, or GIF images are allowed","timestamp":"2026-07-13T06:59:16.568Z"}
{"level":"warn","message":"POST /api/upload/shop-logo -> 400 No image file provided (expected field name 'image')","timestamp":"2026-07-13T06:59:16.642Z"}
{"level":"warn","message":"POST /api/upload/shop-logo -> 400 File is too large. Maximum size is 5MB.","timestamp":"2026-07-13T06:59:16.728Z"}
{"level":"warn","message":"POST /api/upload/product-images -> 400 Upload error: Unexpected field","timestamp":"2026-07-13T06:59:17.033Z"}
{"level":"warn","message":"POST /api/upload/product-images -> 400 No image files provided (expected field name 'images')","timestamp":"2026-07-13T06:59:17.105Z"}
{"level":"warn","message":"DELETE /api/upload/image -> 400 publicId is required","timestamp":"2026-07-13T06:59:17.254Z"}
{"level":"warn","message":"DELETE /api/upload/image -> 401 Not authorized, no token provided","timestamp":"2026-07-13T06:59:17.260Z"}
{"level":"warn","message":"DELETE /api/upload/image -> 403 You are not allowed to delete this image","timestamp":"2026-07-13T06:59:17.334Z"}
{"level":"warn","message":"POST /api/shops -> 400 You already have a shop","timestamp":"2026-07-13T06:59:18.988Z"}
{"level":"warn","message":"POST /api/shops -> 401 Not authorized, no token provided","timestamp":"2026-07-13T06:59:18.995Z"}
{"level":"warn","message":"GET /api/shops/does-not-exist -> 404 Shop not found","timestamp":"2026-07-13T06:59:19.098Z"}
{"level":"warn","message":"PUT /api/shops/me/slug -> 400 This shop URL is already taken","timestamp":"2026-07-13T06:59:19.357Z"}
{"level":"warn","message":"POST /api/products -> 400 Please create your shop before adding products","timestamp":"2026-07-13T06:59:20.860Z"}
{"level":"warn","message":"POST /api/products -> 400 Invalid category","timestamp":"2026-07-13T06:59:20.947Z"}
{"level":"warn","message":"PUT /api/products/6a548cc975bb8b3978108faf -> 403 You are not allowed to modify this product","timestamp":"2026-07-13T06:59:21.322Z"}
{"level":"warn","message":"GET /api/products/6a548cc975bb8b3978108fb5 -> 404 Product not found","timestamp":"2026-07-13T06:59:21.425Z"}
{"level":"warn","message":"POST /api/orders/checkout -> 400 Your cart is empty","timestamp":"2026-07-13T06:59:23.271Z"}
{"level":"warn","message":"POST /api/orders/checkout -> 400 shippingAddress.street: Invalid input: expected string, received undefined; shippingAddress.city: Invalid input: expected string, received undefined","timestamp":"2026-07-13T06:59:23.463Z"}
{"level":"warn","message":"POST /api/orders/checkout -> 400 Insufficient stock for \"Test Product\". Only 1 left.","timestamp":"2026-07-13T06:59:23.770Z"}
{"level":"warn","message":"PATCH /api/orders/6a548ccc7f0276231c3de2ca/cancel -> 403 You are not allowed to cancel this order","timestamp":"2026-07-13T06:59:24.257Z"}
{"level":"warn","message":"POST /api/auth/register -> 400 User with this email already exists","timestamp":"2026-07-13T06:59:25.628Z"}
{"level":"warn","message":"POST /api/auth/register -> 400 password: Password must be at least 6 characters","timestamp":"2026-07-13T06:59:25.637Z"}
{"level":"warn","message":"POST /api/auth/login -> 401 Invalid email or password","timestamp":"2026-07-13T06:59:25.933Z"}
{"level":"warn","message":"POST /api/auth/login -> 401 Invalid email or password","timestamp":"2026-07-13T06:59:25.939Z"}
{"level":"warn","message":"GET /api/auth/me -> 401 Not authorized, no token provided","timestamp":"2026-07-13T06:59:25.945Z"}
{"level":"warn","message":"POST /api/upload/shop-logo -> 401 Not authorized, no token provided","timestamp":"2026-07-13T07:00:12.787Z"}
{"level":"warn","message":"POST /api/auth/register -> 400 User with this email already exists","timestamp":"2026-07-13T07:00:13.028Z"}
{"level":"warn","message":"POST /api/auth/register -> 400 password: Password must be at least 6 characters","timestamp":"2026-07-13T07:00:13.044Z"}
{"level":"warn","message":"POST /api/upload/shop-logo -> 400 Only JPEG, PNG, WEBP, or GIF images are allowed","timestamp":"2026-07-13T07:00:13.097Z"}
{"level":"warn","message":"POST /api/products -> 400 Please create your shop before adding products","timestamp":"2026-07-13T07:00:13.161Z"}
{"level":"warn","message":"POST /api/upload/shop-logo -> 400 No image file provided (expected field name 'image')","timestamp":"2026-07-13T07:00:13.196Z"}
{"level":"warn","message":"POST /api/products -> 400 Invalid category","timestamp":"2026-07-13T07:00:13.282Z"}
{"level":"warn","message":"POST /api/upload/shop-logo -> 400 File is too large. Maximum size is 5MB.","timestamp":"2026-07-13T07:00:13.319Z"}
{"level":"warn","message":"POST /api/shops -> 400 You already have a shop","timestamp":"2026-07-13T07:00:13.331Z"}
{"level":"warn","message":"POST /api/shops -> 401 Not authorized, no token provided","timestamp":"2026-07-13T07:00:13.340Z"}
{"level":"warn","message":"POST /api/auth/login -> 401 Invalid email or password","timestamp":"2026-07-13T07:00:13.402Z"}
{"level":"warn","message":"POST /api/auth/login -> 401 Invalid email or password","timestamp":"2026-07-13T07:00:13.411Z"}
{"level":"warn","message":"GET /api/auth/me -> 401 Not authorized, no token provided","timestamp":"2026-07-13T07:00:13.418Z"}
{"level":"warn","message":"GET /api/shops/does-not-exist -> 404 Shop not found","timestamp":"2026-07-13T07:00:13.465Z"}
{"level":"warn","message":"POST /api/upload/product-images -> 400 Upload error: Unexpected field","timestamp":"2026-07-13T07:00:13.696Z"}
{"level":"warn","message":"POST /api/orders/checkout -> 400 Your cart is empty","timestamp":"2026-07-13T07:00:13.709Z"}
{"level":"warn","message":"PUT /api/products/6a548cfd66aea2ef9a70dba2 -> 403 You are not allowed to modify this product","timestamp":"2026-07-13T07:00:13.783Z"}
{"level":"warn","message":"POST /api/upload/product-images -> 400 No image files provided (expected field name 'images')","timestamp":"2026-07-13T07:00:13.796Z"}
{"level":"warn","message":"PUT /api/shops/me/slug -> 400 This shop URL is already taken","timestamp":"2026-07-13T07:00:13.802Z"}
{"level":"warn","message":"GET /api/products/6a548cfd66aea2ef9a70dba8 -> 404 Product not found","timestamp":"2026-07-13T07:00:13.912Z"}
{"level":"warn","message":"POST /api/orders/checkout -> 400 shippingAddress.street: Invalid input: expected string, received undefined; shippingAddress.city: Invalid input: expected string, received undefined","timestamp":"2026-07-13T07:00:13.947Z"}
{"level":"warn","message":"DELETE /api/upload/image -> 400 publicId is required","timestamp":"2026-07-13T07:00:13.997Z"}
{"level":"warn","message":"DELETE /api/upload/image -> 401 Not authorized, no token provided","timestamp":"2026-07-13T07:00:14.005Z"}
{"level":"warn","message":"DELETE /api/upload/image -> 403 You are not allowed to delete this image","timestamp":"2026-07-13T07:00:14.097Z"}
{"level":"warn","message":"POST /api/orders/checkout -> 400 Insufficient stock for \"Test Product\". Only 1 left.","timestamp":"2026-07-13T07:00:14.301Z"}
{"level":"warn","message":"PATCH /api/orders/6a548cfe177de3fa64dfe086/cancel -> 403 You are not allowed to cancel this order","timestamp":"2026-07-13T07:00:14.763Z"}
{"level":"info","message":"Starting server on port 3008...","timestamp":"2026-07-14T11:04:46.148Z"}
{"level":"info","message":"Socket.io initialized","timestamp":"2026-07-14T11:04:46.163Z"}
{"level":"info","message":"Server running on port 3008 (HTTP + WebSocket)","timestamp":"2026-07-14T11:04:46.167Z"}
{"level":"info","message":"MongoDB Connected: 127.0.0.1","timestamp":"2026-07-14T11:04:46.218Z"}
{"level":"warn","message":"POST /api/upload/shop-logo -> 401 Not authorized, no token provided","timestamp":"2026-07-14T11:05:39.414Z"}
{"level":"warn","message":"POST /api/upload/shop-logo -> 400 Only JPEG, PNG, WEBP, or GIF images are allowed","timestamp":"2026-07-14T11:05:39.962Z"}
{"level":"warn","message":"POST /api/auth/register -> 400 User with this email already exists","timestamp":"2026-07-14T11:05:39.977Z"}
{"level":"warn","message":"POST /api/auth/register -> 400 password: Password must be at least 6 characters","timestamp":"2026-07-14T11:05:39.985Z"}
{"level":"warn","message":"POST /api/products -> 400 Please create your shop before adding products","timestamp":"2026-07-14T11:05:40.069Z"}
{"level":"warn","message":"POST /api/upload/shop-logo -> 400 No image file provided (expected field name 'image')","timestamp":"2026-07-14T11:05:40.086Z"}
{"level":"warn","message":"POST /api/products -> 400 Invalid category","timestamp":"2026-07-14T11:05:40.203Z"}
{"level":"warn","message":"POST /api/upload/shop-logo -> 400 File is too large. Maximum size is 5MB.","timestamp":"2026-07-14T11:05:40.212Z"}
{"level":"warn","message":"POST /api/shops -> 400 You already have a shop","timestamp":"2026-07-14T11:05:40.285Z"}
{"level":"warn","message":"POST /api/shops -> 401 Not authorized, no token provided","timestamp":"2026-07-14T11:05:40.295Z"}
{"level":"warn","message":"POST /api/auth/login -> 401 Invalid email or password","timestamp":"2026-07-14T11:05:40.406Z"}
{"level":"warn","message":"POST /api/auth/login -> 401 Invalid email or password","timestamp":"2026-07-14T11:05:40.416Z"}
{"level":"warn","message":"GET /api/auth/me -> 401 Not authorized, no token provided","timestamp":"2026-07-14T11:05:40.423Z"}
{"level":"warn","message":"GET /api/shops/does-not-exist -> 404 Shop not found","timestamp":"2026-07-14T11:05:40.448Z"}
{"level":"warn","message":"POST /api/upload/product-images -> 400 Upload error: Unexpected field","timestamp":"2026-07-14T11:05:40.651Z"}
{"level":"warn","message":"POST /api/orders/checkout -> 400 Your cart is empty","timestamp":"2026-07-14T11:05:40.691Z"}
{"level":"warn","message":"POST /api/upload/product-images -> 400 No image files provided (expected field name 'images')","timestamp":"2026-07-14T11:05:40.756Z"}
{"level":"warn","message":"PUT /api/products/6a561804678251250bfc4d3e -> 403 You are not allowed to modify this product","timestamp":"2026-07-14T11:05:40.776Z"}
{"level":"warn","message":"PUT /api/shops/me/slug -> 400 This shop URL is already taken","timestamp":"2026-07-14T11:05:40.834Z"}
{"level":"warn","message":"GET /api/products/6a561804678251250bfc4d44 -> 404 Product not found","timestamp":"2026-07-14T11:05:40.927Z"}
{"level":"warn","message":"POST /api/orders/checkout -> 400 shippingAddress.street: Invalid input: expected string, received undefined; shippingAddress.city: Invalid input: expected string, received undefined","timestamp":"2026-07-14T11:05:40.950Z"}
{"level":"warn","message":"DELETE /api/upload/image -> 400 publicId is required","timestamp":"2026-07-14T11:05:40.974Z"}
{"level":"warn","message":"DELETE /api/upload/image -> 401 Not authorized, no token provided","timestamp":"2026-07-14T11:05:40.980Z"}
{"level":"warn","message":"DELETE /api/upload/image -> 403 You are not allowed to delete this image","timestamp":"2026-07-14T11:05:41.082Z"}
{"level":"warn","message":"POST /api/orders/checkout -> 400 Insufficient stock for \"Test Product\". Only 1 left.","timestamp":"2026-07-14T11:05:41.372Z"}
{"level":"warn","message":"PATCH /api/orders/6a561805b6da62a6793e1256/cancel -> 403 You are not allowed to cancel this order","timestamp":"2026-07-14T11:05:41.948Z"}
{"level":"info","message":"Starting server on port 3008...","timestamp":"2026-07-14T11:10:30.749Z"}
{"level":"info","message":"Socket.io initialized","timestamp":"2026-07-14T11:10:30.762Z"}
{"level":"info","message":"Server running on port 3008 (HTTP + WebSocket)","timestamp":"2026-07-14T11:10:30.766Z"}
{"level":"info","message":"MongoDB Connected: 127.0.0.1","timestamp":"2026-07-14T11:10:30.787Z"}
{"level":"info","message":"Starting server on port 3008...","timestamp":"2026-07-14T11:26:54.748Z"}
{"level":"info","message":"Socket.io initialized","timestamp":"2026-07-14T11:26:54.767Z"}
{"level":"info","message":"Server running on port 3008 (HTTP + WebSocket)","timestamp":"2026-07-14T11:26:54.771Z"}
{"level":"info","message":"MongoDB Connected: 127.0.0.1","timestamp":"2026-07-14T11:26:54.792Z"}
{"level":"info","message":"Starting server on port 3008...","timestamp":"2026-07-16T04:42:43.652Z"}
{"level":"info","message":"Socket.io initialized","timestamp":"2026-07-16T04:42:43.671Z"}
{"level":"info","message":"Server running on port 3008 (HTTP + WebSocket)","timestamp":"2026-07-16T04:42:43.680Z"}
{"level":"info","message":"MongoDB Connected: 127.0.0.1","timestamp":"2026-07-16T04:42:43.724Z"}
{"level":"warn","message":"POST /api/upload/shop-logo -> 401 Not authorized, no token provided","timestamp":"2026-07-16T04:43:16.754Z"}
{"level":"warn","message":"POST /api/auth/register -> 400 User with this email already exists","timestamp":"2026-07-16T04:43:17.400Z"}
{"level":"warn","message":"POST /api/auth/register -> 400 password: Password must be at least 6 characters","timestamp":"2026-07-16T04:43:17.414Z"}
{"level":"warn","message":"POST /api/upload/shop-logo -> 400 Only JPEG, PNG, WEBP, or GIF images are allowed","timestamp":"2026-07-16T04:43:17.427Z"}
{"level":"warn","message":"POST /api/products -> 400 Please create your shop before adding products","timestamp":"2026-07-16T04:43:17.489Z"}
{"level":"warn","message":"POST /api/upload/shop-logo -> 400 No image file provided (expected field name 'image')","timestamp":"2026-07-16T04:43:17.561Z"}
{"level":"warn","message":"POST /api/products -> 400 Invalid category","timestamp":"2026-07-16T04:43:17.646Z"}
{"level":"warn","message":"POST /api/upload/shop-logo -> 400 File is too large. Maximum size is 5MB.","timestamp":"2026-07-16T04:43:17.717Z"}
{"level":"warn","message":"POST /api/shops -> 400 You already have a shop","timestamp":"2026-07-16T04:43:17.775Z"}
{"level":"warn","message":"POST /api/shops -> 401 Not authorized, no token provided","timestamp":"2026-07-16T04:43:17.792Z"}
{"level":"warn","message":"POST /api/auth/login -> 401 Invalid email or password","timestamp":"2026-07-16T04:43:17.871Z"}
{"level":"warn","message":"POST /api/auth/login -> 401 Invalid email or password","timestamp":"2026-07-16T04:43:17.881Z"}
{"level":"warn","message":"GET /api/auth/me -> 401 Not authorized, no token provided","timestamp":"2026-07-16T04:43:17.888Z"}
{"level":"warn","message":"GET /api/shops/does-not-exist -> 404 Shop not found","timestamp":"2026-07-16T04:43:17.962Z"}
{"level":"warn","message":"POST /api/upload/product-images -> 400 Upload error: Unexpected field","timestamp":"2026-07-16T04:43:18.236Z"}
{"level":"warn","message":"POST /api/orders/checkout -> 400 Your cart is empty","timestamp":"2026-07-16T04:43:18.252Z"}
{"level":"warn","message":"PUT /api/products/6a586166ce195c52a0aa0766 -> 403 You are not allowed to modify this product","timestamp":"2026-07-16T04:43:18.335Z"}
{"level":"warn","message":"POST /api/upload/product-images -> 400 No image files provided (expected field name 'images')","timestamp":"2026-07-16T04:43:18.354Z"}
{"level":"warn","message":"PUT /api/shops/me/slug -> 400 This shop URL is already taken","timestamp":"2026-07-16T04:43:18.405Z"}
{"level":"warn","message":"GET /api/products/6a586166ce195c52a0aa076c -> 404 Product not found","timestamp":"2026-07-16T04:43:18.501Z"}
{"level":"warn","message":"POST /api/orders/checkout -> 400 shippingAddress.street: Invalid input: expected string, received undefined; shippingAddress.city: Invalid input: expected string, received undefined","timestamp":"2026-07-16T04:43:18.545Z"}
{"level":"warn","message":"DELETE /api/upload/image -> 400 publicId is required","timestamp":"2026-07-16T04:43:18.596Z"}
{"level":"warn","message":"DELETE /api/upload/image -> 401 Not authorized, no token provided","timestamp":"2026-07-16T04:43:18.607Z"}
{"level":"warn","message":"DELETE /api/upload/image -> 403 You are not allowed to delete this image","timestamp":"2026-07-16T04:43:18.740Z"}
{"level":"warn","message":"POST /api/orders/checkout -> 400 Insufficient stock for \"Test Product\". Only 1 left.","timestamp":"2026-07-16T04:43:19.043Z"}
{"level":"warn","message":"PATCH /api/orders/6a58616788494fd36f3d650e/cancel -> 403 You are not allowed to cancel this order","timestamp":"2026-07-16T04:43:19.680Z"}
{"level":"info","message":"Starting server on port 3008...","timestamp":"2026-07-28T08:40:58.638Z"}
{"level":"info","message":"Socket.io initialized","timestamp":"2026-07-28T08:40:58.655Z"}
{"level":"info","message":"Server running on port 3008 (HTTP + WebSocket)","timestamp":"2026-07-28T08:40:58.660Z"}
{"level":"info","message":"MongoDB Connected: 127.0.0.1","timestamp":"2026-07-28T08:40:58.687Z"}
{"level":"http","message":"\u001b[0mOPTIONS /api/auth/register \u001b[32m204\u001b[0m 0.992 ms - 0\u001b[0m","timestamp":"2026-07-28T08:42:50.060Z"}
{"level":"http","message":"\u001b[0mPOST /api/auth/register \u001b[32m201\u001b[0m 327.064 ms - 126\u001b[0m","timestamp":"2026-07-28T08:42:50.390Z"}
{"level":"http","message":"\u001b[0mOPTIONS /api/auth/register \u001b[32m204\u001b[0m 0.107 ms - 0\u001b[0m","timestamp":"2026-07-28T08:42:55.825Z"}
{"level":"warn","message":"POST /api/auth/register -> 400 User with this email already exists","timestamp":"2026-07-28T08:42:55.832Z"}
{"level":"http","message":"\u001b[0mPOST /api/auth/register \u001b[33m400\u001b[0m 5.689 ms - 49\u001b[0m","timestamp":"2026-07-28T08:42:55.833Z"}
{"level":"http","message":"\u001b[0mOPTIONS /api/auth/register \u001b[32m204\u001b[0m 0.104 ms - 0\u001b[0m","timestamp":"2026-07-28T08:43:33.684Z"}
{"level":"http","message":"\u001b[0mPOST /api/auth/register \u001b[32m201\u001b[0m 64.742 ms - 127\u001b[0m","timestamp":"2026-07-28T08:43:33.751Z"}
{"level":"http","message":"\u001b[0mOPTIONS /api/auth/login \u001b[32m204\u001b[0m 0.097 ms - 0\u001b[0m","timestamp":"2026-07-28T08:43:55.851Z"}
{"level":"http","message":"\u001b[0mPOST /api/auth/login \u001b[32m200\u001b[0m 67.720 ms - 154\u001b[0m","timestamp":"2026-07-28T08:43:55.922Z"}
{"level":"http","message":"\u001b[0mOPTIONS /api/auth/register \u001b[32m204\u001b[0m 0.106 ms - 0\u001b[0m","timestamp":"2026-07-28T08:58:08.398Z"}
{"level":"http","message":"\u001b[0mPOST /api/auth/register \u001b[32m201\u001b[0m 65.523 ms - 124\u001b[0m","timestamp":"2026-07-28T08:58:08.466Z"}
{"level":"http","message":"\u001b[0mOPTIONS /api/auth/register \u001b[32m204\u001b[0m 0.094 ms - 0\u001b[0m","timestamp":"2026-07-28T08:58:26.514Z"}
{"level":"warn","message":"POST /api/auth/register -> 400 User with this email already exists","timestamp":"2026-07-28T08:58:26.518Z"}
{"level":"http","message":"\u001b[0mPOST /api/auth/register \u001b[33m400\u001b[0m 2.890 ms - 49\u001b[0m","timestamp":"2026-07-28T08:58:26.519Z"}
{"level":"http","message":"\u001b[0mOPTIONS /api/auth/register \u001b[32m204\u001b[0m 0.097 ms - 0\u001b[0m","timestamp":"2026-07-28T08:59:09.426Z"}
{"level":"warn","message":"POST /api/auth/register -> 400 email: A valid email is required","timestamp":"2026-07-28T08:59:09.430Z"}
{"level":"http","message":"\u001b[0mPOST /api/auth/register \u001b[33m400\u001b[0m 1.494 ms - 46\u001b[0m","timestamp":"2026-07-28T08:59:09.430Z"}
{"level":"http","message":"\u001b[0mOPTIONS /api/auth/register \u001b[32m204\u001b[0m 0.082 ms - 0\u001b[0m","timestamp":"2026-07-28T08:59:16.426Z"}
{"level":"http","message":"\u001b[0mPOST /api/auth/register \u001b[32m201\u001b[0m 63.889 ms - 124\u001b[0m","timestamp":"2026-07-28T08:59:16.493Z"}
{"level":"http","message":"\u001b[0mOPTIONS /api/auth/register \u001b[32m204\u001b[0m 0.126 ms - 0\u001b[0m","timestamp":"2026-07-28T09:02:51.731Z"}
{"level":"http","message":"\u001b[0mPOST /api/auth/register \u001b[32m201\u001b[0m 64.085 ms - 126\u001b[0m","timestamp":"2026-07-28T09:02:51.798Z"}
{"level":"http","message":"\u001b[0mOPTIONS /api/auth/register \u001b[32m204\u001b[0m 0.106 ms - 0\u001b[0m","timestamp":"2026-07-28T09:05:36.938Z"}
{"level":"http","message":"\u001b[0mPOST /api/auth/register \u001b[32m201\u001b[0m 65.348 ms - 136\u001b[0m","timestamp":"2026-07-28T09:05:37.006Z"}
{"level":"http","message":"\u001b[0mOPTIONS /api/auth/register \u001b[32m204\u001b[0m 0.131 ms - 0\u001b[0m","timestamp":"2026-07-28T09:15:51.938Z"}
{"level":"http","message":"\u001b[0mPOST /api/auth/register \u001b[32m201\u001b[0m 65.107 ms - 128\u001b[0m","timestamp":"2026-07-28T09:15:52.006Z"}
{"level":"http","message":"\u001b[0mGET /api/auth/me \u001b[32m200\u001b[0m 21.815 ms - 271\u001b[0m","timestamp":"2026-07-28T09:28:09.296Z"}
{"level":"http","message":"\u001b[0mGET /api/auth/me \u001b[36m304\u001b[0m 8.746 ms - -\u001b[0m","timestamp":"2026-07-28T09:29:18.341Z"}
{"level":"http","message":"\u001b[0mGET /api/auth/me \u001b[36m304\u001b[0m 3.435 ms - -\u001b[0m","timestamp":"2026-07-28T09:29:23.430Z"}
{"level":"http","message":"\u001b[0mGET /api/auth/me \u001b[36m304\u001b[0m 3.408 ms - -\u001b[0m","timestamp":"2026-07-28T09:29:25.187Z"}
{"level":"http","message":"\u001b[0mGET /api/auth/me \u001b[36m304\u001b[0m 2.839 ms - -\u001b[0m","timestamp":"2026-07-28T09:29:41.395Z"}
{"level":"http","message":"\u001b[0mGET /api/auth/me \u001b[36m304\u001b[0m 5.718 ms - -\u001b[0m","timestamp":"2026-07-28T09:34:45.833Z"}
{"level":"http","message":"\u001b[0mGET /api/auth/me \u001b[36m304\u001b[0m 7.415 ms - -\u001b[0m","timestamp":"2026-07-28T09:34:50.163Z"}
{"level":"http","message":"\u001b[0mGET /api/auth/me \u001b[36m304\u001b[0m 2.823 ms - -\u001b[0m","timestamp":"2026-07-28T09:34:52.215Z"}
{"level":"http","message":"\u001b[0mGET /api/auth/me \u001b[36m304\u001b[0m 3.536 ms - -\u001b[0m","timestamp":"2026-07-28T09:38:48.767Z"}
{"level":"http","message":"\u001b[0mGET /api/auth/me \u001b[36m304\u001b[0m 3.229 ms - -\u001b[0m","timestamp":"2026-07-28T09:39:15.216Z"}
{"level":"http","message":"\u001b[0mGET /api/auth/me \u001b[36m304\u001b[0m 16.421 ms - -\u001b[0m","timestamp":"2026-07-28T09:47:48.888Z"}
{"level":"http","message":"\u001b[0mGET /api/auth/me \u001b[36m304\u001b[0m 4.716 ms - -\u001b[0m","timestamp":"2026-07-28T09:49:13.150Z"}
{"level":"http","message":"\u001b[0mGET /api/auth/me \u001b[36m304\u001b[0m 4.145 ms - -\u001b[0m","timestamp":"2026-07-28T09:49:23.362Z"}
{"level":"http","message":"\u001b[0mGET /api/auth/me \u001b[36m304\u001b[0m 5.662 ms - -\u001b[0m","timestamp":"2026-07-28T09:52:12.978Z"}
{"level":"http","message":"\u001b[0mGET /api/auth/me \u001b[36m304\u001b[0m 3.044 ms - -\u001b[0m","timestamp":"2026-07-28T09:52:16.294Z"}
{"level":"http","message":"\u001b[0mGET /api/auth/me \u001b[36m304\u001b[0m 3.372 ms - -\u001b[0m","timestamp":"2026-07-28T09:53:54.280Z"}
{"level":"http","message":"\u001b[0mGET /api/auth/me \u001b[36m304\u001b[0m 5.229 ms - -\u001b[0m","timestamp":"2026-07-28T09:53:58.314Z"}
{"level":"http","message":"\u001b[0mGET /api/auth/me \u001b[36m304\u001b[0m 4.328 ms - -\u001b[0m","timestamp":"2026-07-28T09:53:59.912Z"}
{"level":"http","message":"\u001b[0mGET /api/auth/me \u001b[36m304\u001b[0m 2.313 ms - -\u001b[0m","timestamp":"2026-07-28T10:03:05.732Z"}
{"level":"http","message":"\u001b[0mGET /api/auth/me \u001b[36m304\u001b[0m 3.546 ms - -\u001b[0m","timestamp":"2026-07-28T10:03:10.330Z"}
{"level":"http","message":"\u001b[0mGET /api/auth/me \u001b[36m304\u001b[0m 3.422 ms - -\u001b[0m","timestamp":"2026-07-28T10:03:12.404Z"}
{"level":"http","message":"\u001b[0mGET /api/auth/me \u001b[36m304\u001b[0m 4.535 ms - -\u001b[0m","timestamp":"2026-07-28T10:03:13.722Z"}
{"level":"http","message":"\u001b[0mGET /api/auth/me \u001b[36m304\u001b[0m 3.323 ms - -\u001b[0m","timestamp":"2026-07-28T10:03:27.263Z"}
{"level":"http","message":"\u001b[0mPOST /api/auth/logout \u001b[32m200\u001b[0m 5.104 ms - 37\u001b[0m","timestamp":"2026-07-28T10:03:31.404Z"}
{"level":"http","message":"\u001b[0mOPTIONS /api/auth/login \u001b[32m204\u001b[0m 0.080 ms - 0\u001b[0m","timestamp":"2026-07-28T10:03:38.368Z"}
{"level":"http","message":"\u001b[0mPOST /api/auth/login \u001b[32m200\u001b[0m 66.032 ms - 155\u001b[0m","timestamp":"2026-07-28T10:03:38.437Z"}
{"level":"http","message":"\u001b[0mPOST /api/auth/logout \u001b[32m200\u001b[0m 1.865 ms - 37\u001b[0m","timestamp":"2026-07-28T10:03:46.378Z"}
{"level":"http","message":"\u001b[0mOPTIONS /api/auth/login \u001b[32m204\u001b[0m 0.056 ms - 0\u001b[0m","timestamp":"2026-07-28T10:03:54.145Z"}
{"level":"http","message":"\u001b[0mPOST /api/auth/login \u001b[32m200\u001b[0m 63.006 ms - 154\u001b[0m","timestamp":"2026-07-28T10:03:54.210Z"}
{"level":"http","message":"\u001b[0mGET /api/auth/me \u001b[32m200\u001b[0m 3.283 ms - 270\u001b[0m","timestamp":"2026-07-28T10:04:05.999Z"}
{"level":"http","message":"\u001b[0mGET /api/auth/me \u001b[36m304\u001b[0m 3.044 ms - -\u001b[0m","timestamp":"2026-07-28T10:04:10.379Z"}
{"level":"http","message":"\u001b[0mPOST /api/auth/logout \u001b[32m200\u001b[0m 1.791 ms - 37\u001b[0m","timestamp":"2026-07-28T10:04:31.730Z"}
{"level":"http","message":"\u001b[0mOPTIONS /api/auth/login \u001b[32m204\u001b[0m 0.064 ms - 0\u001b[0m","timestamp":"2026-07-28T10:04:35.840Z"}
{"level":"http","message":"\u001b[0mPOST /api/auth/login \u001b[32m200\u001b[0m 63.110 ms - 155\u001b[0m","timestamp":"2026-07-28T10:04:35.905Z"}
{"level":"http","message":"\u001b[0mGET /api/auth/me \u001b[32m200\u001b[0m 2.863 ms - 271\u001b[0m","timestamp":"2026-07-28T10:04:41.040Z"}
{"level":"http","message":"\u001b[0mPOST /api/auth/logout \u001b[32m200\u001b[0m 2.252 ms - 37\u001b[0m","timestamp":"2026-07-28T10:15:38.802Z"}
{"level":"http","message":"\u001b[0mOPTIONS /api/auth/passkey/login/options \u001b[32m204\u001b[0m 0.069 ms - 0\u001b[0m","timestamp":"2026-07-28T10:16:00.113Z"}
{"level":"http","message":"\u001b[0mPOST /api/auth/passkey/login/options \u001b[32m200\u001b[0m 16.460 ms - 125\u001b[0m","timestamp":"2026-07-28T10:16:00.132Z"}
{"level":"http","message":"\u001b[0mOPTIONS /api/auth/login \u001b[32m204\u001b[0m 0.101 ms - 0\u001b[0m","timestamp":"2026-07-28T10:30:31.627Z"}
{"level":"http","message":"\u001b[0mPOST /api/auth/login \u001b[32m200\u001b[0m 65.255 ms - 155\u001b[0m","timestamp":"2026-07-28T10:30:31.694Z"}
{"level":"http","message":"\u001b[0mGET /api/auth/me \u001b[36m304\u001b[0m 4.150 ms - -\u001b[0m","timestamp":"2026-07-28T10:30:36.449Z"}
{"level":"http","message":"\u001b[0mGET /api/auth/me \u001b[36m304\u001b[0m 2.944 ms - -\u001b[0m","timestamp":"2026-07-28T10:30:55.150Z"}
{"level":"http","message":"\u001b[0mGET /api/auth/me \u001b[36m304\u001b[0m 5.888 ms - -\u001b[0m","timestamp":"2026-07-28T10:37:23.082Z"}
{"level":"http","message":"\u001b[0mGET /api/auth/me \u001b[36m304\u001b[0m 4.484 ms - -\u001b[0m","timestamp":"2026-07-28T10:38:00.604Z"}
{"level":"http","message":"\u001b[0mGET /api/auth/me \u001b[36m304\u001b[0m 3.457 ms - -\u001b[0m","timestamp":"2026-07-28T10:38:05.928Z"}
{"level":"http","message":"\u001b[0mGET /api/auth/me \u001b[36m304\u001b[0m 2.741 ms - -\u001b[0m","timestamp":"2026-07-28T10:38:37.472Z"}
{"level":"http","message":"\u001b[0mPOST /api/auth/logout \u001b[32m200\u001b[0m 2.857 ms - 37\u001b[0m","timestamp":"2026-07-28T10:40:03.811Z"}
{"level":"http","message":"\u001b[0mOPTIONS /api/auth/login \u001b[32m204\u001b[0m 0.049 ms - 0\u001b[0m","timestamp":"2026-07-28T10:40:08.223Z"}
{"level":"http","message":"\u001b[0mPOST /api/auth/login \u001b[32m200\u001b[0m 61.631 ms - 154\u001b[0m","timestamp":"2026-07-28T10:40:08.287Z"}
{"level":"http","message":"\u001b[0mGET /api/auth/me \u001b[32m200\u001b[0m 2.201 ms - 270\u001b[0m","timestamp":"2026-07-28T10:40:25.682Z"}
{"level":"http","message":"\u001b[0mGET /api/auth/me \u001b[36m304\u001b[0m 4.271 ms - -\u001b[0m","timestamp":"2026-07-28T10:40:27.068Z"}
{"level":"http","message":"\u001b[0mGET /api/auth/me \u001b[36m304\u001b[0m 3.960 ms - -\u001b[0m","timestamp":"2026-07-28T10:40:28.008Z"}
{"level":"http","message":"\u001b[0mGET /api/auth/me \u001b[36m304\u001b[0m 7.149 ms - -\u001b[0m","timestamp":"2026-07-28T10:43:18.748Z"}
{"level":"http","message":"\u001b[0mGET /api/auth/me \u001b[36m304\u001b[0m 5.138 ms - -\u001b[0m","timestamp":"2026-07-28T10:47:30.555Z"}
{"level":"http","message":"\u001b[0mGET /api/auth/me \u001b[36m304\u001b[0m 2.518 ms - -\u001b[0m","timestamp":"2026-07-28T10:48:19.614Z"}
{"level":"http","message":"\u001b[0mGET /api/auth/me \u001b[36m304\u001b[0m 2.109 ms - -\u001b[0m","timestamp":"2026-07-28T10:50:42.101Z"}
{"level":"http","message":"\u001b[0mGET /api/auth/me \u001b[36m304\u001b[0m 2.327 ms - -\u001b[0m","timestamp":"2026-07-28T10:50:56.830Z"}
{"level":"info","message":"Starting server on port 3008...","timestamp":"2026-07-28T11:31:30.698Z"}
{"level":"info","message":"Socket.io initialized","timestamp":"2026-07-28T11:31:30.712Z"}
{"level":"info","message":"Server running on port 3008 (HTTP + WebSocket)","timestamp":"2026-07-28T11:31:30.715Z"}
{"level":"info","message":"MongoDB Connected: 127.0.0.1","timestamp":"2026-07-28T11:31:30.738Z"}
{"level":"http","message":"\u001b[0mGET /api/auth/me \u001b[36m304\u001b[0m 27.440 ms - -\u001b[0m","timestamp":"2026-07-28T11:31:41.492Z"}
{"level":"http","message":"\u001b[0mPOST /api/auth/logout \u001b[32m200\u001b[0m 3.342 ms - 37\u001b[0m","timestamp":"2026-07-28T11:31:45.178Z"}
{"level":"http","message":"\u001b[0mOPTIONS /api/auth/register \u001b[32m204\u001b[0m 0.308 ms - 0\u001b[0m","timestamp":"2026-07-28T11:33:24.321Z"}
{"level":"http","message":"\u001b[0mPOST /api/auth/register \u001b[32m201\u001b[0m 100.977 ms - 127\u001b[0m","timestamp":"2026-07-28T11:33:24.424Z"}
{"level":"http","message":"\u001b[0mPOST /api/auth/logout \u001b[32m200\u001b[0m 2.219 ms - 37\u001b[0m","timestamp":"2026-07-28T11:33:32.472Z"}
{"level":"http","message":"\u001b[0mOPTIONS /api/auth/register \u001b[32m204\u001b[0m 0.130 ms - 0\u001b[0m","timestamp":"2026-07-28T11:34:11.425Z"}
{"level":"http","message":"\u001b[0mPOST /api/auth/register \u001b[32m201\u001b[0m 65.495 ms - 127\u001b[0m","timestamp":"2026-07-28T11:34:11.493Z"}
{"level":"http","message":"\u001b[0mGET /api/auth/me \u001b[32m200\u001b[0m 5.746 ms - 270\u001b[0m","timestamp":"2026-07-28T11:34:22.629Z"}
{"level":"http","message":"\u001b[0mPOST /api/auth/logout \u001b[32m200\u001b[0m 2.233 ms - 37\u001b[0m","timestamp":"2026-07-28T11:34:40.487Z"}
{"level":"http","message":"\u001b[0mOPTIONS /api/auth/passkey/login/options \u001b[32m204\u001b[0m 0.184 ms - 0\u001b[0m","timestamp":"2026-07-28T11:34:50.225Z"}
{"level":"http","message":"\u001b[0mPOST /api/auth/passkey/login/options \u001b[32m200\u001b[0m 3.412 ms - 124\u001b[0m","timestamp":"2026-07-28T11:34:50.231Z"}
{"level":"warn","message":"GET /api/auth/me -> 401 Not authorized, no token provided","timestamp":"2026-07-28T11:57:44.515Z"}
{"level":"http","message":"\u001b[0mGET /api/auth/me \u001b[33m401\u001b[0m 30.498 ms - 47\u001b[0m","timestamp":"2026-07-28T11:57:44.524Z"}
{"level":"warn","message":"GET /api/auth/me -> 401 Not authorized, no token provided","timestamp":"2026-07-28T11:57:47.537Z"}
{"level":"http","message":"\u001b[0mGET /api/auth/me \u001b[33m401\u001b[0m 2.533 ms - 47\u001b[0m","timestamp":"2026-07-28T11:57:47.539Z"}
{"level":"warn","message":"GET /api/auth/me -> 401 Not authorized, no token provided","timestamp":"2026-07-28T11:57:48.744Z"}
{"level":"http","message":"\u001b[0mGET /api/auth/me \u001b[33m401\u001b[0m 1.281 ms - 47\u001b[0m","timestamp":"2026-07-28T11:57:48.745Z"}
{"level":"http","message":"\u001b[0mOPTIONS /api/auth/login \u001b[32m204\u001b[0m 0.165 ms - 0\u001b[0m","timestamp":"2026-07-28T12:16:35.056Z"}
{"level":"http","message":"\u001b[0mPOST /api/auth/login \u001b[0m-\u001b[0m - ms - -\u001b[0m","timestamp":"2026-07-28T12:16:55.160Z"}
{"level":"warn","message":"GET /api/auth/me -> 401 Not authorized, no token provided","timestamp":"2026-07-28T12:16:56.144Z"}
{"level":"http","message":"\u001b[0mGET /api/auth/me \u001b[33m401\u001b[0m 1.388 ms - 47\u001b[0m","timestamp":"2026-07-28T12:16:56.145Z"}
{"level":"warn","message":"GET /api/auth/me -> 401 Not authorized, no token provided","timestamp":"2026-07-28T12:17:00.342Z"}
{"level":"http","message":"\u001b[0mGET /api/auth/me \u001b[33m401\u001b[0m 1.492 ms - 47\u001b[0m","timestamp":"2026-07-28T12:17:00.343Z"}
{"level":"error","message":"POST /api/auth/login -> 500 connect ECONNREFUSED 127.0.0.1:27017","stack":"MongoServerSelectionError: connect ECONNREFUSED 127.0.0.1:27017\n    at Topology.selectServer (D:\\Amit\\A Developer\\2026 product\\full stack project\\E-commerce app\\node_modules\\mongodb\\lib\\sdam\\topology.js:348:38)\n    at async executeOperationWithRetries (D:\\Amit\\A Developer\\2026 product\\full stack project\\E-commerce app\\node_modules\\mongodb\\lib\\operations\\execute_operation.js:157:18)\n    at async executeOperation (D:\\Amit\\A Developer\\2026 product\\full stack project\\E-commerce app\\node_modules\\mongodb\\lib\\operations\\execute_operation.js:83:16)\n    at async FindCursor._initialize (D:\\Amit\\A Developer\\2026 product\\full stack project\\E-commerce app\\node_modules\\mongodb\\lib\\cursor\\find_cursor.js:62:26)\n    at async FindCursor.cursorInit (D:\\Amit\\A Developer\\2026 product\\full stack project\\E-commerce app\\node_modules\\mongodb\\lib\\cursor\\abstract_cursor.js:620:27)\n    at async FindCursor.fetchBatch (D:\\Amit\\A Developer\\2026 product\\full stack project\\E-commerce app\\node_modules\\mongodb\\lib\\cursor\\abstract_cursor.js:654:13)\n    at async FindCursor.next (D:\\Amit\\A Developer\\2026 product\\full stack project\\E-commerce app\\node_modules\\mongodb\\lib\\cursor\\abstract_cursor.js:326:17)\n    at async Collection.findOne (D:\\Amit\\A Developer\\2026 product\\full stack project\\E-commerce app\\node_modules\\mongodb\\lib\\collection.js:313:24)\n    at async model.Query._findOne (D:\\Amit\\A Developer\\2026 product\\full stack project\\E-commerce app\\node_modules\\mongoose\\lib\\query.js:2773:15)\n    at async maybeTracedQueryExec (D:\\Amit\\A Developer\\2026 product\\full stack project\\E-commerce app\\node_modules\\mongoose\\lib\\query.js:4801:65)","timestamp":"2026-07-28T12:17:05.090Z"}
{"level":"http","message":"\u001b[0mOPTIONS /api/auth/login \u001b[32m204\u001b[0m 0.121 ms - 0\u001b[0m","timestamp":"2026-07-28T12:17:17.399Z"}
{"level":"http","message":"\u001b[0mPOST /api/auth/login \u001b[0m-\u001b[0m - ms - -\u001b[0m","timestamp":"2026-07-28T12:17:39.687Z"}
{"level":"warn","message":"GET /api/auth/me -> 401 Not authorized, no token provided","timestamp":"2026-07-28T12:17:40.898Z"}
{"level":"http","message":"\u001b[0mGET /api/auth/me \u001b[33m401\u001b[0m 1.374 ms - 47\u001b[0m","timestamp":"2026-07-28T12:17:40.899Z"}
{"level":"http","message":"\u001b[0mOPTIONS /api/auth/login \u001b[32m204\u001b[0m 0.092 ms - 0\u001b[0m","timestamp":"2026-07-28T12:17:45.655Z"}
{"level":"error","message":"POST /api/auth/login -> 500 connect ECONNREFUSED 127.0.0.1:27017","stack":"MongoServerSelectionError: connect ECONNREFUSED 127.0.0.1:27017\n    at Topology.selectServer (D:\\Amit\\A Developer\\2026 product\\full stack project\\E-commerce app\\node_modules\\mongodb\\lib\\sdam\\topology.js:348:38)\n    at async executeOperationWithRetries (D:\\Amit\\A Developer\\2026 product\\full stack project\\E-commerce app\\node_modules\\mongodb\\lib\\operations\\execute_operation.js:157:18)\n    at async executeOperation (D:\\Amit\\A Developer\\2026 product\\full stack project\\E-commerce app\\node_modules\\mongodb\\lib\\operations\\execute_operation.js:83:16)\n    at async FindCursor._initialize (D:\\Amit\\A Developer\\2026 product\\full stack project\\E-commerce app\\node_modules\\mongodb\\lib\\cursor\\find_cursor.js:62:26)\n    at async FindCursor.cursorInit (D:\\Amit\\A Developer\\2026 product\\full stack project\\E-commerce app\\node_modules\\mongodb\\lib\\cursor\\abstract_cursor.js:620:27)\n    at async FindCursor.fetchBatch (D:\\Amit\\A Developer\\2026 product\\full stack project\\E-commerce app\\node_modules\\mongodb\\lib\\cursor\\abstract_cursor.js:654:13)\n    at async FindCursor.next (D:\\Amit\\A Developer\\2026 product\\full stack project\\E-commerce app\\node_modules\\mongodb\\lib\\cursor\\abstract_cursor.js:326:17)\n    at async Collection.findOne (D:\\Amit\\A Developer\\2026 product\\full stack project\\E-commerce app\\node_modules\\mongodb\\lib\\collection.js:313:24)\n    at async model.Query._findOne (D:\\Amit\\A Developer\\2026 product\\full stack project\\E-commerce app\\node_modules\\mongoose\\lib\\query.js:2773:15)\n    at async maybeTracedQueryExec (D:\\Amit\\A Developer\\2026 product\\full stack project\\E-commerce app\\node_modules\\mongoose\\lib\\query.js:4801:65)","timestamp":"2026-07-28T12:17:47.415Z"}
{"level":"http","message":"\u001b[0mPOST /api/auth/login \u001b[0m-\u001b[0m - ms - -\u001b[0m","timestamp":"2026-07-28T12:18:02.914Z"}
{"level":"warn","message":"GET /api/auth/me -> 401 Not authorized, no token provided","timestamp":"2026-07-28T12:18:04.172Z"}
{"level":"http","message":"\u001b[0mGET /api/auth/me \u001b[33m401\u001b[0m 1.350 ms - 47\u001b[0m","timestamp":"2026-07-28T12:18:04.173Z"}
{"level":"http","message":"\u001b[0mOPTIONS /api/auth/login \u001b[32m204\u001b[0m 0.096 ms - 0\u001b[0m","timestamp":"2026-07-28T12:18:06.790Z"}
{"level":"error","message":"POST /api/auth/login -> 500 connect ECONNREFUSED 127.0.0.1:27017","stack":"MongoServerSelectionError: connect ECONNREFUSED 127.0.0.1:27017\n    at Topology.selectServer (D:\\Amit\\A Developer\\2026 product\\full stack project\\E-commerce app\\node_modules\\mongodb\\lib\\sdam\\topology.js:348:38)\n    at async executeOperationWithRetries (D:\\Amit\\A Developer\\2026 product\\full stack project\\E-commerce app\\node_modules\\mongodb\\lib\\operations\\execute_operation.js:157:18)\n    at async executeOperation (D:\\Amit\\A Developer\\2026 product\\full stack project\\E-commerce app\\node_modules\\mongodb\\lib\\operations\\execute_operation.js:83:16)\n    at async FindCursor._initialize (D:\\Amit\\A Developer\\2026 product\\full stack project\\E-commerce app\\node_modules\\mongodb\\lib\\cursor\\find_cursor.js:62:26)\n    at async FindCursor.cursorInit (D:\\Amit\\A Developer\\2026 product\\full stack project\\E-commerce app\\node_modules\\mongodb\\lib\\cursor\\abstract_cursor.js:620:27)\n    at async FindCursor.fetchBatch (D:\\Amit\\A Developer\\2026 product\\full stack project\\E-commerce app\\node_modules\\mongodb\\lib\\cursor\\abstract_cursor.js:654:13)\n    at async FindCursor.next (D:\\Amit\\A Developer\\2026 product\\full stack project\\E-commerce app\\node_modules\\mongodb\\lib\\cursor\\abstract_cursor.js:326:17)\n    at async Collection.findOne (D:\\Amit\\A Developer\\2026 product\\full stack project\\E-commerce app\\node_modules\\mongodb\\lib\\collection.js:313:24)\n    at async model.Query._findOne (D:\\Amit\\A Developer\\2026 product\\full stack project\\E-commerce app\\node_modules\\mongoose\\lib\\query.js:2773:15)\n    at async maybeTracedQueryExec (D:\\Amit\\A Developer\\2026 product\\full stack project\\E-commerce app\\node_modules\\mongoose\\lib\\query.js:4801:65)","timestamp":"2026-07-28T12:18:15.665Z"}
{"level":"error","message":"POST /api/auth/login -> 500 connect ECONNREFUSED 127.0.0.1:27017","stack":"MongoServerSelectionError: connect ECONNREFUSED 127.0.0.1:27017\n    at Topology.selectServer (D:\\Amit\\A Developer\\2026 product\\full stack project\\E-commerce app\\node_modules\\mongodb\\lib\\sdam\\topology.js:348:38)\n    at async executeOperationWithRetries (D:\\Amit\\A Developer\\2026 product\\full stack project\\E-commerce app\\node_modules\\mongodb\\lib\\operations\\execute_operation.js:157:18)\n    at async executeOperation (D:\\Amit\\A Developer\\2026 product\\full stack project\\E-commerce app\\node_modules\\mongodb\\lib\\operations\\execute_operation.js:83:16)\n    at async FindCursor._initialize (D:\\Amit\\A Developer\\2026 product\\full stack project\\E-commerce app\\node_modules\\mongodb\\lib\\cursor\\find_cursor.js:62:26)\n    at async FindCursor.cursorInit (D:\\Amit\\A Developer\\2026 product\\full stack project\\E-commerce app\\node_modules\\mongodb\\lib\\cursor\\abstract_cursor.js:620:27)\n    at async FindCursor.fetchBatch (D:\\Amit\\A Developer\\2026 product\\full stack project\\E-commerce app\\node_modules\\mongodb\\lib\\cursor\\abstract_cursor.js:654:13)\n    at async FindCursor.next (D:\\Amit\\A Developer\\2026 product\\full stack project\\E-commerce app\\node_modules\\mongodb\\lib\\cursor\\abstract_cursor.js:326:17)\n    at async Collection.findOne (D:\\Amit\\A Developer\\2026 product\\full stack project\\E-commerce app\\node_modules\\mongodb\\lib\\collection.js:313:24)\n    at async model.Query._findOne (D:\\Amit\\A Developer\\2026 product\\full stack project\\E-commerce app\\node_modules\\mongoose\\lib\\query.js:2773:15)\n    at async maybeTracedQueryExec (D:\\Amit\\A Developer\\2026 product\\full stack project\\E-commerce app\\node_modules\\mongoose\\lib\\query.js:4801:65)","timestamp":"2026-07-28T12:18:36.806Z"}
{"level":"http","message":"\u001b[0mPOST /api/auth/login \u001b[31m500\u001b[0m 30015.117 ms - 81\u001b[0m","timestamp":"2026-07-28T12:18:36.807Z"}
{"level":"http","message":"\u001b[0mOPTIONS /api/auth/login \u001b[32m204\u001b[0m 0.081 ms - 0\u001b[0m","timestamp":"2026-07-28T12:34:29.410Z"}
{"level":"http","message":"\u001b[0mPOST /api/auth/login \u001b[32m200\u001b[0m 82.455 ms - 154\u001b[0m","timestamp":"2026-07-28T12:34:29.495Z"}
{"level":"http","message":"\u001b[0mGET /api/auth/passkey \u001b[32m200\u001b[0m 7.560 ms - 2\u001b[0m","timestamp":"2026-07-28T12:36:40.729Z"}
{"level":"http","message":"\u001b[0mGET /api/auth/passkey \u001b[36m304\u001b[0m 7.598 ms - -\u001b[0m","timestamp":"2026-07-28T12:36:40.739Z"}
{"level":"http","message":"\u001b[0mGET /api/auth/me \u001b[32m200\u001b[0m 4.393 ms - 270\u001b[0m","timestamp":"2026-07-28T12:36:47.241Z"}
{"level":"http","message":"\u001b[0mGET /api/auth/passkey \u001b[36m304\u001b[0m 7.081 ms - -\u001b[0m","timestamp":"2026-07-28T12:36:47.520Z"}
{"level":"http","message":"\u001b[0mGET /api/auth/passkey/register/options \u001b[32m200\u001b[0m 24.205 ms - 558\u001b[0m","timestamp":"2026-07-28T12:36:54.536Z"}
{"level":"http","message":"\u001b[0mOPTIONS /api/auth/passkey/register/verify \u001b[32m204\u001b[0m 0.127 ms - 0\u001b[0m","timestamp":"2026-07-28T12:37:10.365Z"}
{"level":"http","message":"\u001b[0mPOST /api/auth/passkey/register/verify \u001b[32m201\u001b[0m 26.532 ms - 212\u001b[0m","timestamp":"2026-07-28T12:37:10.393Z"}
{"level":"http","message":"\u001b[0mGET /api/auth/passkey \u001b[32m200\u001b[0m 5.112 ms - 158\u001b[0m","timestamp":"2026-07-28T12:37:10.407Z"}
{"level":"http","message":"\u001b[0mPOST /api/auth/logout \u001b[32m200\u001b[0m 1.934 ms - 37\u001b[0m","timestamp":"2026-07-28T12:37:19.439Z"}
{"level":"http","message":"\u001b[0mOPTIONS /api/auth/passkey/login/options \u001b[32m204\u001b[0m 0.111 ms - 0\u001b[0m","timestamp":"2026-07-28T12:37:26.126Z"}
{"level":"http","message":"\u001b[0mPOST /api/auth/passkey/login/options \u001b[32m200\u001b[0m 5.315 ms - 244\u001b[0m","timestamp":"2026-07-28T12:37:26.134Z"}
{"level":"http","message":"\u001b[0mOPTIONS /api/auth/passkey/login/verify \u001b[32m204\u001b[0m 0.192 ms - 0\u001b[0m","timestamp":"2026-07-28T12:37:30.483Z"}
{"level":"http","message":"\u001b[0mPOST /api/auth/passkey/login/verify \u001b[32m200\u001b[0m 22.422 ms - 133\u001b[0m","timestamp":"2026-07-28T12:37:30.507Z"}
{"level":"http","message":"\u001b[0mGET /api/auth/me \u001b[32m200\u001b[0m 2.259 ms - 599\u001b[0m","timestamp":"2026-07-28T12:37:35.275Z"}
{"level":"http","message":"\u001b[0mGET /api/auth/me \u001b[36m304\u001b[0m 4.298 ms - -\u001b[0m","timestamp":"2026-07-28T12:45:26.779Z"}
{"level":"http","message":"\u001b[0mPOST /api/auth/logout \u001b[32m200\u001b[0m 2.185 ms - 37\u001b[0m","timestamp":"2026-07-28T12:45:30.791Z"}
{"level":"http","message":"\u001b[0mOPTIONS /api/auth/passkey/login/options \u001b[32m204\u001b[0m 0.097 ms - 0\u001b[0m","timestamp":"2026-07-28T12:45:37.023Z"}
{"level":"http","message":"\u001b[0mPOST /api/auth/passkey/login/options \u001b[32m200\u001b[0m 4.112 ms - 244\u001b[0m","timestamp":"2026-07-28T12:45:37.030Z"}
{"level":"http","message":"\u001b[0mOPTIONS /api/auth/passkey/login/verify \u001b[32m204\u001b[0m 0.075 ms - 0\u001b[0m","timestamp":"2026-07-28T12:45:41.184Z"}
{"level":"http","message":"\u001b[0mPOST /api/auth/passkey/login/verify \u001b[32m200\u001b[0m 6.971 ms - 133\u001b[0m","timestamp":"2026-07-28T12:45:41.193Z"}
{"level":"http","message":"\u001b[0mGET /api/auth/me \u001b[32m200\u001b[0m 3.861 ms - 599\u001b[0m","timestamp":"2026-07-28T12:45:57.602Z"}
{"level":"http","message":"\u001b[0mPOST /api/auth/logout \u001b[32m200\u001b[0m 1.997 ms - 37\u001b[0m","timestamp":"2026-07-28T12:50:06.442Z"}
{"level":"http","message":"\u001b[0mOPTIONS /api/auth/passkey/login/options \u001b[32m204\u001b[0m 0.070 ms - 0\u001b[0m","timestamp":"2026-07-28T12:50:27.222Z"}
{"level":"http","message":"\u001b[0mPOST /api/auth/passkey/login/options \u001b[32m200\u001b[0m 4.063 ms - 244\u001b[0m","timestamp":"2026-07-28T12:50:27.228Z"}
{"level":"http","message":"\u001b[0mOPTIONS /api/auth/passkey/login/verify \u001b[32m204\u001b[0m 0.186 ms - 0\u001b[0m","timestamp":"2026-07-28T12:51:09.733Z"}
{"level":"http","message":"\u001b[0mPOST /api/auth/passkey/login/verify \u001b[32m200\u001b[0m 6.741 ms - 133\u001b[0m","timestamp":"2026-07-28T12:51:09.742Z"}
{"level":"http","message":"\u001b[0mGET /api/auth/me \u001b[32m200\u001b[0m 5.064 ms - 599\u001b[0m","timestamp":"2026-07-28T12:53:08.889Z"}
{"level":"http","message":"\u001b[0mPOST /api/auth/logout \u001b[32m200\u001b[0m 1.947 ms - 37\u001b[0m","timestamp":"2026-07-28T12:53:11.694Z"}
{"level":"http","message":"\u001b[0mOPTIONS /api/auth/passkey/login/options \u001b[32m204\u001b[0m 0.072 ms - 0\u001b[0m","timestamp":"2026-07-28T12:53:18.894Z"}
{"level":"http","message":"\u001b[0mPOST /api/auth/passkey/login/options \u001b[32m200\u001b[0m 3.581 ms - 244\u001b[0m","timestamp":"2026-07-28T12:53:18.900Z"}
{"level":"http","message":"\u001b[0mOPTIONS /api/auth/passkey/login/verify \u001b[32m204\u001b[0m 0.062 ms - 0\u001b[0m","timestamp":"2026-07-28T12:53:23.171Z"}
{"level":"http","message":"\u001b[0mPOST /api/auth/passkey/login/verify \u001b[32m200\u001b[0m 6.240 ms - 133\u001b[0m","timestamp":"2026-07-28T12:53:23.180Z"}
{"level":"http","message":"\u001b[0mGET /api/auth/passkey \u001b[36m304\u001b[0m 6.179 ms - -\u001b[0m","timestamp":"2026-07-28T12:53:34.960Z"}
{"level":"http","message":"\u001b[0mGET /api/auth/passkey \u001b[36m304\u001b[0m 4.482 ms - -\u001b[0m","timestamp":"2026-07-28T12:53:34.967Z"}
{"level":"info","message":"Starting server on port 3008...","timestamp":"2026-07-28T13:15:40.796Z"}
{"level":"info","message":"Socket.io initialized","timestamp":"2026-07-28T13:15:40.813Z"}
{"level":"info","message":"Server running on port 3008 (HTTP + WebSocket)","timestamp":"2026-07-28T13:15:40.818Z"}
{"level":"info","message":"MongoDB Connected: 127.0.0.1","timestamp":"2026-07-28T13:15:40.843Z"}
{"level":"http","message":"\u001b[0mGET /api/auth/me \u001b[32m200\u001b[0m 39.751 ms - 599\u001b[0m","timestamp":"2026-07-28T13:16:01.699Z"}
{"level":"http","message":"\u001b[0mGET /api/auth/passkey \u001b[36m304\u001b[0m 6.771 ms - -\u001b[0m","timestamp":"2026-07-28T13:16:08.166Z"}
{"level":"http","message":"\u001b[0mGET /api/auth/passkey \u001b[36m304\u001b[0m 6.709 ms - -\u001b[0m","timestamp":"2026-07-28T13:16:08.174Z"}
{"level":"http","message":"\u001b[0mPOST /api/auth/logout \u001b[32m200\u001b[0m 3.956 ms - 37\u001b[0m","timestamp":"2026-07-28T13:18:59.656Z"}
{"level":"http","message":"\u001b[0mOPTIONS /api/auth/login \u001b[32m204\u001b[0m 0.311 ms - 0\u001b[0m","timestamp":"2026-07-28T13:19:05.364Z"}
{"level":"warn","message":"POST /api/auth/login -> 401 Invalid email or password","timestamp":"2026-07-28T13:19:05.467Z"}
{"level":"http","message":"\u001b[0mPOST /api/auth/login \u001b[33m401\u001b[0m 100.230 ms - 39\u001b[0m","timestamp":"2026-07-28T13:19:05.469Z"}
{"level":"http","message":"\u001b[0mOPTIONS /api/auth/login \u001b[32m204\u001b[0m 0.079 ms - 0\u001b[0m","timestamp":"2026-07-28T13:19:16.284Z"}
{"level":"warn","message":"POST /api/auth/login -> 401 Invalid email or password","timestamp":"2026-07-28T13:19:16.355Z"}
{"level":"http","message":"\u001b[0mPOST /api/auth/login \u001b[33m401\u001b[0m 69.197 ms - 39\u001b[0m","timestamp":"2026-07-28T13:19:16.356Z"}
{"level":"http","message":"\u001b[0mOPTIONS /api/auth/register \u001b[32m204\u001b[0m 0.111 ms - 0\u001b[0m","timestamp":"2026-07-28T13:20:10.560Z"}
{"level":"http","message":"\u001b[0mPOST /api/auth/register \u001b[32m201\u001b[0m 77.054 ms - 127\u001b[0m","timestamp":"2026-07-28T13:20:10.639Z"}
{"level":"http","message":"\u001b[0mGET /api/auth/me \u001b[32m200\u001b[0m 4.204 ms - 270\u001b[0m","timestamp":"2026-07-28T13:20:58.699Z"}
{"level":"http","message":"\u001b[0mOPTIONS /api/auth/login \u001b[32m204\u001b[0m 0.158 ms - 0\u001b[0m","timestamp":"2026-07-28T13:21:01.654Z"}
{"level":"warn","message":"POST /api/auth/login -> 401 Invalid email or password","timestamp":"2026-07-28T13:21:01.718Z"}
{"level":"http","message":"\u001b[0mPOST /api/auth/login \u001b[33m401\u001b[0m 62.642 ms - 39\u001b[0m","timestamp":"2026-07-28T13:21:01.719Z"}
{"level":"http","message":"\u001b[0mGET /api/auth/me \u001b[36m304\u001b[0m 7.063 ms - -\u001b[0m","timestamp":"2026-07-28T15:00:43.468Z"}
{"level":"http","message":"\u001b[0mGET /api/auth/me \u001b[36m304\u001b[0m 5.315 ms - -\u001b[0m","timestamp":"2026-07-28T15:00:47.203Z"}
{"level":"http","message":"\u001b[0mGET /api/auth/me \u001b[36m304\u001b[0m 3.692 ms - -\u001b[0m","timestamp":"2026-07-28T15:00:48.272Z"}
{"level":"http","message":"\u001b[0mGET /api/auth/me \u001b[36m304\u001b[0m 5.236 ms - -\u001b[0m","timestamp":"2026-07-28T15:13:52.999Z"}
{"level":"http","message":"\u001b[0mGET /api/auth/me \u001b[36m304\u001b[0m 4.396 ms - -\u001b[0m","timestamp":"2026-07-28T15:13:59.777Z"}
{"level":"http","message":"\u001b[0mOPTIONS /api/auth/passkey/login/options \u001b[32m204\u001b[0m 0.135 ms - 0\u001b[0m","timestamp":"2026-07-28T15:14:10.844Z"}
{"level":"http","message":"\u001b[0mPOST /api/auth/passkey/login/options \u001b[32m200\u001b[0m 14.925 ms - 244\u001b[0m","timestamp":"2026-07-28T15:14:10.862Z"}
{"level":"http","message":"\u001b[0mOPTIONS /api/auth/passkey/login/verify \u001b[32m204\u001b[0m 0.098 ms - 0\u001b[0m","timestamp":"2026-07-28T15:14:15.641Z"}
{"level":"http","message":"\u001b[0mPOST /api/auth/passkey/login/verify \u001b[32m200\u001b[0m 25.921 ms - 133\u001b[0m","timestamp":"2026-07-28T15:14:15.669Z"}
{"level":"http","message":"\u001b[0mGET /api/auth/passkey \u001b[36m304\u001b[0m 6.191 ms - -\u001b[0m","timestamp":"2026-07-28T15:14:25.214Z"}
{"level":"http","message":"\u001b[0mGET /api/auth/passkey \u001b[36m304\u001b[0m 5.027 ms - -\u001b[0m","timestamp":"2026-07-28T15:14:25.220Z"}
{"level":"http","message":"\u001b[0mGET /api/auth/me \u001b[32m200\u001b[0m 5.646 ms - 599\u001b[0m","timestamp":"2026-07-28T15:14:34.518Z"}
{"level":"http","message":"\u001b[0mGET /api/auth/passkey \u001b[36m304\u001b[0m 3.491 ms - -\u001b[0m","timestamp":"2026-07-28T15:14:34.634Z"}
{"level":"http","message":"\u001b[0mGET /api/auth/me \u001b[36m304\u001b[0m 9.969 ms - -\u001b[0m","timestamp":"2026-07-28T15:44:57.708Z"}
{"level":"http","message":"\u001b[0mGET /api/auth/passkey \u001b[36m304\u001b[0m 4.332 ms - -\u001b[0m","timestamp":"2026-07-28T15:45:03.497Z"}
{"level":"http","message":"\u001b[0mGET /api/auth/passkey \u001b[36m304\u001b[0m 5.109 ms - -\u001b[0m","timestamp":"2026-07-28T15:45:03.503Z"}
{"level":"http","message":"\u001b[0mGET /api/auth/me \u001b[36m304\u001b[0m 4.664 ms - -\u001b[0m","timestamp":"2026-07-28T16:08:01.061Z"}
{"level":"info","message":"Starting server on port 3008...","timestamp":"2026-07-29T10:02:11.058Z"}
{"level":"info","message":"Socket.io initialized","timestamp":"2026-07-29T10:02:11.081Z"}
{"level":"info","message":"Server running on port 3008 (HTTP + WebSocket)","timestamp":"2026-07-29T10:02:11.086Z"}
{"level":"info","message":"MongoDB Connected: 127.0.0.1","timestamp":"2026-07-29T10:02:11.145Z"}
{"level":"http","message":"\u001b[0mGET /api/auth/me \u001b[36m304\u001b[0m 70.678 ms - -\u001b[0m","timestamp":"2026-07-29T10:06:58.598Z"}
{"level":"http","message":"\u001b[0mPOST /api/auth/logout \u001b[32m200\u001b[0m 3.534 ms - 37\u001b[0m","timestamp":"2026-07-29T10:07:01.975Z"}
{"level":"http","message":"\u001b[0mOPTIONS /api/auth/register \u001b[32m204\u001b[0m 0.281 ms - 0\u001b[0m","timestamp":"2026-07-29T10:07:42.300Z"}
{"level":"http","message":"\u001b[0mPOST /api/auth/register \u001b[32m201\u001b[0m 332.252 ms - 129\u001b[0m","timestamp":"2026-07-29T10:07:42.634Z"}
{"level":"http","message":"\u001b[0mGET /api/auth/me \u001b[32m200\u001b[0m 15.165 ms - 272\u001b[0m","timestamp":"2026-07-29T11:13:20.488Z"}
{"level":"http","message":"\u001b[0mGET /api/auth/me \u001b[36m304\u001b[0m 2.350 ms - -\u001b[0m","timestamp":"2026-07-29T11:16:13.810Z"}
{"level":"http","message":"\u001b[0mPOST /api/auth/logout \u001b[32m200\u001b[0m 2.429 ms - 37\u001b[0m","timestamp":"2026-07-29T11:17:00.256Z"}
{"level":"http","message":"\u001b[0mOPTIONS /api/auth/passkey/login/options \u001b[32m204\u001b[0m 0.229 ms - 0\u001b[0m","timestamp":"2026-07-29T11:17:08.614Z"}
{"level":"http","message":"\u001b[0mPOST /api/auth/passkey/login/options \u001b[32m200\u001b[0m 25.625 ms - 244\u001b[0m","timestamp":"2026-07-29T11:17:08.642Z"}
{"level":"http","message":"\u001b[0mOPTIONS /api/auth/passkey/login/verify \u001b[32m204\u001b[0m 0.114 ms - 0\u001b[0m","timestamp":"2026-07-29T11:17:12.915Z"}
{"level":"http","message":"\u001b[0mPOST /api/auth/passkey/login/verify \u001b[32m200\u001b[0m 37.532 ms - 133\u001b[0m","timestamp":"2026-07-29T11:17:12.955Z"}
{"level":"http","message":"\u001b[0mPOST /api/auth/logout \u001b[32m200\u001b[0m 2.483 ms - 37\u001b[0m","timestamp":"2026-07-29T11:17:18.462Z"}
{"level":"http","message":"\u001b[0mOPTIONS /api/auth/passkey/login/options \u001b[32m204\u001b[0m 0.085 ms - 0\u001b[0m","timestamp":"2026-07-29T11:17:24.630Z"}
{"level":"http","message":"\u001b[0mPOST /api/auth/passkey/login/options \u001b[32m200\u001b[0m 2.576 ms - 124\u001b[0m","timestamp":"2026-07-29T11:17:24.636Z"}
{"level":"http","message":"\u001b[0mOPTIONS /api/auth/passkey/login/verify \u001b[32m204\u001b[0m 0.086 ms - 0\u001b[0m","timestamp":"2026-07-29T11:17:29.020Z"}
{"level":"warn","message":"POST /api/auth/passkey/login/verify -> 400 This request has expired. Please try again.","timestamp":"2026-07-29T11:17:29.028Z"}
{"level":"http","message":"\u001b[0mPOST /api/auth/passkey/login/verify \u001b[33m400\u001b[0m 6.846 ms - 57\u001b[0m","timestamp":"2026-07-29T11:17:29.029Z"}
{"level":"http","message":"\u001b[0mOPTIONS /api/auth/passkey/login/options \u001b[32m204\u001b[0m 0.080 ms - 0\u001b[0m","timestamp":"2026-07-29T11:17:33.421Z"}
{"level":"http","message":"\u001b[0mPOST /api/auth/passkey/login/options \u001b[32m200\u001b[0m 2.083 ms - 124\u001b[0m","timestamp":"2026-07-29T11:17:33.425Z"}
{"level":"http","message":"\u001b[0mOPTIONS /api/auth/passkey/login/verify \u001b[32m204\u001b[0m 0.077 ms - 0\u001b[0m","timestamp":"2026-07-29T11:17:37.522Z"}
{"level":"warn","message":"POST /api/auth/passkey/login/verify -> 400 This request has expired. Please try again.","timestamp":"2026-07-29T11:17:37.525Z"}
{"level":"http","message":"\u001b[0mPOST /api/auth/passkey/login/verify \u001b[33m400\u001b[0m 2.998 ms - 57\u001b[0m","timestamp":"2026-07-29T11:17:37.526Z"}
{"level":"http","message":"\u001b[0mOPTIONS /api/auth/login \u001b[32m204\u001b[0m 0.086 ms - 0\u001b[0m","timestamp":"2026-07-29T11:17:41.941Z"}
{"level":"warn","message":"POST /api/auth/login -> 401 Invalid email or password","timestamp":"2026-07-29T11:17:42.006Z"}
{"level":"http","message":"\u001b[0mPOST /api/auth/login \u001b[33m401\u001b[0m 63.397 ms - 39\u001b[0m","timestamp":"2026-07-29T11:17:42.006Z"}
{"level":"http","message":"\u001b[0mOPTIONS /api/auth/login \u001b[32m204\u001b[0m 0.108 ms - 0\u001b[0m","timestamp":"2026-07-29T11:18:01.070Z"}
{"level":"warn","message":"POST /api/auth/login -> 401 Invalid email or password","timestamp":"2026-07-29T11:18:01.137Z"}
{"level":"http","message":"\u001b[0mPOST /api/auth/login \u001b[33m401\u001b[0m 65.873 ms - 39\u001b[0m","timestamp":"2026-07-29T11:18:01.138Z"}
{"level":"http","message":"\u001b[0mOPTIONS /api/auth/register \u001b[32m204\u001b[0m 0.092 ms - 0\u001b[0m","timestamp":"2026-07-29T11:19:40.958Z"}
{"level":"http","message":"\u001b[0mPOST /api/auth/register \u001b[32m201\u001b[0m 66.351 ms - 127\u001b[0m","timestamp":"2026-07-29T11:19:41.027Z"}
{"level":"http","message":"\u001b[0mGET /api/auth/passkey \u001b[32m200\u001b[0m 6.310 ms - 2\u001b[0m","timestamp":"2026-07-29T11:20:00.948Z"}
{"level":"http","message":"\u001b[0mGET /api/auth/passkey \u001b[36m304\u001b[0m 5.523 ms - -\u001b[0m","timestamp":"2026-07-29T11:20:00.955Z"}
{"level":"http","message":"\u001b[0mGET /api/auth/passkey/register/options \u001b[32m200\u001b[0m 5.809 ms - 558\u001b[0m","timestamp":"2026-07-29T11:20:09.180Z"}
{"level":"http","message":"\u001b[0mOPTIONS /api/auth/passkey/register/verify \u001b[32m204\u001b[0m 0.079 ms - 0\u001b[0m","timestamp":"2026-07-29T11:20:16.012Z"}
{"level":"http","message":"\u001b[0mPOST /api/auth/passkey/register/verify \u001b[32m201\u001b[0m 11.226 ms - 212\u001b[0m","timestamp":"2026-07-29T11:20:16.026Z"}
{"level":"http","message":"\u001b[0mGET /api/auth/passkey \u001b[32m200\u001b[0m 3.867 ms - 158\u001b[0m","timestamp":"2026-07-29T11:20:16.038Z"}
{"level":"http","message":"\u001b[0mGET /api/auth/me \u001b[32m200\u001b[0m 2.870 ms - 599\u001b[0m","timestamp":"2026-07-29T11:20:38.901Z"}
{"level":"http","message":"\u001b[0mPOST /api/auth/logout \u001b[32m200\u001b[0m 2.145 ms - 37\u001b[0m","timestamp":"2026-07-29T11:20:46.071Z"}
{"level":"http","message":"\u001b[0mOPTIONS /api/auth/passkey/login/options \u001b[32m204\u001b[0m 0.077 ms - 0\u001b[0m","timestamp":"2026-07-29T11:20:53.221Z"}
{"level":"http","message":"\u001b[0mPOST /api/auth/passkey/login/options \u001b[32m200\u001b[0m 1.771 ms - 124\u001b[0m","timestamp":"2026-07-29T11:20:53.225Z"}
{"level":"http","message":"\u001b[0mOPTIONS /api/auth/passkey/login/verify \u001b[32m204\u001b[0m 0.089 ms - 0\u001b[0m","timestamp":"2026-07-29T11:21:03.721Z"}
{"level":"http","message":"\u001b[0mPOST /api/auth/passkey/login/verify \u001b[33m429\u001b[0m 1.821 ms - 64\u001b[0m","timestamp":"2026-07-29T11:21:03.726Z"}
{"level":"http","message":"\u001b[0mOPTIONS /api/auth/passkey/login/options \u001b[32m204\u001b[0m 0.061 ms - 0\u001b[0m","timestamp":"2026-07-29T11:21:17.677Z"}
{"level":"http","message":"\u001b[0mPOST /api/auth/passkey/login/options \u001b[33m429\u001b[0m 0.856 ms - 64\u001b[0m","timestamp":"2026-07-29T11:21:17.680Z"}
{"level":"http","message":"\u001b[0mOPTIONS /api/auth/login \u001b[32m204\u001b[0m 0.060 ms - 0\u001b[0m","timestamp":"2026-07-29T11:21:27.373Z"}
{"level":"http","message":"\u001b[0mPOST /api/auth/login \u001b[33m429\u001b[0m 0.440 ms - 64\u001b[0m","timestamp":"2026-07-29T11:21:27.376Z"}
{"level":"warn","message":"GET /api/auth/me -> 401 Not authorized, no token provided","timestamp":"2026-07-29T11:54:32.639Z"}
{"level":"http","message":"\u001b[0mGET /api/auth/me \u001b[33m401\u001b[0m 1.902 ms - 47\u001b[0m","timestamp":"2026-07-29T11:54:32.640Z"}
{"level":"http","message":"\u001b[0mOPTIONS /api/auth/passkey/login/options \u001b[32m204\u001b[0m 0.057 ms - 0\u001b[0m","timestamp":"2026-07-29T11:54:36.504Z"}
{"level":"http","message":"\u001b[0mPOST /api/auth/passkey/login/options \u001b[32m200\u001b[0m 4.825 ms - 244\u001b[0m","timestamp":"2026-07-29T11:54:36.510Z"}
{"level":"http","message":"\u001b[0mOPTIONS /api/auth/passkey/login/verify \u001b[32m204\u001b[0m 0.072 ms - 0\u001b[0m","timestamp":"2026-07-29T11:54:40.795Z"}
{"level":"http","message":"\u001b[0mPOST /api/auth/passkey/login/verify \u001b[32m200\u001b[0m 10.111 ms - 133\u001b[0m","timestamp":"2026-07-29T11:54:40.807Z"}
{"level":"http","message":"\u001b[0mGET /api/auth/passkey \u001b[32m200\u001b[0m 6.121 ms - 158\u001b[0m","timestamp":"2026-07-29T11:54:51.608Z"}
{"level":"http","message":"\u001b[0mGET /api/auth/passkey \u001b[36m304\u001b[0m 4.337 ms - -\u001b[0m","timestamp":"2026-07-29T11:54:51.614Z"}
{"level":"http","message":"\u001b[0mPOST /api/auth/logout \u001b[32m200\u001b[0m 1.692 ms - 37\u001b[0m","timestamp":"2026-07-29T11:55:19.927Z"}
{"level":"http","message":"\u001b[0mOPTIONS /api/auth/passkey/login/options \u001b[32m204\u001b[0m 0.057 ms - 0\u001b[0m","timestamp":"2026-07-29T11:55:25.518Z"}
{"level":"http","message":"\u001b[0mPOST /api/auth/passkey/login/options \u001b[32m200\u001b[0m 2.283 ms - 124\u001b[0m","timestamp":"2026-07-29T11:55:25.522Z"}
{"level":"http","message":"\u001b[0mOPTIONS /api/auth/passkey/login/verify \u001b[32m204\u001b[0m 0.058 ms - 0\u001b[0m","timestamp":"2026-07-29T11:55:31.226Z"}
{"level":"warn","message":"POST /api/auth/passkey/login/verify -> 400 Passkey authentication failed","timestamp":"2026-07-29T11:55:31.232Z"}
{"level":"http","message":"\u001b[0mPOST /api/auth/passkey/login/verify \u001b[33m400\u001b[0m 4.554 ms - 43\u001b[0m","timestamp":"2026-07-29T11:55:31.233Z"}
{"level":"http","message":"\u001b[0mOPTIONS /api/auth/passkey/login/options \u001b[32m204\u001b[0m 0.061 ms - 0\u001b[0m","timestamp":"2026-07-29T11:55:38.933Z"}
{"level":"http","message":"\u001b[0mPOST /api/auth/passkey/login/options \u001b[32m200\u001b[0m 2.555 ms - 124\u001b[0m","timestamp":"2026-07-29T11:55:38.939Z"}
{"level":"http","message":"\u001b[0mOPTIONS /api/auth/passkey/login/verify \u001b[32m204\u001b[0m 0.055 ms - 0\u001b[0m","timestamp":"2026-07-29T11:55:46.385Z"}
{"level":"warn","message":"POST /api/auth/passkey/login/verify -> 400 Passkey authentication failed","timestamp":"2026-07-29T11:55:46.391Z"}
{"level":"http","message":"\u001b[0mPOST /api/auth/passkey/login/verify \u001b[33m400\u001b[0m 3.894 ms - 43\u001b[0m","timestamp":"2026-07-29T11:55:46.392Z"}
{"level":"http","message":"\u001b[0mOPTIONS /api/auth/login \u001b[32m204\u001b[0m 0.053 ms - 0\u001b[0m","timestamp":"2026-07-29T11:55:58.383Z"}
{"level":"warn","message":"POST /api/auth/login -> 401 Invalid email or password","timestamp":"2026-07-29T11:55:58.386Z"}
{"level":"http","message":"\u001b[0mPOST /api/auth/login \u001b[33m401\u001b[0m 1.741 ms - 39\u001b[0m","timestamp":"2026-07-29T11:55:58.387Z"}
{"level":"http","message":"\u001b[0mOPTIONS /api/auth/register \u001b[32m204\u001b[0m 0.054 ms - 0\u001b[0m","timestamp":"2026-07-29T11:57:32.015Z"}
{"level":"http","message":"\u001b[0mPOST /api/auth/register \u001b[32m201\u001b[0m 65.454 ms - 128\u001b[0m","timestamp":"2026-07-29T11:57:32.083Z"}
{"level":"http","message":"\u001b[0mGET /api/auth/me \u001b[32m200\u001b[0m 2.405 ms - 271\u001b[0m","timestamp":"2026-07-29T11:57:40.668Z"}
{"level":"http","message":"\u001b[0mGET /api/auth/passkey \u001b[32m200\u001b[0m 6.605 ms - 2\u001b[0m","timestamp":"2026-07-29T11:57:46.849Z"}
{"level":"http","message":"\u001b[0mGET /api/auth/passkey \u001b[36m304\u001b[0m 4.089 ms - -\u001b[0m","timestamp":"2026-07-29T11:57:46.854Z"}
{"level":"http","message":"\u001b[0mGET /api/auth/passkey/register/options \u001b[32m200\u001b[0m 4.726 ms - 559\u001b[0m","timestamp":"2026-07-29T11:57:54.131Z"}
{"level":"http","message":"\u001b[0mOPTIONS /api/auth/passkey/register/verify \u001b[32m204\u001b[0m 0.058 ms - 0\u001b[0m","timestamp":"2026-07-29T11:58:00.588Z"}
{"level":"http","message":"\u001b[0mPOST /api/auth/passkey/register/verify \u001b[32m201\u001b[0m 8.670 ms - 212\u001b[0m","timestamp":"2026-07-29T11:58:00.600Z"}
{"level":"http","message":"\u001b[0mGET /api/auth/passkey \u001b[32m200\u001b[0m 3.472 ms - 158\u001b[0m","timestamp":"2026-07-29T11:58:00.613Z"}
{"level":"http","message":"\u001b[0mGET /api/auth/passkey \u001b[36m304\u001b[0m 8.635 ms - -\u001b[0m","timestamp":"2026-07-29T11:58:58.785Z"}
{"level":"http","message":"\u001b[0mGET /api/auth/passkey \u001b[36m304\u001b[0m 5.716 ms - -\u001b[0m","timestamp":"2026-07-29T11:58:58.792Z"}
{"level":"http","message":"\u001b[0mGET /api/auth/passkey \u001b[36m304\u001b[0m 6.794 ms - -\u001b[0m","timestamp":"2026-07-29T11:59:40.371Z"}
{"level":"http","message":"\u001b[0mGET /api/auth/passkey \u001b[36m304\u001b[0m 5.437 ms - -\u001b[0m","timestamp":"2026-07-29T11:59:40.377Z"}
{"level":"http","message":"\u001b[0mGET /api/auth/passkey \u001b[36m304\u001b[0m 5.086 ms - -\u001b[0m","timestamp":"2026-07-29T12:00:40.532Z"}
{"level":"http","message":"\u001b[0mGET /api/auth/passkey \u001b[36m304\u001b[0m 5.406 ms - -\u001b[0m","timestamp":"2026-07-29T12:00:40.539Z"}
{"level":"http","message":"\u001b[0mGET /api/auth/passkey \u001b[36m304\u001b[0m 6.758 ms - -\u001b[0m","timestamp":"2026-07-29T12:01:13.114Z"}
{"level":"http","message":"\u001b[0mGET /api/auth/passkey \u001b[36m304\u001b[0m 4.898 ms - -\u001b[0m","timestamp":"2026-07-29T12:01:13.120Z"}
{"level":"http","message":"\u001b[0mGET /api/auth/passkey \u001b[36m304\u001b[0m 6.673 ms - -\u001b[0m","timestamp":"2026-07-29T12:01:16.215Z"}
{"level":"http","message":"\u001b[0mGET /api/auth/passkey \u001b[36m304\u001b[0m 4.210 ms - -\u001b[0m","timestamp":"2026-07-29T12:01:16.221Z"}
{"level":"http","message":"\u001b[0mGET /api/auth/me \u001b[32m200\u001b[0m 3.882 ms - 600\u001b[0m","timestamp":"2026-07-29T12:14:13.079Z"}
{"level":"http","message":"\u001b[0mGET /api/auth/me \u001b[36m304\u001b[0m 146.047 ms - -\u001b[0m","timestamp":"2026-07-29T18:14:49.014Z"}
{"level":"http","message":"\u001b[0mGET /api/auth/me \u001b[36m304\u001b[0m 6.457 ms - -\u001b[0m","timestamp":"2026-07-29T18:25:04.953Z"}
{"level":"http","message":"\u001b[0mGET /api/auth/me \u001b[36m304\u001b[0m 4.728 ms - -\u001b[0m","timestamp":"2026-07-29T18:25:10.933Z"}
{"level":"http","message":"\u001b[0mGET /api/auth/passkey \u001b[36m304\u001b[0m 4.742 ms - -\u001b[0m","timestamp":"2026-07-29T18:25:16.349Z"}
{"level":"http","message":"\u001b[0mGET /api/auth/passkey \u001b[36m304\u001b[0m 4.656 ms - -\u001b[0m","timestamp":"2026-07-29T18:25:16.355Z"}
{"level":"http","message":"\u001b[0mGET /api/auth/passkey \u001b[36m304\u001b[0m 9.296 ms - -\u001b[0m","timestamp":"2026-07-29T18:25:34.564Z"}
{"level":"http","message":"\u001b[0mGET /api/auth/passkey \u001b[36m304\u001b[0m 7.333 ms - -\u001b[0m","timestamp":"2026-07-29T18:25:34.573Z"}
{"level":"http","message":"\u001b[0mGET /api/auth/me \u001b[36m304\u001b[0m 4.890 ms - -\u001b[0m","timestamp":"2026-07-29T18:25:51.811Z"}
{"level":"http","message":"\u001b[0mGET /api/auth/passkey \u001b[36m304\u001b[0m 6.358 ms - -\u001b[0m","timestamp":"2026-07-29T18:26:02.366Z"}
{"level":"http","message":"\u001b[0mGET /api/auth/passkey \u001b[36m304\u001b[0m 6.745 ms - -\u001b[0m","timestamp":"2026-07-29T18:26:02.374Z"}
{"level":"info","message":"Starting server on port 3008...","timestamp":"2026-07-30T05:31:02.330Z"}
{"level":"info","message":"Socket.io initialized","timestamp":"2026-07-30T05:31:02.346Z"}
{"level":"info","message":"Server running on port 3008 (HTTP + WebSocket)","timestamp":"2026-07-30T05:31:02.351Z"}
{"level":"info","message":"MongoDB Connected: 127.0.0.1","timestamp":"2026-07-30T05:31:02.602Z"}
{"level":"http","message":"\u001b[0mGET /api/auth/me \u001b[36m304\u001b[0m 113.377 ms - -\u001b[0m","timestamp":"2026-07-30T05:34:50.936Z"}
{"level":"http","message":"\u001b[0mGET /api/auth/passkey \u001b[36m304\u001b[0m 12.052 ms - -\u001b[0m","timestamp":"2026-07-30T05:35:37.639Z"}
{"level":"http","message":"\u001b[0mGET /api/auth/passkey \u001b[36m304\u001b[0m 8.697 ms - -\u001b[0m","timestamp":"2026-07-30T05:35:37.650Z"}
{"level":"http","message":"\u001b[0mGET /api/auth/me \u001b[36m304\u001b[0m 31.257 ms - -\u001b[0m","timestamp":"2026-07-30T09:41:22.711Z"}
{"level":"http","message":"\u001b[0mGET /api/auth/me \u001b[36m304\u001b[0m 13.007 ms - -\u001b[0m","timestamp":"2026-07-30T10:07:57.676Z"}
{"level":"warn","message":"GET /api/products/me -> 404 You have not created a shop yet","timestamp":"2026-07-30T10:33:15.059Z"}
{"level":"http","message":"\u001b[0mGET /api/products/me \u001b[33m404\u001b[0m 89.165 ms - 45\u001b[0m","timestamp":"2026-07-30T10:33:15.066Z"}
{"level":"warn","message":"GET /api/products/me -> 404 You have not created a shop yet","timestamp":"2026-07-30T10:33:15.077Z"}
{"level":"http","message":"\u001b[0mGET /api/products/me \u001b[33m404\u001b[0m 10.466 ms - 45\u001b[0m","timestamp":"2026-07-30T10:33:15.078Z"}
{"level":"http","message":"\u001b[0mGET /api/api/categories \u001b[33m404\u001b[0m 3.388 ms - 29\u001b[0m","timestamp":"2026-07-30T10:33:20.494Z"}
{"level":"http","message":"\u001b[0mGET /api/api/categories \u001b[33m404\u001b[0m 1.644 ms - 29\u001b[0m","timestamp":"2026-07-30T10:33:20.499Z"}
{"level":"http","message":"\u001b[0mGET /api/api/categories \u001b[33m404\u001b[0m 0.506 ms - 29\u001b[0m","timestamp":"2026-07-30T10:33:32.908Z"}
{"level":"warn","message":"GET /api/products/me -> 404 You have not created a shop yet","timestamp":"2026-07-30T10:33:34.269Z"}
{"level":"http","message":"\u001b[0mGET /api/products/me \u001b[33m404\u001b[0m 8.289 ms - 45\u001b[0m","timestamp":"2026-07-30T10:33:34.270Z"}
{"level":"warn","message":"GET /api/products/me -> 404 You have not created a shop yet","timestamp":"2026-07-30T10:33:34.276Z"}
{"level":"http","message":"\u001b[0mGET /api/products/me \u001b[33m404\u001b[0m 5.560 ms - 45\u001b[0m","timestamp":"2026-07-30T10:33:34.277Z"}
{"level":"http","message":"\u001b[0mGET /api/auth/me \u001b[36m304\u001b[0m 13.008 ms - -\u001b[0m","timestamp":"2026-07-30T10:33:42.015Z"}
{"level":"warn","message":"GET /api/products/me -> 404 You have not created a shop yet","timestamp":"2026-07-30T10:33:42.117Z"}
{"level":"http","message":"\u001b[0mGET /api/products/me \u001b[33m404\u001b[0m 5.177 ms - 45\u001b[0m","timestamp":"2026-07-30T10:33:42.118Z"}
{"level":"http","message":"\u001b[0mGET /api/api/categories \u001b[33m404\u001b[0m 0.687 ms - 29\u001b[0m","timestamp":"2026-07-30T10:33:48.202Z"}
{"level":"http","message":"\u001b[0mGET /api/api/categories \u001b[33m404\u001b[0m 0.610 ms - 29\u001b[0m","timestamp":"2026-07-30T10:33:48.205Z"}
{"level":"info","message":"Starting server on port 3008...","timestamp":"2026-07-30T10:49:18.020Z"}
{"level":"info","message":"Socket.io initialized","timestamp":"2026-07-30T10:49:18.048Z"}
{"level":"info","message":"Server running on port 3008 (HTTP + WebSocket)","timestamp":"2026-07-30T10:49:18.054Z"}
{"level":"info","message":"MongoDB Connected: 127.0.0.1","timestamp":"2026-07-30T10:49:18.083Z"}
{"level":"info","message":"Starting server on port 3008...","timestamp":"2026-07-30T12:52:38.011Z"}
{"level":"info","message":"Socket.io initialized","timestamp":"2026-07-30T12:52:38.035Z"}
{"level":"info","message":"Server running on port 3008 (HTTP + WebSocket)","timestamp":"2026-07-30T12:52:38.040Z"}
{"level":"info","message":"MongoDB Connected: 127.0.0.1","timestamp":"2026-07-30T12:52:38.066Z"}
{"level":"http","message":"\u001b[0mGET /api/auth/me \u001b[32m200\u001b[0m 110.038 ms - 600\u001b[0m","timestamp":"2026-07-30T13:36:15.673Z"}
{"level":"http","message":"\u001b[0mGET /api/auth/passkey \u001b[32m200\u001b[0m 8.323 ms - 158\u001b[0m","timestamp":"2026-07-30T13:36:18.526Z"}
{"level":"http","message":"\u001b[0mGET /api/auth/passkey \u001b[36m304\u001b[0m 5.836 ms - -\u001b[0m","timestamp":"2026-07-30T13:36:18.535Z"}
{"level":"warn","message":"GET /api/products/me -> 404 You have not created a shop yet","timestamp":"2026-07-30T13:36:20.621Z"}
{"level":"http","message":"\u001b[0mGET /api/products/me \u001b[33m404\u001b[0m 40.074 ms - 45\u001b[0m","timestamp":"2026-07-30T13:36:20.622Z"}
{"level":"warn","message":"GET /api/products/me -> 404 You have not created a shop yet","timestamp":"2026-07-30T13:36:20.631Z"}
{"level":"http","message":"\u001b[0mGET /api/products/me \u001b[33m404\u001b[0m 8.721 ms - 45\u001b[0m","timestamp":"2026-07-30T13:36:20.633Z"}
{"level":"http","message":"\u001b[0mGET /api/auth/me \u001b[36m304\u001b[0m 5.131 ms - -\u001b[0m","timestamp":"2026-07-30T13:36:26.494Z"}
{"level":"warn","message":"GET /api/products/me -> 404 You have not created a shop yet","timestamp":"2026-07-30T13:36:26.594Z"}
{"level":"http","message":"\u001b[0mGET /api/products/me \u001b[33m404\u001b[0m 6.099 ms - 45\u001b[0m","timestamp":"2026-07-30T13:36:26.596Z"}
{"level":"http","message":"\u001b[0mGET /api/auth/passkey \u001b[36m304\u001b[0m 6.498 ms - -\u001b[0m","timestamp":"2026-07-30T13:36:32.475Z"}
{"level":"http","message":"\u001b[0mGET /api/auth/passkey \u001b[36m304\u001b[0m 5.572 ms - -\u001b[0m","timestamp":"2026-07-30T13:36:32.482Z"}
{"level":"http","message":"\u001b[0mGET /api/auth/me \u001b[36m304\u001b[0m 4.831 ms - -\u001b[0m","timestamp":"2026-07-30T13:36:35.241Z"}
{"level":"http","message":"\u001b[0mGET /api/auth/passkey \u001b[36m304\u001b[0m 7.101 ms - -\u001b[0m","timestamp":"2026-07-30T13:36:37.358Z"}
{"level":"http","message":"\u001b[0mGET /api/api/categories \u001b[33m404\u001b[0m 13.350 ms - 29\u001b[0m","timestamp":"2026-07-30T16:09:59.215Z"}
{"level":"http","message":"\u001b[0mGET /api/api/categories \u001b[33m404\u001b[0m 1.051 ms - 29\u001b[0m","timestamp":"2026-07-30T16:09:59.220Z"}
{"level":"warn","message":"GET /api/products/me -> 404 You have not created a shop yet","timestamp":"2026-07-30T16:10:03.123Z"}
{"level":"http","message":"\u001b[0mGET /api/products/me \u001b[33m404\u001b[0m 42.955 ms - 45\u001b[0m","timestamp":"2026-07-30T16:10:03.124Z"}
{"level":"warn","message":"GET /api/products/me -> 404 You have not created a shop yet","timestamp":"2026-07-30T16:10:03.130Z"}
{"level":"http","message":"\u001b[0mGET /api/products/me \u001b[33m404\u001b[0m 5.052 ms - 45\u001b[0m","timestamp":"2026-07-30T16:10:03.132Z"}
{"level":"http","message":"\u001b[0mGET /api/api/categories \u001b[33m404\u001b[0m 0.726 ms - 29\u001b[0m","timestamp":"2026-07-30T16:10:05.259Z"}
{"level":"http","message":"\u001b[0mGET /api/api/categories \u001b[33m404\u001b[0m 0.614 ms - 29\u001b[0m","timestamp":"2026-07-30T16:10:05.261Z"}
{"level":"http","message":"\u001b[0mGET /api/auth/me \u001b[36m304\u001b[0m 4.000 ms - -\u001b[0m","timestamp":"2026-07-30T16:10:07.123Z"}
{"level":"http","message":"\u001b[0mGET /api/api/categories \u001b[33m404\u001b[0m 0.850 ms - 29\u001b[0m","timestamp":"2026-07-30T16:10:07.279Z"}
{"level":"warn","message":"GET /api/products/me -> 404 You have not created a shop yet","timestamp":"2026-07-30T16:10:20.890Z"}
{"level":"http","message":"\u001b[0mGET /api/products/me \u001b[33m404\u001b[0m 9.993 ms - 45\u001b[0m","timestamp":"2026-07-30T16:10:20.891Z"}
{"level":"warn","message":"GET /api/products/me -> 404 You have not created a shop yet","timestamp":"2026-07-30T16:10:20.900Z"}
{"level":"http","message":"\u001b[0mGET /api/products/me \u001b[33m404\u001b[0m 6.913 ms - 45\u001b[0m","timestamp":"2026-07-30T16:10:20.901Z"}
{"level":"http","message":"\u001b[0mGET /api/api/categories \u001b[33m404\u001b[0m 0.741 ms - 29\u001b[0m","timestamp":"2026-07-30T16:10:22.407Z"}
{"level":"http","message":"\u001b[0mGET /api/api/categories \u001b[33m404\u001b[0m 0.716 ms - 29\u001b[0m","timestamp":"2026-07-30T16:10:22.410Z"}
{"level":"http","message":"\u001b[0mGET /api/auth/me \u001b[36m304\u001b[0m 4.761 ms - -\u001b[0m","timestamp":"2026-07-30T16:11:41.403Z"}
{"level":"http","message":"\u001b[0mGET /api/api/categories \u001b[33m404\u001b[0m 0.467 ms - 29\u001b[0m","timestamp":"2026-07-30T16:11:41.524Z"}
{"level":"http","message":"\u001b[0mGET /api/auth/me \u001b[36m304\u001b[0m 3.295 ms - -\u001b[0m","timestamp":"2026-07-30T16:11:45.875Z"}
{"level":"http","message":"\u001b[0mGET /api/api/categories \u001b[33m404\u001b[0m 0.486 ms - 29\u001b[0m","timestamp":"2026-07-30T16:11:47.650Z"}
{"level":"http","message":"\u001b[0mGET /api/api/categories \u001b[33m404\u001b[0m 0.458 ms - 29\u001b[0m","timestamp":"2026-07-30T16:11:47.653Z"}
{"level":"http","message":"\u001b[0mGET /api/auth/passkey \u001b[36m304\u001b[0m 10.591 ms - -\u001b[0m","timestamp":"2026-07-30T16:11:57.249Z"}
{"level":"http","message":"\u001b[0mGET /api/auth/passkey \u001b[36m304\u001b[0m 5.989 ms - -\u001b[0m","timestamp":"2026-07-30T16:11:57.256Z"}
{"level":"warn","message":"GET /api/products/me -> 404 You have not created a shop yet","timestamp":"2026-07-30T16:12:00.260Z"}
{"level":"http","message":"\u001b[0mGET /api/products/me \u001b[33m404\u001b[0m 10.229 ms - 45\u001b[0m","timestamp":"2026-07-30T16:12:00.261Z"}
{"level":"warn","message":"GET /api/products/me -> 404 You have not created a shop yet","timestamp":"2026-07-30T16:12:00.272Z"}
{"level":"http","message":"\u001b[0mGET /api/products/me \u001b[33m404\u001b[0m 8.493 ms - 45\u001b[0m","timestamp":"2026-07-30T16:12:00.273Z"}
{"level":"http","message":"\u001b[0mGET /api/api/categories \u001b[33m404\u001b[0m 0.848 ms - 29\u001b[0m","timestamp":"2026-07-30T16:12:01.884Z"}
{"level":"http","message":"\u001b[0mGET /api/api/categories \u001b[33m404\u001b[0m 0.558 ms - 29\u001b[0m","timestamp":"2026-07-30T16:12:01.886Z"}
{"level":"http","message":"\u001b[0mGET /api/api/categories \u001b[33m404\u001b[0m 1.677 ms - 29\u001b[0m","timestamp":"2026-07-30T16:12:28.366Z"}
{"level":"http","message":"\u001b[0mGET /api/api/categories \u001b[33m404\u001b[0m 1.002 ms - 29\u001b[0m","timestamp":"2026-07-30T16:12:28.370Z"}
{"level":"http","message":"\u001b[0mGET /api/api/categories \u001b[33m404\u001b[0m 0.480 ms - 29\u001b[0m","timestamp":"2026-07-30T16:12:33.787Z"}
{"level":"info","message":"Starting server on port 3008...","timestamp":"2026-07-30T17:13:50.386Z"}
{"level":"info","message":"Socket.io initialized","timestamp":"2026-07-30T17:13:50.409Z"}
{"level":"info","message":"Server running on port 3008 (HTTP + WebSocket)","timestamp":"2026-07-30T17:13:50.415Z"}
{"level":"info","message":"MongoDB Connected: 127.0.0.1","timestamp":"2026-07-30T17:13:50.452Z"}
{"level":"http","message":"\u001b[0mGET /api/auth/me \u001b[32m200\u001b[0m 102.643 ms - 600\u001b[0m","timestamp":"2026-07-30T17:14:15.783Z"}
{"level":"http","message":"\u001b[0mGET /api/auth/passkey \u001b[32m200\u001b[0m 9.451 ms - 158\u001b[0m","timestamp":"2026-07-30T17:14:19.336Z"}
{"level":"http","message":"\u001b[0mGET /api/auth/passkey \u001b[36m304\u001b[0m 7.277 ms - -\u001b[0m","timestamp":"2026-07-30T17:14:19.345Z"}
{"level":"warn","message":"GET /api/products/me -> 404 You have not created a shop yet","timestamp":"2026-07-30T17:14:20.983Z"}
{"level":"http","message":"\u001b[0mGET /api/products/me \u001b[33m404\u001b[0m 45.761 ms - 45\u001b[0m","timestamp":"2026-07-30T17:14:20.984Z"}
{"level":"warn","message":"GET /api/products/me -> 404 You have not created a shop yet","timestamp":"2026-07-30T17:14:20.989Z"}
{"level":"http","message":"\u001b[0mGET /api/products/me \u001b[33m404\u001b[0m 5.380 ms - 45\u001b[0m","timestamp":"2026-07-30T17:14:20.991Z"}
{"level":"http","message":"\u001b[0mGET /api/api/categories \u001b[33m404\u001b[0m 1.151 ms - 29\u001b[0m","timestamp":"2026-07-30T17:14:23.206Z"}
{"level":"http","message":"\u001b[0mGET /api/api/categories \u001b[33m404\u001b[0m 0.995 ms - 29\u001b[0m","timestamp":"2026-07-30T17:14:23.210Z"}
{"level":"http","message":"\u001b[0mGET /api/auth/me \u001b[36m304\u001b[0m 6.082 ms - -\u001b[0m","timestamp":"2026-07-30T17:30:08.473Z"}
{"level":"http","message":"\u001b[0mGET /api/auth/me \u001b[36m304\u001b[0m 8.602 ms - -\u001b[0m","timestamp":"2026-07-30T17:44:45.804Z"}
{"level":"http","message":"\u001b[0mGET /api/auth/me \u001b[36m304\u001b[0m 16.656 ms - -\u001b[0m","timestamp":"2026-07-30T17:58:09.904Z"}
{"level":"http","message":"\u001b[0mGET /api/auth/me \u001b[36m304\u001b[0m 9.280 ms - -\u001b[0m","timestamp":"2026-07-30T18:07:41.205Z"}
{"level":"http","message":"\u001b[0mGET /api/auth/me \u001b[36m304\u001b[0m 5.803 ms - -\u001b[0m","timestamp":"2026-07-30T18:09:42.780Z"}
{"level":"http","message":"\u001b[0mGET /api/auth/me \u001b[36m304\u001b[0m 12.939 ms - -\u001b[0m","timestamp":"2026-07-30T18:10:03.862Z"}
{"level":"http","message":"\u001b[0mGET /api/auth/me \u001b[36m304\u001b[0m 6.966 ms - -\u001b[0m","timestamp":"2026-07-30T18:10:06.102Z"}
{"level":"http","message":"\u001b[0mGET /api/auth/me \u001b[36m304\u001b[0m 5.466 ms - -\u001b[0m","timestamp":"2026-07-30T18:10:17.325Z"}
{"level":"http","message":"\u001b[0mGET /api/auth/me \u001b[36m304\u001b[0m 6.716 ms - -\u001b[0m","timestamp":"2026-07-30T18:10:23.199Z"}
{"level":"info","message":"Starting server on port 3008...","timestamp":"2026-07-30T18:29:21.408Z"}
{"level":"info","message":"Socket.io initialized","timestamp":"2026-07-30T18:29:21.467Z"}
{"level":"info","message":"Server running on port 3008 (HTTP + WebSocket)","timestamp":"2026-07-30T18:29:21.482Z"}
{"level":"info","message":"MongoDB Connected: 127.0.0.1","timestamp":"2026-07-30T18:29:21.561Z"}
{"level":"http","message":"\u001b[0mGET /api/auth/me \u001b[36m304\u001b[0m 90.323 ms - -\u001b[0m","timestamp":"2026-07-30T18:32:43.555Z"}
{"level":"http","message":"\u001b[0mGET /api/categories \u001b[32m200\u001b[0m 84.362 ms - 451\u001b[0m","timestamp":"2026-07-30T18:32:55.777Z"}
{"level":"http","message":"\u001b[0mGET /api/shops \u001b[32m200\u001b[0m 202.219 ms - 752\u001b[0m","timestamp":"2026-07-30T18:32:55.899Z"}
{"level":"http","message":"\u001b[0mGET /api/products \u001b[32m200\u001b[0m 216.074 ms - 696\u001b[0m","timestamp":"2026-07-30T18:32:55.900Z"}
{"level":"http","message":"\u001b[0mGET /api/auth/me \u001b[36m304\u001b[0m 40.651 ms - -\u001b[0m","timestamp":"2026-07-30T18:33:08.872Z"}
{"level":"http","message":"\u001b[0mGET /api/categories \u001b[36m304\u001b[0m 54.306 ms - -\u001b[0m","timestamp":"2026-07-30T18:33:08.900Z"}
{"level":"http","message":"\u001b[0mGET /api/shops \u001b[36m304\u001b[0m 82.985 ms - -\u001b[0m","timestamp":"2026-07-30T18:33:08.935Z"}
{"level":"http","message":"\u001b[0mGET /api/products \u001b[36m304\u001b[0m 103.463 ms - -\u001b[0m","timestamp":"2026-07-30T18:33:08.944Z"}
{"level":"http","message":"\u001b[0mGET /api/auth/me \u001b[36m304\u001b[0m 5.742 ms - -\u001b[0m","timestamp":"2026-07-30T18:36:52.228Z"}
{"level":"http","message":"\u001b[0mGET /api/auth/me \u001b[36m304\u001b[0m 7.242 ms - -\u001b[0m","timestamp":"2026-07-30T18:37:11.947Z"}
{"level":"http","message":"\u001b[0mGET /api/categories \u001b[36m304\u001b[0m 12.177 ms - -\u001b[0m","timestamp":"2026-07-30T18:37:17.295Z"}
{"level":"http","message":"\u001b[0mGET /api/products \u001b[36m304\u001b[0m 22.769 ms - -\u001b[0m","timestamp":"2026-07-30T18:37:17.303Z"}
{"level":"http","message":"\u001b[0mGET /api/shops \u001b[36m304\u001b[0m 14.979 ms - -\u001b[0m","timestamp":"2026-07-30T18:37:17.306Z"}
{"level":"http","message":"\u001b[0mGET /api/auth/me \u001b[36m304\u001b[0m 6.294 ms - -\u001b[0m","timestamp":"2026-07-30T18:37:25.972Z"}
{"level":"http","message":"\u001b[0mGET /api/categories \u001b[36m304\u001b[0m 8.565 ms - -\u001b[0m","timestamp":"2026-07-30T18:37:26.125Z"}
{"level":"http","message":"\u001b[0mGET /api/products \u001b[36m304\u001b[0m 21.936 ms - -\u001b[0m","timestamp":"2026-07-30T18:37:26.135Z"}
{"level":"http","message":"\u001b[0mGET /api/shops \u001b[36m304\u001b[0m 16.264 ms - -\u001b[0m","timestamp":"2026-07-30T18:37:26.137Z"}
{"level":"http","message":"\u001b[0mGET /api/auth/me \u001b[36m304\u001b[0m 15.162 ms - -\u001b[0m","timestamp":"2026-07-30T18:40:07.163Z"}
{"level":"http","message":"\u001b[0mGET /api/categories \u001b[36m304\u001b[0m 10.798 ms - -\u001b[0m","timestamp":"2026-07-30T18:40:07.357Z"}
{"level":"http","message":"\u001b[0mGET /api/products \u001b[36m304\u001b[0m 31.680 ms - -\u001b[0m","timestamp":"2026-07-30T18:40:07.365Z"}
{"level":"http","message":"\u001b[0mGET /api/shops \u001b[36m304\u001b[0m 19.670 ms - -\u001b[0m","timestamp":"2026-07-30T18:40:07.369Z"}
{"level":"http","message":"\u001b[0mGET /api/auth/me \u001b[36m304\u001b[0m 3.744 ms - -\u001b[0m","timestamp":"2026-07-30T18:45:14.460Z"}
{"level":"http","message":"\u001b[0mGET /api/categories \u001b[36m304\u001b[0m 7.464 ms - -\u001b[0m","timestamp":"2026-07-30T18:45:14.615Z"}
{"level":"http","message":"\u001b[0mGET /api/products \u001b[36m304\u001b[0m 18.039 ms - -\u001b[0m","timestamp":"2026-07-30T18:45:14.623Z"}
{"level":"http","message":"\u001b[0mGET /api/shops \u001b[36m304\u001b[0m 12.550 ms - -\u001b[0m","timestamp":"2026-07-30T18:45:14.625Z"}
{"level":"http","message":"\u001b[0mGET /api/auth/me \u001b[36m304\u001b[0m 8.849 ms - -\u001b[0m","timestamp":"2026-07-30T18:46:20.184Z"}
{"level":"http","message":"\u001b[0mGET /api/products \u001b[36m304\u001b[0m 16.663 ms - -\u001b[0m","timestamp":"2026-07-30T18:46:21.120Z"}
{"level":"http","message":"\u001b[0mGET /api/categories \u001b[36m304\u001b[0m 7.739 ms - -\u001b[0m","timestamp":"2026-07-30T18:46:21.123Z"}
{"level":"http","message":"\u001b[0mGET /api/shops \u001b[36m304\u001b[0m 15.832 ms - -\u001b[0m","timestamp":"2026-07-30T18:46:21.142Z"}
{"level":"http","message":"\u001b[0mGET /api/categories \u001b[36m304\u001b[0m 7.234 ms - -\u001b[0m","timestamp":"2026-07-30T18:46:50.630Z"}
{"level":"http","message":"\u001b[0mGET /api/products \u001b[36m304\u001b[0m 16.933 ms - -\u001b[0m","timestamp":"2026-07-30T18:46:50.634Z"}
{"level":"http","message":"\u001b[0mGET /api/shops \u001b[36m304\u001b[0m 13.635 ms - -\u001b[0m","timestamp":"2026-07-30T18:46:50.640Z"}
{"level":"http","message":"\u001b[0mGET /api/auth/passkey \u001b[36m304\u001b[0m 8.194 ms - -\u001b[0m","timestamp":"2026-07-30T18:48:28.948Z"}
{"level":"http","message":"\u001b[0mGET /api/auth/passkey \u001b[36m304\u001b[0m 6.135 ms - -\u001b[0m","timestamp":"2026-07-30T18:48:28.956Z"}
{"level":"warn","message":"GET /api/products/me -> 404 You have not created a shop yet","timestamp":"2026-07-30T18:48:33.817Z"}
{"level":"http","message":"\u001b[0mGET /api/products/me \u001b[33m404\u001b[0m 17.291 ms - 45\u001b[0m","timestamp":"2026-07-30T18:48:33.819Z"}
{"level":"warn","message":"GET /api/products/me -> 404 You have not created a shop yet","timestamp":"2026-07-30T18:48:33.835Z"}
{"level":"http","message":"\u001b[0mGET /api/products/me \u001b[33m404\u001b[0m 14.899 ms - 45\u001b[0m","timestamp":"2026-07-30T18:48:33.839Z"}
{"level":"http","message":"\u001b[0mGET /api/api/categories \u001b[33m404\u001b[0m 1.853 ms - 29\u001b[0m","timestamp":"2026-07-30T18:48:37.651Z"}
{"level":"http","message":"\u001b[0mGET /api/api/categories \u001b[33m404\u001b[0m 2.015 ms - 29\u001b[0m","timestamp":"2026-07-30T18:48:37.656Z"}
{"level":"http","message":"\u001b[0mGET /api/categories \u001b[36m304\u001b[0m 11.463 ms - -\u001b[0m","timestamp":"2026-07-30T18:48:43.064Z"}
{"level":"http","message":"\u001b[0mGET /api/shops \u001b[36m304\u001b[0m 25.978 ms - -\u001b[0m","timestamp":"2026-07-30T18:48:43.082Z"}
{"level":"http","message":"\u001b[0mGET /api/products \u001b[36m304\u001b[0m 38.550 ms - -\u001b[0m","timestamp":"2026-07-30T18:48:43.088Z"}
{"level":"http","message":"\u001b[0mGET /api/categories \u001b[36m304\u001b[0m 18.734 ms - -\u001b[0m","timestamp":"2026-07-30T18:48:43.094Z"}
{"level":"http","message":"\u001b[0mGET /api/shops \u001b[36m304\u001b[0m 17.242 ms - -\u001b[0m","timestamp":"2026-07-30T18:48:43.113Z"}
{"level":"http","message":"\u001b[0mGET /api/products \u001b[36m304\u001b[0m 26.070 ms - -\u001b[0m","timestamp":"2026-07-30T18:48:43.126Z"}
{"level":"http","message":"\u001b[0mGET /api/auth/me \u001b[36m304\u001b[0m 4.130 ms - -\u001b[0m","timestamp":"2026-07-30T19:01:29.835Z"}
{"level":"http","message":"\u001b[0mGET /api/categories \u001b[36m304\u001b[0m 10.835 ms - -\u001b[0m","timestamp":"2026-07-30T19:01:33.169Z"}
{"level":"http","message":"\u001b[0mGET /api/products \u001b[36m304\u001b[0m 29.471 ms - -\u001b[0m","timestamp":"2026-07-30T19:01:33.177Z"}
{"level":"http","message":"\u001b[0mGET /api/shops \u001b[36m304\u001b[0m 19.912 ms - -\u001b[0m","timestamp":"2026-07-30T19:01:33.181Z"}
{"level":"http","message":"\u001b[0mGET /api/auth/me \u001b[36m304\u001b[0m 7.629 ms - -\u001b[0m","timestamp":"2026-07-30T19:01:36.555Z"}
{"level":"http","message":"\u001b[0mGET /api/categories \u001b[36m304\u001b[0m 7.107 ms - -\u001b[0m","timestamp":"2026-07-30T19:01:37.191Z"}
{"level":"http","message":"\u001b[0mGET /api/shops \u001b[36m304\u001b[0m 12.937 ms - -\u001b[0m","timestamp":"2026-07-30T19:01:37.198Z"}
{"level":"http","message":"\u001b[0mGET /api/products \u001b[36m304\u001b[0m 18.754 ms - -\u001b[0m","timestamp":"2026-07-30T19:01:37.201Z"}
{"level":"warn","message":"GET /api/auth/me -> 401 Not authorized, no token provided","timestamp":"2026-07-30T19:03:03.777Z"}
{"level":"http","message":"\u001b[0mGET /api/auth/me \u001b[33m401\u001b[0m 1.366 ms - 47\u001b[0m","timestamp":"2026-07-30T19:03:03.778Z"}
{"level":"http","message":"\u001b[0mGET /api/categories \u001b[32m200\u001b[0m 6.142 ms - 451\u001b[0m","timestamp":"2026-07-30T19:03:03.848Z"}
{"level":"http","message":"\u001b[0mGET /api/products \u001b[32m200\u001b[0m 15.876 ms - 696\u001b[0m","timestamp":"2026-07-30T19:03:03.853Z"}
{"level":"http","message":"\u001b[0mGET /api/shops \u001b[32m200\u001b[0m 10.655 ms - 752\u001b[0m","timestamp":"2026-07-30T19:03:03.854Z"}
{"level":"http","message":"\u001b[0mGET /api/auth/me \u001b[36m304\u001b[0m 8.697 ms - -\u001b[0m","timestamp":"2026-07-30T19:09:10.957Z"}
{"level":"http","message":"\u001b[0mGET /api/categories \u001b[36m304\u001b[0m 11.572 ms - -\u001b[0m","timestamp":"2026-07-30T19:09:11.130Z"}
{"level":"http","message":"\u001b[0mGET /api/products \u001b[36m304\u001b[0m 28.667 ms - -\u001b[0m","timestamp":"2026-07-30T19:09:11.137Z"}
{"level":"http","message":"\u001b[0mGET /api/shops \u001b[36m304\u001b[0m 13.859 ms - -\u001b[0m","timestamp":"2026-07-30T19:09:11.141Z"}
{"level":"http","message":"\u001b[0mGET /api/auth/me \u001b[36m304\u001b[0m 5.762 ms - -\u001b[0m","timestamp":"2026-07-30T19:11:05.075Z"}
{"level":"http","message":"\u001b[0mGET /api/categories \u001b[36m304\u001b[0m 14.543 ms - -\u001b[0m","timestamp":"2026-07-30T19:11:06.052Z"}
{"level":"http","message":"\u001b[0mGET /api/products \u001b[36m304\u001b[0m 31.542 ms - -\u001b[0m","timestamp":"2026-07-30T19:11:06.056Z"}
{"level":"http","message":"\u001b[0mGET /api/shops \u001b[36m304\u001b[0m 19.258 ms - -\u001b[0m","timestamp":"2026-07-30T19:11:06.066Z"}
{"level":"http","message":"\u001b[0mGET /api/categories \u001b[36m304\u001b[0m 6.344 ms - -\u001b[0m","timestamp":"2026-07-30T19:12:33.752Z"}
{"level":"http","message":"\u001b[0mGET /api/products \u001b[36m304\u001b[0m 13.897 ms - -\u001b[0m","timestamp":"2026-07-30T19:12:33.757Z"}
{"level":"http","message":"\u001b[0mGET /api/shops \u001b[36m304\u001b[0m 8.550 ms - -\u001b[0m","timestamp":"2026-07-30T19:12:33.759Z"}
{"level":"http","message":"\u001b[0mGET /api/categories \u001b[36m304\u001b[0m 4.373 ms - -\u001b[0m","timestamp":"2026-07-30T19:12:33.760Z"}
{"level":"http","message":"\u001b[0mGET /api/shops \u001b[36m304\u001b[0m 7.029 ms - -\u001b[0m","timestamp":"2026-07-30T19:12:33.770Z"}
{"level":"http","message":"\u001b[0mGET /api/products \u001b[36m304\u001b[0m 9.769 ms - -\u001b[0m","timestamp":"2026-07-30T19:12:33.771Z"}
{"level":"http","message":"\u001b[0mGET /api/auth/me \u001b[36m304\u001b[0m 5.726 ms - -\u001b[0m","timestamp":"2026-07-30T19:12:43.651Z"}
{"level":"http","message":"\u001b[0mGET /api/categories \u001b[36m304\u001b[0m 12.040 ms - -\u001b[0m","timestamp":"2026-07-30T19:12:43.763Z"}
{"level":"http","message":"\u001b[0mGET /api/shops \u001b[36m304\u001b[0m 18.497 ms - -\u001b[0m","timestamp":"2026-07-30T19:12:43.771Z"}
{"level":"http","message":"\u001b[0mGET /api/products \u001b[36m304\u001b[0m 26.870 ms - -\u001b[0m","timestamp":"2026-07-30T19:12:43.775Z"}
{"level":"http","message":"\u001b[0mGET /api/categories \u001b[36m304\u001b[0m 7.798 ms - -\u001b[0m","timestamp":"2026-07-30T19:15:31.795Z"}
{"level":"http","message":"\u001b[0mGET /api/products \u001b[36m304\u001b[0m 16.303 ms - -\u001b[0m","timestamp":"2026-07-30T19:15:31.801Z"}
{"level":"http","message":"\u001b[0mGET /api/shops \u001b[36m304\u001b[0m 13.713 ms - -\u001b[0m","timestamp":"2026-07-30T19:15:31.807Z"}
{"level":"http","message":"\u001b[0mGET /api/categories \u001b[36m304\u001b[0m 8.096 ms - -\u001b[0m","timestamp":"2026-07-30T19:19:59.918Z"}
{"level":"http","message":"\u001b[0mGET /api/products \u001b[36m304\u001b[0m 27.968 ms - -\u001b[0m","timestamp":"2026-07-30T19:19:59.934Z"}
{"level":"http","message":"\u001b[0mGET /api/shops \u001b[36m304\u001b[0m 16.483 ms - -\u001b[0m","timestamp":"2026-07-30T19:19:59.937Z"}
{"level":"http","message":"\u001b[0mGET /api/categories \u001b[36m304\u001b[0m 10.466 ms - -\u001b[0m","timestamp":"2026-07-30T19:20:05.821Z"}
{"level":"http","message":"\u001b[0mGET /api/products \u001b[36m304\u001b[0m 28.306 ms - -\u001b[0m","timestamp":"2026-07-30T19:20:05.830Z"}
{"level":"http","message":"\u001b[0mGET /api/shops \u001b[36m304\u001b[0m 18.803 ms - -\u001b[0m","timestamp":"2026-07-30T19:20:05.833Z"}
{"level":"http","message":"\u001b[0mGET /api/categories \u001b[36m304\u001b[0m 11.467 ms - -\u001b[0m","timestamp":"2026-07-30T19:20:48.234Z"}
{"level":"http","message":"\u001b[0mGET /api/products \u001b[36m304\u001b[0m 26.083 ms - -\u001b[0m","timestamp":"2026-07-30T19:20:48.239Z"}
{"level":"http","message":"\u001b[0mGET /api/shops \u001b[36m304\u001b[0m 18.362 ms - -\u001b[0m","timestamp":"2026-07-30T19:20:48.243Z"}
{"level":"http","message":"\u001b[0mGET /api/auth/passkey \u001b[36m304\u001b[0m 12.190 ms - -\u001b[0m","timestamp":"2026-07-30T19:21:10.512Z"}
{"level":"http","message":"\u001b[0mGET /api/auth/passkey \u001b[36m304\u001b[0m 8.743 ms - -\u001b[0m","timestamp":"2026-07-30T19:21:10.522Z"}
{"level":"http","message":"\u001b[0mGET /api/auth/me \u001b[36m304\u001b[0m 8.319 ms - -\u001b[0m","timestamp":"2026-07-30T19:21:35.126Z"}
{"level":"http","message":"\u001b[0mGET /api/categories \u001b[36m304\u001b[0m 8.632 ms - -\u001b[0m","timestamp":"2026-07-30T19:21:37.974Z"}
{"level":"http","message":"\u001b[0mGET /api/products \u001b[36m304\u001b[0m 26.039 ms - -\u001b[0m","timestamp":"2026-07-30T19:21:37.987Z"}
{"level":"http","message":"\u001b[0mGET /api/categories \u001b[36m304\u001b[0m 11.186 ms - -\u001b[0m","timestamp":"2026-07-30T19:21:37.993Z"}
{"level":"http","message":"\u001b[0mGET /api/shops \u001b[36m304\u001b[0m 21.315 ms - -\u001b[0m","timestamp":"2026-07-30T19:21:37.997Z"}
{"level":"http","message":"\u001b[0mGET /api/shops \u001b[36m304\u001b[0m 25.196 ms - -\u001b[0m","timestamp":"2026-07-30T19:21:38.029Z"}
{"level":"http","message":"\u001b[0mGET /api/products \u001b[36m304\u001b[0m 32.250 ms - -\u001b[0m","timestamp":"2026-07-30T19:21:38.031Z"}
{"level":"http","message":"\u001b[0mGET /api/categories \u001b[36m304\u001b[0m 13.390 ms - -\u001b[0m","timestamp":"2026-07-30T19:22:02.398Z"}
{"level":"http","message":"\u001b[0mGET /api/products \u001b[36m304\u001b[0m 32.166 ms - -\u001b[0m","timestamp":"2026-07-30T19:22:02.413Z"}
{"level":"http","message":"\u001b[0mGET /api/shops \u001b[36m304\u001b[0m 23.318 ms - -\u001b[0m","timestamp":"2026-07-30T19:22:02.417Z"}
{"level":"http","message":"\u001b[0mGET /api/categories \u001b[36m304\u001b[0m 14.778 ms - -\u001b[0m","timestamp":"2026-07-30T19:22:02.421Z"}
{"level":"http","message":"\u001b[0mGET /api/shops \u001b[36m304\u001b[0m 10.458 ms - -\u001b[0m","timestamp":"2026-07-30T19:22:02.437Z"}
{"level":"http","message":"\u001b[0mGET /api/products \u001b[36m304\u001b[0m 16.502 ms - -\u001b[0m","timestamp":"2026-07-30T19:22:02.440Z"}
{"level":"http","message":"\u001b[0mGET /api/categories \u001b[36m304\u001b[0m 10.493 ms - -\u001b[0m","timestamp":"2026-07-30T19:40:03.022Z"}
{"level":"http","message":"\u001b[0mGET /api/products \u001b[36m304\u001b[0m 24.525 ms - -\u001b[0m","timestamp":"2026-07-30T19:40:03.025Z"}
{"level":"http","message":"\u001b[0mGET /api/shops \u001b[36m304\u001b[0m 11.749 ms - -\u001b[0m","timestamp":"2026-07-30T19:40:03.031Z"}
{"level":"http","message":"\u001b[0mGET /api/categories \u001b[36m304\u001b[0m 13.788 ms - -\u001b[0m","timestamp":"2026-07-30T19:53:59.354Z"}
{"level":"http","message":"\u001b[0mGET /api/products \u001b[36m304\u001b[0m 31.630 ms - -\u001b[0m","timestamp":"2026-07-30T19:53:59.369Z"}
{"level":"http","message":"\u001b[0mGET /api/shops \u001b[36m304\u001b[0m 26.481 ms - -\u001b[0m","timestamp":"2026-07-30T19:53:59.372Z"}
{"level":"http","message":"\u001b[0mGET /api/categories \u001b[36m304\u001b[0m 11.443 ms - -\u001b[0m","timestamp":"2026-07-30T19:53:59.376Z"}
{"level":"http","message":"\u001b[0mGET /api/shops \u001b[36m304\u001b[0m 12.233 ms - -\u001b[0m","timestamp":"2026-07-30T19:53:59.393Z"}
{"level":"http","message":"\u001b[0mGET /api/products \u001b[36m304\u001b[0m 17.755 ms - -\u001b[0m","timestamp":"2026-07-30T19:53:59.395Z"}
{"level":"http","message":"\u001b[0mGET /api/auth/me \u001b[36m304\u001b[0m 3.656 ms - -\u001b[0m","timestamp":"2026-07-30T19:54:52.469Z"}
{"level":"http","message":"\u001b[0mGET /api/categories \u001b[36m304\u001b[0m 6.166 ms - -\u001b[0m","timestamp":"2026-07-30T19:55:24.954Z"}
{"level":"http","message":"\u001b[0mGET /api/products \u001b[36m304\u001b[0m 15.584 ms - -\u001b[0m","timestamp":"2026-07-30T19:55:24.958Z"}
{"level":"http","message":"\u001b[0mGET /api/shops \u001b[36m304\u001b[0m 12.440 ms - -\u001b[0m","timestamp":"2026-07-30T19:55:24.961Z"}
{"level":"http","message":"\u001b[0mGET /api/categories \u001b[36m304\u001b[0m 6.416 ms - -\u001b[0m","timestamp":"2026-07-30T19:55:24.965Z"}
{"level":"http","message":"\u001b[0mGET /api/shops \u001b[36m304\u001b[0m 9.410 ms - -\u001b[0m","timestamp":"2026-07-30T19:55:24.976Z"}
{"level":"http","message":"\u001b[0mGET /api/products \u001b[36m304\u001b[0m 14.375 ms - -\u001b[0m","timestamp":"2026-07-30T19:55:24.977Z"}
{"level":"http","message":"\u001b[0mGET /api/auth/me \u001b[36m304\u001b[0m 4.569 ms - -\u001b[0m","timestamp":"2026-07-30T19:55:27.957Z"}
{"level":"http","message":"\u001b[0mGET /api/categories \u001b[36m304\u001b[0m 17.190 ms - -\u001b[0m","timestamp":"2026-07-30T19:55:33.028Z"}
{"level":"http","message":"\u001b[0mGET /api/products \u001b[36m304\u001b[0m 30.013 ms - -\u001b[0m","timestamp":"2026-07-30T19:55:33.031Z"}
{"level":"http","message":"\u001b[0mGET /api/shops \u001b[36m304\u001b[0m 21.078 ms - -\u001b[0m","timestamp":"2026-07-30T19:55:33.039Z"}
{"level":"info","message":"Starting server on port 3008...","timestamp":"2026-07-31T06:47:39.863Z"}
{"level":"info","message":"Socket.io initialized","timestamp":"2026-07-31T06:47:39.877Z"}
{"level":"info","message":"Server running on port 3008 (HTTP + WebSocket)","timestamp":"2026-07-31T06:47:39.881Z"}
{"level":"error","message":"GET /api/shops -> 500 Operation `shops.find()` buffering timed out after 10000ms","stack":"MongooseError: Operation `shops.find()` buffering timed out after 10000ms\n    at Timeout._onTimeout (D:\\Amit\\A Developer\\2026 product\\full stack project\\E-commerce app\\node_modules\\mongoose\\lib\\drivers\\node-mongodb-native\\collection.js:142:25)\n    at listOnTimeout (node:internal/timers:605:17)\n    at process.processTimers (node:internal/timers:541:7)","timestamp":"2026-07-31T06:47:50.044Z"}
{"level":"http","message":"\u001b[0mGET /api/shops \u001b[31m500\u001b[0m 10022.314 ms - 103\u001b[0m","timestamp":"2026-07-31T06:47:50.048Z"}
{"level":"error","message":"GET /api/products -> 500 Operation `products.find()` buffering timed out after 10000ms","stack":"MongooseError: Operation `products.find()` buffering timed out after 10000ms\n    at Timeout._onTimeout (D:\\Amit\\A Developer\\2026 product\\full stack project\\E-commerce app\\node_modules\\mongoose\\lib\\drivers\\node-mongodb-native\\collection.js:142:25)\n    at listOnTimeout (node:internal/timers:605:17)\n    at process.processTimers (node:internal/timers:541:7)","timestamp":"2026-07-31T06:47:51.569Z"}
{"level":"http","message":"\u001b[0mGET /api/products \u001b[31m500\u001b[0m 10015.251 ms - 106\u001b[0m","timestamp":"2026-07-31T06:47:51.570Z"}
{"level":"error","message":"GET /api/categories -> 500 Operation `categories.find()` buffering timed out after 10000ms","stack":"MongooseError: Operation `categories.find()` buffering timed out after 10000ms\n    at Timeout._onTimeout (D:\\Amit\\A Developer\\2026 product\\full stack project\\E-commerce app\\node_modules\\mongoose\\lib\\drivers\\node-mongodb-native\\collection.js:142:25)\n    at listOnTimeout (node:internal/timers:605:17)\n    at process.processTimers (node:internal/timers:541:7)","timestamp":"2026-07-31T06:47:51.570Z"}
{"level":"http","message":"\u001b[0mGET /api/categories \u001b[31m500\u001b[0m 10012.149 ms - 108\u001b[0m","timestamp":"2026-07-31T06:47:51.571Z"}
{"level":"http","message":"\u001b[0mGET /api/categories \u001b[0m-\u001b[0m - ms - -\u001b[0m","timestamp":"2026-07-31T06:47:57.176Z"}
{"level":"http","message":"\u001b[0mGET /api/products \u001b[0m-\u001b[0m - ms - -\u001b[0m","timestamp":"2026-07-31T06:47:57.177Z"}
{"level":"http","message":"\u001b[0mGET /api/shops \u001b[0m-\u001b[0m - ms - -\u001b[0m","timestamp":"2026-07-31T06:47:57.178Z"}
{"level":"error","message":"GET /api/shops -> 500 Operation `shops.find()` buffering timed out after 10000ms","stack":"MongooseError: Operation `shops.find()` buffering timed out after 10000ms\n    at Timeout._onTimeout (D:\\Amit\\A Developer\\2026 product\\full stack project\\E-commerce app\\node_modules\\mongoose\\lib\\drivers\\node-mongodb-native\\collection.js:142:25)\n    at listOnTimeout (node:internal/timers:605:17)\n    at process.processTimers (node:internal/timers:541:7)","timestamp":"2026-07-31T06:48:00.055Z"}
{"level":"error","message":"GET /api/products -> 500 Operation `products.find()` buffering timed out after 10000ms","stack":"MongooseError: Operation `products.find()` buffering timed out after 10000ms\n    at Timeout._onTimeout (D:\\Amit\\A Developer\\2026 product\\full stack project\\E-commerce app\\node_modules\\mongoose\\lib\\drivers\\node-mongodb-native\\collection.js:142:25)\n    at listOnTimeout (node:internal/timers:605:17)\n    at process.processTimers (node:internal/timers:541:7)","timestamp":"2026-07-31T06:48:01.583Z"}
{"level":"error","message":"GET /api/categories -> 500 Operation `categories.find()` buffering timed out after 10000ms","stack":"MongooseError: Operation `categories.find()` buffering timed out after 10000ms\n    at Timeout._onTimeout (D:\\Amit\\A Developer\\2026 product\\full stack project\\E-commerce app\\node_modules\\mongoose\\lib\\drivers\\node-mongodb-native\\collection.js:142:25)\n    at listOnTimeout (node:internal/timers:605:17)\n    at process.processTimers (node:internal/timers:541:7)","timestamp":"2026-07-31T06:48:01.584Z"}
{"level":"warn","message":"GET /api/auth/me -> 401 Not authorized, invalid token","timestamp":"2026-07-31T06:48:07.474Z"}
{"level":"http","message":"\u001b[0mGET /api/auth/me \u001b[33m401\u001b[0m 10021.805 ms - 43\u001b[0m","timestamp":"2026-07-31T06:48:07.475Z"}
{"level":"error","message":"GET /api/products -> 500 Operation `products.find()` buffering timed out after 10000ms","stack":"MongooseError: Operation `products.find()` buffering timed out after 10000ms\n    at Timeout._onTimeout (D:\\Amit\\A Developer\\2026 product\\full stack project\\E-commerce app\\node_modules\\mongoose\\lib\\drivers\\node-mongodb-native\\collection.js:142:25)\n    at listOnTimeout (node:internal/timers:605:17)\n    at process.processTimers (node:internal/timers:541:7)","timestamp":"2026-07-31T06:48:07.552Z"}
{"level":"http","message":"\u001b[0mGET /api/products \u001b[31m500\u001b[0m 10006.638 ms - 106\u001b[0m","timestamp":"2026-07-31T06:48:07.552Z"}
{"level":"error","message":"GET /api/categories -> 500 Operation `categories.find()` buffering timed out after 10000ms","stack":"MongooseError: Operation `categories.find()` buffering timed out after 10000ms\n    at Timeout._onTimeout (D:\\Amit\\A Developer\\2026 product\\full stack project\\E-commerce app\\node_modules\\mongoose\\lib\\drivers\\node-mongodb-native\\collection.js:142:25)\n    at listOnTimeout (node:internal/timers:605:17)\n    at process.processTimers (node:internal/timers:541:7)","timestamp":"2026-07-31T06:48:07.553Z"}
{"level":"http","message":"\u001b[0mGET /api/categories \u001b[31m500\u001b[0m 10006.606 ms - 108\u001b[0m","timestamp":"2026-07-31T06:48:07.554Z"}
{"level":"error","message":"GET /api/shops -> 500 Operation `shops.find()` buffering timed out after 10000ms","stack":"MongooseError: Operation `shops.find()` buffering timed out after 10000ms\n    at Timeout._onTimeout (D:\\Amit\\A Developer\\2026 product\\full stack project\\E-commerce app\\node_modules\\mongoose\\lib\\drivers\\node-mongodb-native\\collection.js:142:25)\n    at listOnTimeout (node:internal/timers:605:17)\n    at process.processTimers (node:internal/timers:541:7)","timestamp":"2026-07-31T06:48:07.555Z"}
{"level":"http","message":"\u001b[0mGET /api/shops \u001b[31m500\u001b[0m 10006.630 ms - 103\u001b[0m","timestamp":"2026-07-31T06:48:07.556Z"}
{"level":"error","message":"Error connecting to MongoDB: connect ECONNREFUSED 127.0.0.1:27017","stack":"MongooseServerSelectionError: connect ECONNREFUSED 127.0.0.1:27017\n    at _handleConnectionErrors (D:\\Amit\\A Developer\\2026 product\\full stack project\\E-commerce app\\node_modules\\mongoose\\lib\\connection.js:1180:11)\n    at NativeConnection.openUri (D:\\Amit\\A Developer\\2026 product\\full stack project\\E-commerce app\\node_modules\\mongoose\\lib\\connection.js:1111:11)\n    at runNextTicks (node:internal/process/task_queues:65:5)\n    at listOnTimeout (node:internal/timers:567:9)\n    at process.processTimers (node:internal/timers:541:7)\n    at async connectDB (file:///D:/Amit/A%20Developer/2026%20product/full%20stack%20project/E-commerce%20app/backend/config/db.js:6:18)","timestamp":"2026-07-31T06:48:09.883Z"}
{"level":"info","message":"Starting server on port 3008...","timestamp":"2026-07-31T07:42:10.911Z"}
{"level":"info","message":"Socket.io initialized","timestamp":"2026-07-31T07:42:10.926Z"}
{"level":"info","message":"Server running on port 3008 (HTTP + WebSocket)","timestamp":"2026-07-31T07:42:10.929Z"}
{"level":"error","message":"GET /api/products -> 500 Operation `products.find()` buffering timed out after 10000ms","stack":"MongooseError: Operation `products.find()` buffering timed out after 10000ms\n    at Timeout._onTimeout (D:\\Amit\\A Developer\\2026 product\\full stack project\\E-commerce app\\node_modules\\mongoose\\lib\\drivers\\node-mongodb-native\\collection.js:142:25)\n    at listOnTimeout (node:internal/timers:605:17)\n    at process.processTimers (node:internal/timers:541:7)","timestamp":"2026-07-31T07:42:21.894Z"}
{"level":"http","message":"\u001b[0mGET /api/products \u001b[31m500\u001b[0m 10032.847 ms - 106\u001b[0m","timestamp":"2026-07-31T07:42:21.899Z"}
{"level":"error","message":"GET /api/categories -> 500 Operation `categories.find()` buffering timed out after 10000ms","stack":"MongooseError: Operation `categories.find()` buffering timed out after 10000ms\n    at Timeout._onTimeout (D:\\Amit\\A Developer\\2026 product\\full stack project\\E-commerce app\\node_modules\\mongoose\\lib\\drivers\\node-mongodb-native\\collection.js:142:25)\n    at listOnTimeout (node:internal/timers:605:17)\n    at process.processTimers (node:internal/timers:541:7)","timestamp":"2026-07-31T07:42:21.900Z"}
{"level":"http","message":"\u001b[0mGET /api/categories \u001b[31m500\u001b[0m 10018.831 ms - 108\u001b[0m","timestamp":"2026-07-31T07:42:21.901Z"}
{"level":"error","message":"GET /api/shops -> 500 Operation `shops.find()` buffering timed out after 10000ms","stack":"MongooseError: Operation `shops.find()` buffering timed out after 10000ms\n    at Timeout._onTimeout (D:\\Amit\\A Developer\\2026 product\\full stack project\\E-commerce app\\node_modules\\mongoose\\lib\\drivers\\node-mongodb-native\\collection.js:142:25)\n    at listOnTimeout (node:internal/timers:605:17)\n    at process.processTimers (node:internal/timers:541:7)","timestamp":"2026-07-31T07:42:21.902Z"}
{"level":"http","message":"\u001b[0mGET /api/shops \u001b[31m500\u001b[0m 10019.906 ms - 103\u001b[0m","timestamp":"2026-07-31T07:42:21.903Z"}
{"level":"http","message":"\u001b[0mGET /api/categories \u001b[0m-\u001b[0m - ms - -\u001b[0m","timestamp":"2026-07-31T07:42:22.335Z"}
{"level":"http","message":"\u001b[0mGET /api/shops \u001b[0m-\u001b[0m - ms - -\u001b[0m","timestamp":"2026-07-31T07:42:22.337Z"}
{"level":"http","message":"\u001b[0mGET /api/products \u001b[0m-\u001b[0m - ms - -\u001b[0m","timestamp":"2026-07-31T07:42:22.338Z"}
{"level":"http","message":"\u001b[0mGET /api/categories \u001b[0m-\u001b[0m - ms - -\u001b[0m","timestamp":"2026-07-31T07:42:28.035Z"}
{"level":"http","message":"\u001b[0mGET /api/auth/me \u001b[0m-\u001b[0m - ms - -\u001b[0m","timestamp":"2026-07-31T07:42:28.036Z"}
{"level":"http","message":"\u001b[0mGET /api/products \u001b[0m-\u001b[0m - ms - -\u001b[0m","timestamp":"2026-07-31T07:42:28.037Z"}
{"level":"http","message":"\u001b[0mGET /api/shops \u001b[0m-\u001b[0m - ms - -\u001b[0m","timestamp":"2026-07-31T07:42:28.039Z"}
{"level":"error","message":"GET /api/categories -> 500 Operation `categories.find()` buffering timed out after 10000ms","stack":"MongooseError: Operation `categories.find()` buffering timed out after 10000ms\n    at Timeout._onTimeout (D:\\Amit\\A Developer\\2026 product\\full stack project\\E-commerce app\\node_modules\\mongoose\\lib\\drivers\\node-mongodb-native\\collection.js:142:25)\n    at listOnTimeout (node:internal/timers:605:17)\n    at process.processTimers (node:internal/timers:541:7)","timestamp":"2026-07-31T07:42:31.908Z"}
{"level":"error","message":"GET /api/shops -> 500 Operation `shops.find()` buffering timed out after 10000ms","stack":"MongooseError: Operation `shops.find()` buffering timed out after 10000ms\n    at Timeout._onTimeout (D:\\Amit\\A Developer\\2026 product\\full stack project\\E-commerce app\\node_modules\\mongoose\\lib\\drivers\\node-mongodb-native\\collection.js:142:25)\n    at listOnTimeout (node:internal/timers:605:17)\n    at process.processTimers (node:internal/timers:541:7)","timestamp":"2026-07-31T07:42:31.908Z"}
{"level":"error","message":"GET /api/products -> 500 Operation `products.find()` buffering timed out after 10000ms","stack":"MongooseError: Operation `products.find()` buffering timed out after 10000ms\n    at Timeout._onTimeout (D:\\Amit\\A Developer\\2026 product\\full stack project\\E-commerce app\\node_modules\\mongoose\\lib\\drivers\\node-mongodb-native\\collection.js:142:25)\n    at listOnTimeout (node:internal/timers:605:17)\n    at process.processTimers (node:internal/timers:541:7)","timestamp":"2026-07-31T07:42:31.909Z"}
{"level":"warn","message":"GET /api/auth/me -> 401 Not authorized, invalid token","timestamp":"2026-07-31T07:42:32.578Z"}
{"level":"error","message":"GET /api/products -> 500 Operation `products.find()` buffering timed out after 10000ms","stack":"MongooseError: Operation `products.find()` buffering timed out after 10000ms\n    at Timeout._onTimeout (D:\\Amit\\A Developer\\2026 product\\full stack project\\E-commerce app\\node_modules\\mongoose\\lib\\drivers\\node-mongodb-native\\collection.js:142:25)\n    at listOnTimeout (node:internal/timers:605:17)\n    at process.processTimers (node:internal/timers:541:7)","timestamp":"2026-07-31T07:42:32.689Z"}
{"level":"error","message":"GET /api/categories -> 500 Operation `categories.find()` buffering timed out after 10000ms","stack":"MongooseError: Operation `categories.find()` buffering timed out after 10000ms\n    at Timeout._onTimeout (D:\\Amit\\A Developer\\2026 product\\full stack project\\E-commerce app\\node_modules\\mongoose\\lib\\drivers\\node-mongodb-native\\collection.js:142:25)\n    at listOnTimeout (node:internal/timers:605:17)\n    at process.processTimers (node:internal/timers:541:7)","timestamp":"2026-07-31T07:42:32.690Z"}
{"level":"error","message":"GET /api/shops -> 500 Operation `shops.find()` buffering timed out after 10000ms","stack":"MongooseError: Operation `shops.find()` buffering timed out after 10000ms\n    at Timeout._onTimeout (D:\\Amit\\A Developer\\2026 product\\full stack project\\E-commerce app\\node_modules\\mongoose\\lib\\drivers\\node-mongodb-native\\collection.js:142:25)\n    at listOnTimeout (node:internal/timers:605:17)\n    at process.processTimers (node:internal/timers:541:7)","timestamp":"2026-07-31T07:42:32.690Z"}
{"level":"warn","message":"GET /api/auth/me -> 401 Not authorized, invalid token","timestamp":"2026-07-31T07:42:38.285Z"}
{"level":"http","message":"\u001b[0mGET /api/auth/me \u001b[33m401\u001b[0m 10004.761 ms - 43\u001b[0m","timestamp":"2026-07-31T07:42:38.286Z"}
{"level":"error","message":"GET /api/products -> 500 Operation `products.find()` buffering timed out after 10000ms","stack":"MongooseError: Operation `products.find()` buffering timed out after 10000ms\n    at Timeout._onTimeout (D:\\Amit\\A Developer\\2026 product\\full stack project\\E-commerce app\\node_modules\\mongoose\\lib\\drivers\\node-mongodb-native\\collection.js:142:25)\n    at listOnTimeout (node:internal/timers:605:17)\n    at process.processTimers (node:internal/timers:541:7)","timestamp":"2026-07-31T07:42:38.409Z"}
{"level":"http","message":"\u001b[0mGET /api/products \u001b[31m500\u001b[0m 10010.248 ms - 106\u001b[0m","timestamp":"2026-07-31T07:42:38.410Z"}
{"level":"error","message":"GET /api/categories -> 500 Operation `categories.find()` buffering timed out after 10000ms","stack":"MongooseError: Operation `categories.find()` buffering timed out after 10000ms\n    at Timeout._onTimeout (D:\\Amit\\A Developer\\2026 product\\full stack project\\E-commerce app\\node_modules\\mongoose\\lib\\drivers\\node-mongodb-native\\collection.js:142:25)\n    at listOnTimeout (node:internal/timers:605:17)\n    at process.processTimers (node:internal/timers:541:7)","timestamp":"2026-07-31T07:42:38.410Z"}
{"level":"http","message":"\u001b[0mGET /api/categories \u001b[31m500\u001b[0m 10010.497 ms - 108\u001b[0m","timestamp":"2026-07-31T07:42:38.411Z"}
{"level":"error","message":"GET /api/shops -> 500 Operation `shops.find()` buffering timed out after 10000ms","stack":"MongooseError: Operation `shops.find()` buffering timed out after 10000ms\n    at Timeout._onTimeout (D:\\Amit\\A Developer\\2026 product\\full stack project\\E-commerce app\\node_modules\\mongoose\\lib\\drivers\\node-mongodb-native\\collection.js:142:25)\n    at listOnTimeout (node:internal/timers:605:17)\n    at process.processTimers (node:internal/timers:541:7)","timestamp":"2026-07-31T07:42:38.412Z"}
{"level":"http","message":"\u001b[0mGET /api/shops \u001b[31m500\u001b[0m 10010.902 ms - 103\u001b[0m","timestamp":"2026-07-31T07:42:38.413Z"}
{"level":"error","message":"Error connecting to MongoDB: connect ECONNREFUSED 127.0.0.1:27017","stack":"MongooseServerSelectionError: connect ECONNREFUSED 127.0.0.1:27017\n    at _handleConnectionErrors (D:\\Amit\\A Developer\\2026 product\\full stack project\\E-commerce app\\node_modules\\mongoose\\lib\\connection.js:1180:11)\n    at NativeConnection.openUri (D:\\Amit\\A Developer\\2026 product\\full stack project\\E-commerce app\\node_modules\\mongoose\\lib\\connection.js:1111:11)\n    at runNextTicks (node:internal/process/task_queues:65:5)\n    at listOnTimeout (node:internal/timers:567:9)\n    at process.processTimers (node:internal/timers:541:7)\n    at async connectDB (file:///D:/Amit/A%20Developer/2026%20product/full%20stack%20project/E-commerce%20app/backend/config/db.js:6:18)","timestamp":"2026-07-31T07:42:40.933Z"}
{"level":"info","message":"Starting server on port 3008...","timestamp":"2026-07-31T07:43:13.028Z"}
{"level":"info","message":"Socket.io initialized","timestamp":"2026-07-31T07:43:13.061Z"}
{"level":"info","message":"Server running on port 3008 (HTTP + WebSocket)","timestamp":"2026-07-31T07:43:13.069Z"}
{"level":"error","message":"Error connecting to MongoDB: connect ECONNREFUSED 127.0.0.1:27017","stack":"MongooseServerSelectionError: connect ECONNREFUSED 127.0.0.1:27017\n    at _handleConnectionErrors (D:\\Amit\\A Developer\\2026 product\\full stack project\\E-commerce app\\node_modules\\mongoose\\lib\\connection.js:1180:11)\n    at NativeConnection.openUri (D:\\Amit\\A Developer\\2026 product\\full stack project\\E-commerce app\\node_modules\\mongoose\\lib\\connection.js:1111:11)\n    at async connectDB (file:///D:/Amit/A%20Developer/2026%20product/full%20stack%20project/E-commerce%20app/backend/config/db.js:6:18)","timestamp":"2026-07-31T07:43:43.062Z"}
{"level":"info","message":"Starting server on port 3008...","timestamp":"2026-07-31T07:52:31.045Z"}
{"level":"info","message":"Socket.io initialized","timestamp":"2026-07-31T07:52:31.062Z"}
{"level":"info","message":"Server running on port 3008 (HTTP + WebSocket)","timestamp":"2026-07-31T07:52:31.065Z"}
{"level":"info","message":"MongoDB Connected: 127.0.0.1","timestamp":"2026-07-31T07:52:31.079Z"}
{"level":"http","message":"\u001b[0mGET /api/auth/me \u001b[32m200\u001b[0m 81.712 ms - 600\u001b[0m","timestamp":"2026-07-31T07:52:39.797Z"}
{"level":"http","message":"\u001b[0mGET /api/categories \u001b[32m200\u001b[0m 32.563 ms - 451\u001b[0m","timestamp":"2026-07-31T07:52:39.843Z"}
{"level":"http","message":"\u001b[0mGET /api/products \u001b[32m200\u001b[0m 98.273 ms - 696\u001b[0m","timestamp":"2026-07-31T07:52:39.904Z"}
{"level":"http","message":"\u001b[0mGET /api/shops \u001b[32m200\u001b[0m 94.317 ms - 752\u001b[0m","timestamp":"2026-07-31T07:52:39.906Z"}
{"level":"http","message":"\u001b[0mGET /api/categories \u001b[36m304\u001b[0m 8.337 ms - -\u001b[0m","timestamp":"2026-07-31T07:52:43.782Z"}
{"level":"http","message":"\u001b[0mGET /api/shops \u001b[36m304\u001b[0m 14.171 ms - -\u001b[0m","timestamp":"2026-07-31T07:52:43.790Z"}
{"level":"http","message":"\u001b[0mGET /api/products \u001b[36m304\u001b[0m 21.139 ms - -\u001b[0m","timestamp":"2026-07-31T07:52:43.792Z"}
{"level":"http","message":"\u001b[0mGET /api/categories \u001b[36m304\u001b[0m 6.122 ms - -\u001b[0m","timestamp":"2026-07-31T07:52:43.794Z"}
{"level":"http","message":"\u001b[0mGET /api/shops \u001b[36m304\u001b[0m 14.340 ms - -\u001b[0m","timestamp":"2026-07-31T07:52:43.810Z"}
{"level":"http","message":"\u001b[0mGET /api/products \u001b[36m304\u001b[0m 18.581 ms - -\u001b[0m","timestamp":"2026-07-31T07:52:43.816Z"}
{"level":"http","message":"\u001b[0mGET /api/categories \u001b[36m304\u001b[0m 10.461 ms - -\u001b[0m","timestamp":"2026-07-31T07:57:31.065Z"}
{"level":"http","message":"\u001b[0mGET /api/products \u001b[36m304\u001b[0m 22.501 ms - -\u001b[0m","timestamp":"2026-07-31T07:57:31.072Z"}
{"level":"http","message":"\u001b[0mGET /api/shops \u001b[36m304\u001b[0m 13.450 ms - -\u001b[0m","timestamp":"2026-07-31T07:57:31.073Z"}
{"level":"http","message":"\u001b[0mGET /api/categories \u001b[36m304\u001b[0m 5.113 ms - -\u001b[0m","timestamp":"2026-07-31T07:57:31.076Z"}
{"level":"http","message":"\u001b[0mGET /api/shops \u001b[36m304\u001b[0m 10.057 ms - -\u001b[0m","timestamp":"2026-07-31T07:57:31.089Z"}
{"level":"http","message":"\u001b[0mGET /api/products \u001b[36m304\u001b[0m 15.142 ms - -\u001b[0m","timestamp":"2026-07-31T07:57:31.093Z"}
{"level":"http","message":"\u001b[0mGET /api/categories \u001b[36m304\u001b[0m 11.053 ms - -\u001b[0m","timestamp":"2026-07-31T07:57:38.455Z"}
{"level":"http","message":"\u001b[0mGET /api/products \u001b[36m304\u001b[0m 25.475 ms - -\u001b[0m","timestamp":"2026-07-31T07:57:38.465Z"}
{"level":"http","message":"\u001b[0mGET /api/shops \u001b[36m304\u001b[0m 15.954 ms - -\u001b[0m","timestamp":"2026-07-31T07:57:38.467Z"}
{"level":"http","message":"\u001b[0mGET /api/categories \u001b[36m304\u001b[0m 5.899 ms - -\u001b[0m","timestamp":"2026-07-31T07:57:38.469Z"}
{"level":"http","message":"\u001b[0mGET /api/shops \u001b[36m304\u001b[0m 8.425 ms - -\u001b[0m","timestamp":"2026-07-31T07:57:38.481Z"}
{"level":"http","message":"\u001b[0mGET /api/products \u001b[36m304\u001b[0m 11.751 ms - -\u001b[0m","timestamp":"2026-07-31T07:57:38.483Z"}
{"level":"http","message":"\u001b[0mGET /api/auth/me \u001b[36m304\u001b[0m 4.030 ms - -\u001b[0m","timestamp":"2026-07-31T07:59:35.311Z"}
{"level":"http","message":"\u001b[0mGET /api/auth/me \u001b[36m304\u001b[0m 3.827 ms - -\u001b[0m","timestamp":"2026-07-31T07:59:54.584Z"}
{"level":"http","message":"\u001b[0mGET /api/auth/passkey \u001b[36m304\u001b[0m 6.943 ms - -\u001b[0m","timestamp":"2026-07-31T07:59:57.116Z"}
{"level":"http","message":"\u001b[0mGET /api/auth/passkey \u001b[36m304\u001b[0m 5.629 ms - -\u001b[0m","timestamp":"2026-07-31T07:59:57.123Z"}
{"level":"http","message":"\u001b[0mGET /api/auth/me \u001b[36m304\u001b[0m 3.192 ms - -\u001b[0m","timestamp":"2026-07-31T08:12:45.132Z"}
{"level":"http","message":"\u001b[0mGET /api/auth/me \u001b[36m304\u001b[0m 2.561 ms - -\u001b[0m","timestamp":"2026-07-31T08:13:37.746Z"}
{"level":"http","message":"\u001b[0mGET /api/auth/me \u001b[36m304\u001b[0m 3.467 ms - -\u001b[0m","timestamp":"2026-07-31T08:13:38.784Z"}
{"level":"http","message":"\u001b[0mGET /api/auth/me \u001b[36m304\u001b[0m 2.727 ms - -\u001b[0m","timestamp":"2026-07-31T08:13:39.535Z"}
{"level":"http","message":"\u001b[0mGET /api/auth/passkey \u001b[36m304\u001b[0m 6.304 ms - -\u001b[0m","timestamp":"2026-07-31T08:13:40.809Z"}
{"level":"http","message":"\u001b[0mGET /api/auth/passkey \u001b[36m304\u001b[0m 7.406 ms - -\u001b[0m","timestamp":"2026-07-31T08:13:40.818Z"}
{"level":"http","message":"\u001b[0mGET /api/categories \u001b[36m304\u001b[0m 4.494 ms - -\u001b[0m","timestamp":"2026-07-31T08:14:05.548Z"}
{"level":"http","message":"\u001b[0mGET /api/products \u001b[36m304\u001b[0m 13.354 ms - -\u001b[0m","timestamp":"2026-07-31T08:14:05.555Z"}
{"level":"http","message":"\u001b[0mGET /api/categories \u001b[36m304\u001b[0m 4.250 ms - -\u001b[0m","timestamp":"2026-07-31T08:14:05.557Z"}
{"level":"http","message":"\u001b[0mGET /api/shops \u001b[36m304\u001b[0m 9.495 ms - -\u001b[0m","timestamp":"2026-07-31T08:14:05.558Z"}
{"level":"http","message":"\u001b[0mGET /api/shops \u001b[36m304\u001b[0m 7.253 ms - -\u001b[0m","timestamp":"2026-07-31T08:14:05.568Z"}
{"level":"http","message":"\u001b[0mGET /api/products \u001b[36m304\u001b[0m 10.812 ms - -\u001b[0m","timestamp":"2026-07-31T08:14:05.570Z"}
{"level":"http","message":"\u001b[0mGET /api/auth/me \u001b[36m304\u001b[0m 3.387 ms - -\u001b[0m","timestamp":"2026-07-31T08:14:08.317Z"}
{"level":"http","message":"\u001b[0mGET /api/categories \u001b[36m304\u001b[0m 5.592 ms - -\u001b[0m","timestamp":"2026-07-31T08:14:08.383Z"}
{"level":"http","message":"\u001b[0mGET /api/products \u001b[36m304\u001b[0m 14.114 ms - -\u001b[0m","timestamp":"2026-07-31T08:14:08.389Z"}
{"level":"http","message":"\u001b[0mGET /api/shops \u001b[36m304\u001b[0m 9.736 ms - -\u001b[0m","timestamp":"2026-07-31T08:14:08.391Z"}
{"level":"info","message":"Starting server on port 3008...","timestamp":"2026-07-31T08:36:00.235Z"}
{"level":"info","message":"Socket.io initialized","timestamp":"2026-07-31T08:36:00.251Z"}
{"level":"info","message":"Server running on port 3008 (HTTP + WebSocket)","timestamp":"2026-07-31T08:36:00.255Z"}
{"level":"info","message":"MongoDB Connected: 127.0.0.1","timestamp":"2026-07-31T08:36:00.273Z"}
{"level":"http","message":"\u001b[0mOPTIONS /api/shops \u001b[32m204\u001b[0m 1.083 ms - 0\u001b[0m","timestamp":"2026-07-31T08:57:58.597Z"}
{"level":"warn","message":"POST /api/shops -> 400 shopName: Invalid input: expected string, received undefined","timestamp":"2026-07-31T08:57:58.917Z"}
{"level":"http","message":"\u001b[0mPOST /api/shops \u001b[33m400\u001b[0m 316.536 ms - 74\u001b[0m","timestamp":"2026-07-31T08:57:58.919Z"}
{"level":"warn","message":"POST /api/shops -> 400 shopName: Invalid input: expected string, received undefined","timestamp":"2026-07-31T08:58:00.560Z"}
{"level":"http","message":"\u001b[0mPOST /api/shops \u001b[33m400\u001b[0m 4.168 ms - 74\u001b[0m","timestamp":"2026-07-31T08:58:00.560Z"}
{"level":"info","message":"Starting server on port 3008...","timestamp":"2026-07-31T08:58:17.284Z"}
{"level":"info","message":"Socket.io initialized","timestamp":"2026-07-31T08:58:17.299Z"}
{"level":"info","message":"Server running on port 3008 (HTTP + WebSocket)","timestamp":"2026-07-31T08:58:17.302Z"}
{"level":"info","message":"MongoDB Connected: 127.0.0.1","timestamp":"2026-07-31T08:58:17.325Z"}
{"level":"http","message":"\u001b[0mGET /api/auth/me \u001b[36m304\u001b[0m 58.959 ms - -\u001b[0m","timestamp":"2026-07-31T08:58:47.182Z"}
{"level":"warn","message":"GET /api/shops/me -> 404 You have not created a shop yet","timestamp":"2026-07-31T08:58:47.231Z"}
{"level":"http","message":"\u001b[0mGET /api/shops/me \u001b[33m404\u001b[0m 80.557 ms - 45\u001b[0m","timestamp":"2026-07-31T08:58:47.233Z"}
{"level":"http","message":"\u001b[0mGET /api/auth/me \u001b[36m304\u001b[0m 4.964 ms - -\u001b[0m","timestamp":"2026-07-31T08:58:52.395Z"}
{"level":"warn","message":"GET /api/shops/me -> 404 You have not created a shop yet","timestamp":"2026-07-31T08:58:52.653Z"}
{"level":"http","message":"\u001b[0mGET /api/shops/me \u001b[33m404\u001b[0m 9.445 ms - 45\u001b[0m","timestamp":"2026-07-31T08:58:52.655Z"}
{"level":"warn","message":"GET /api/shops/me -> 404 You have not created a shop yet","timestamp":"2026-07-31T09:02:02.359Z"}
{"level":"http","message":"\u001b[0mGET /api/shops/me \u001b[33m404\u001b[0m 8.418 ms - 45\u001b[0m","timestamp":"2026-07-31T09:02:02.360Z"}
{"level":"http","message":"\u001b[0mGET /api/auth/me \u001b[36m304\u001b[0m 4.813 ms - -\u001b[0m","timestamp":"2026-07-31T09:02:09.037Z"}
{"level":"warn","message":"GET /api/shops/me -> 404 You have not created a shop yet","timestamp":"2026-07-31T09:02:09.115Z"}
{"level":"http","message":"\u001b[0mGET /api/shops/me \u001b[33m404\u001b[0m 6.073 ms - 45\u001b[0m","timestamp":"2026-07-31T09:02:09.115Z"}
{"level":"warn","message":"GET /api/shops/me -> 404 You have not created a shop yet","timestamp":"2026-07-31T09:02:11.865Z"}
{"level":"http","message":"\u001b[0mGET /api/shops/me \u001b[33m404\u001b[0m 7.351 ms - 45\u001b[0m","timestamp":"2026-07-31T09:02:11.866Z"}
{"level":"warn","message":"GET /api/shops/me -> 404 You have not created a shop yet","timestamp":"2026-07-31T09:02:11.874Z"}
{"level":"http","message":"\u001b[0mGET /api/shops/me \u001b[33m404\u001b[0m 7.400 ms - 45\u001b[0m","timestamp":"2026-07-31T09:02:11.876Z"}
{"level":"warn","message":"GET /api/shops/me -> 404 You have not created a shop yet","timestamp":"2026-07-31T09:02:13.446Z"}
{"level":"http","message":"\u001b[0mGET /api/shops/me \u001b[33m404\u001b[0m 7.759 ms - 45\u001b[0m","timestamp":"2026-07-31T09:02:13.447Z"}
{"level":"warn","message":"GET /api/shops/me -> 404 You have not created a shop yet","timestamp":"2026-07-31T09:02:13.455Z"}
{"level":"http","message":"\u001b[0mGET /api/shops/me \u001b[33m404\u001b[0m 6.299 ms - 45\u001b[0m","timestamp":"2026-07-31T09:02:13.455Z"}
{"level":"http","message":"\u001b[0mOPTIONS /api/shops \u001b[32m204\u001b[0m 0.320 ms - 0\u001b[0m","timestamp":"2026-07-31T09:03:37.866Z"}
{"level":"warn","message":"POST /api/shops -> 400 shopName: Invalid input: expected string, received undefined","timestamp":"2026-07-31T09:03:37.898Z"}
{"level":"http","message":"\u001b[0mPOST /api/shops \u001b[33m400\u001b[0m 17.617 ms - 74\u001b[0m","timestamp":"2026-07-31T09:03:37.899Z"}
{"level":"http","message":"\u001b[0mOPTIONS /api/shops \u001b[32m204\u001b[0m 0.095 ms - 0\u001b[0m","timestamp":"2026-07-31T09:06:40.224Z"}
{"level":"warn","message":"POST /api/shops -> 400 shopName: Invalid input: expected string, received undefined","timestamp":"2026-07-31T09:06:40.232Z"}
{"level":"http","message":"\u001b[0mPOST /api/shops \u001b[33m400\u001b[0m 4.170 ms - 74\u001b[0m","timestamp":"2026-07-31T09:06:40.233Z"}
{"level":"info","message":"Starting server on port 3008...","timestamp":"2026-07-31T09:15:19.419Z"}
{"level":"info","message":"Socket.io initialized","timestamp":"2026-07-31T09:15:19.443Z"}
{"level":"info","message":"Server running on port 3008 (HTTP + WebSocket)","timestamp":"2026-07-31T09:15:19.453Z"}
{"level":"info","message":"MongoDB Connected: 127.0.0.1","timestamp":"2026-07-31T09:15:19.499Z"}
{"level":"http","message":"\u001b[0mGET /api/auth/me \u001b[36m304\u001b[0m 28.548 ms - -\u001b[0m","timestamp":"2026-07-31T09:15:21.939Z"}
{"level":"warn","message":"GET /api/shops/me -> 404 You have not created a shop yet","timestamp":"2026-07-31T09:18:02.086Z"}
{"level":"http","message":"\u001b[0mGET /api/shops/me \u001b[33m404\u001b[0m 19.223 ms - 45\u001b[0m","timestamp":"2026-07-31T09:18:02.092Z"}
{"level":"http","message":"\u001b[0mGET /api/auth/me \u001b[36m304\u001b[0m 4.566 ms - -\u001b[0m","timestamp":"2026-07-31T09:18:09.820Z"}
{"level":"warn","message":"GET /api/shops/me -> 404 You have not created a shop yet","timestamp":"2026-07-31T09:18:09.905Z"}
{"level":"http","message":"\u001b[0mGET /api/shops/me \u001b[33m404\u001b[0m 7.857 ms - 45\u001b[0m","timestamp":"2026-07-31T09:18:09.907Z"}
{"level":"http","message":"\u001b[0mGET /api/auth/me \u001b[36m304\u001b[0m 4.530 ms - -\u001b[0m","timestamp":"2026-07-31T09:21:02.202Z"}
{"level":"warn","message":"GET /api/shops/me -> 404 You have not created a shop yet","timestamp":"2026-07-31T09:21:02.276Z"}
{"level":"http","message":"\u001b[0mGET /api/shops/me \u001b[33m404\u001b[0m 7.624 ms - 45\u001b[0m","timestamp":"2026-07-31T09:21:02.278Z"}
{"level":"warn","message":"GET /api/auth/me -> 401 Not authorized, no token provided","timestamp":"2026-07-31T09:21:08.882Z"}
{"level":"http","message":"\u001b[0mGET /api/auth/me \u001b[33m401\u001b[0m 1.367 ms - 47\u001b[0m","timestamp":"2026-07-31T09:21:08.883Z"}
{"level":"warn","message":"GET /api/shops/me -> 401 Not authorized, no token provided","timestamp":"2026-07-31T09:21:08.934Z"}
{"level":"http","message":"\u001b[0mGET /api/shops/me \u001b[33m401\u001b[0m 0.826 ms - 47\u001b[0m","timestamp":"2026-07-31T09:21:08.935Z"}
{"level":"info","message":"Starting server on port 3008...","timestamp":"2026-07-31T09:27:58.234Z"}
{"level":"info","message":"Socket.io initialized","timestamp":"2026-07-31T09:27:58.247Z"}
{"level":"info","message":"Server running on port 3008 (HTTP + WebSocket)","timestamp":"2026-07-31T09:27:58.251Z"}
{"level":"info","message":"MongoDB Connected: 127.0.0.1","timestamp":"2026-07-31T09:27:58.275Z"}
{"level":"http","message":"\u001b[0mGET /api/auth/me \u001b[36m304\u001b[0m 27.717 ms - -\u001b[0m","timestamp":"2026-07-31T09:27:58.320Z"}
{"level":"warn","message":"GET /api/shops/me -> 404 You have not created a shop yet","timestamp":"2026-07-31T09:28:02.080Z"}
{"level":"http","message":"\u001b[0mGET /api/shops/me \u001b[33m404\u001b[0m 11.085 ms - 45\u001b[0m","timestamp":"2026-07-31T09:28:02.085Z"}
{"level":"http","message":"\u001b[0mOPTIONS /api/shops \u001b[32m204\u001b[0m 0.218 ms - 0\u001b[0m","timestamp":"2026-07-31T09:28:44.644Z"}
{"level":"http","message":"\u001b[0mPOST /api/shops \u001b[32m201\u001b[0m 64.340 ms - 1104\u001b[0m","timestamp":"2026-07-31T09:28:44.712Z"}
{"level":"http","message":"\u001b[0mGET /api/shops/me \u001b[32m200\u001b[0m 11.673 ms - 1104\u001b[0m","timestamp":"2026-07-31T09:28:44.985Z"}
{"level":"http","message":"\u001b[0mGET /api/shops/me \u001b[36m304\u001b[0m 11.546 ms - -\u001b[0m","timestamp":"2026-07-31T09:28:44.999Z"}
{"level":"http","message":"\u001b[0mGET /api/products/me \u001b[32m200\u001b[0m 23.365 ms - 2\u001b[0m","timestamp":"2026-07-31T09:28:56.497Z"}
{"level":"http","message":"\u001b[0mGET /api/products/me \u001b[36m304\u001b[0m 5.728 ms - -\u001b[0m","timestamp":"2026-07-31T09:28:56.504Z"}
{"level":"http","message":"\u001b[0mGET /api/shops/me \u001b[36m304\u001b[0m 7.714 ms - -\u001b[0m","timestamp":"2026-07-31T09:29:00.438Z"}
{"level":"http","message":"\u001b[0mGET /api/shops/me \u001b[36m304\u001b[0m 6.355 ms - -\u001b[0m","timestamp":"2026-07-31T09:29:00.447Z"}
{"level":"http","message":"\u001b[0mGET /api/shops/me \u001b[36m304\u001b[0m 6.434 ms - -\u001b[0m","timestamp":"2026-07-31T09:29:06.907Z"}
{"level":"http","message":"\u001b[0mGET /api/shops/me \u001b[36m304\u001b[0m 6.002 ms - -\u001b[0m","timestamp":"2026-07-31T09:29:06.915Z"}
{"level":"http","message":"\u001b[0mGET /api/categories \u001b[36m304\u001b[0m 9.922 ms - -\u001b[0m","timestamp":"2026-07-31T09:29:16.400Z"}
{"level":"http","message":"\u001b[0mGET /api/shops \u001b[32m200\u001b[0m 14.447 ms - 1053\u001b[0m","timestamp":"2026-07-31T09:29:16.410Z"}
{"level":"http","message":"\u001b[0mGET /api/categories \u001b[36m304\u001b[0m 6.270 ms - -\u001b[0m","timestamp":"2026-07-31T09:29:16.412Z"}
{"level":"http","message":"\u001b[0mGET /api/products \u001b[36m304\u001b[0m 21.387 ms - -\u001b[0m","timestamp":"2026-07-31T09:29:16.414Z"}
{"level":"http","message":"\u001b[0mGET /api/shops \u001b[36m304\u001b[0m 9.139 ms - -\u001b[0m","timestamp":"2026-07-31T09:29:16.425Z"}
{"level":"http","message":"\u001b[0mGET /api/products \u001b[36m304\u001b[0m 12.849 ms - -\u001b[0m","timestamp":"2026-07-31T09:29:16.431Z"}
{"level":"http","message":"\u001b[0mGET /api/auth/me \u001b[32m200\u001b[0m 3.179 ms - 622\u001b[0m","timestamp":"2026-07-31T09:29:21.576Z"}
{"level":"http","message":"\u001b[0mGET /api/categories \u001b[36m304\u001b[0m 8.608 ms - -\u001b[0m","timestamp":"2026-07-31T09:29:25.146Z"}
{"level":"http","message":"\u001b[0mGET /api/products \u001b[36m304\u001b[0m 20.843 ms - -\u001b[0m","timestamp":"2026-07-31T09:29:25.154Z"}
{"level":"http","message":"\u001b[0mGET /api/shops \u001b[36m304\u001b[0m 13.316 ms - -\u001b[0m","timestamp":"2026-07-31T09:29:25.156Z"}
{"level":"http","message":"\u001b[0mGET /api/categories \u001b[36m304\u001b[0m 6.763 ms - -\u001b[0m","timestamp":"2026-07-31T09:29:25.159Z"}
{"level":"http","message":"\u001b[0mGET /api/shops \u001b[36m304\u001b[0m 7.413 ms - -\u001b[0m","timestamp":"2026-07-31T09:29:25.169Z"}
{"level":"http","message":"\u001b[0mGET /api/products \u001b[36m304\u001b[0m 10.895 ms - -\u001b[0m","timestamp":"2026-07-31T09:29:25.171Z"}
{"level":"http","message":"\u001b[0mGET /api/shops/me \u001b[36m304\u001b[0m 5.397 ms - -\u001b[0m","timestamp":"2026-07-31T09:29:28.253Z"}
{"level":"http","message":"\u001b[0mGET /api/shops/me \u001b[36m304\u001b[0m 5.633 ms - -\u001b[0m","timestamp":"2026-07-31T09:29:28.260Z"}
{"level":"http","message":"\u001b[0mGET /api/shops/me \u001b[36m304\u001b[0m 7.891 ms - -\u001b[0m","timestamp":"2026-07-31T09:31:21.589Z"}
{"level":"http","message":"\u001b[0mGET /api/shops/me \u001b[36m304\u001b[0m 7.081 ms - -\u001b[0m","timestamp":"2026-07-31T09:31:21.597Z"}
{"level":"http","message":"\u001b[0mGET /api/auth/passkey \u001b[36m304\u001b[0m 6.329 ms - -\u001b[0m","timestamp":"2026-07-31T09:31:31.625Z"}
{"level":"http","message":"\u001b[0mGET /api/auth/passkey \u001b[36m304\u001b[0m 5.733 ms - -\u001b[0m","timestamp":"2026-07-31T09:31:31.632Z"}
{"level":"http","message":"\u001b[0mGET /api/categories \u001b[36m304\u001b[0m 7.404 ms - -\u001b[0m","timestamp":"2026-07-31T09:31:57.332Z"}
{"level":"http","message":"\u001b[0mGET /api/products \u001b[36m304\u001b[0m 17.600 ms - -\u001b[0m","timestamp":"2026-07-31T09:31:57.339Z"}
{"level":"http","message":"\u001b[0mGET /api/shops \u001b[36m304\u001b[0m 10.851 ms - -\u001b[0m","timestamp":"2026-07-31T09:31:57.341Z"}
{"level":"http","message":"\u001b[0mGET /api/categories \u001b[36m304\u001b[0m 6.617 ms - -\u001b[0m","timestamp":"2026-07-31T09:31:57.343Z"}
{"level":"http","message":"\u001b[0mGET /api/shops \u001b[36m304\u001b[0m 7.495 ms - -\u001b[0m","timestamp":"2026-07-31T09:31:57.355Z"}
{"level":"http","message":"\u001b[0mGET /api/products \u001b[36m304\u001b[0m 11.784 ms - -\u001b[0m","timestamp":"2026-07-31T09:31:57.357Z"}
{"level":"http","message":"\u001b[0mGET /api/categories \u001b[36m304\u001b[0m 8.145 ms - -\u001b[0m","timestamp":"2026-07-31T09:31:59.858Z"}
{"level":"http","message":"\u001b[0mGET /api/shops \u001b[36m304\u001b[0m 12.324 ms - -\u001b[0m","timestamp":"2026-07-31T09:31:59.864Z"}
{"level":"http","message":"\u001b[0mGET /api/products \u001b[36m304\u001b[0m 18.968 ms - -\u001b[0m","timestamp":"2026-07-31T09:31:59.866Z"}
{"level":"http","message":"\u001b[0mGET /api/categories \u001b[36m304\u001b[0m 5.676 ms - -\u001b[0m","timestamp":"2026-07-31T09:31:59.867Z"}
{"level":"http","message":"\u001b[0mGET /api/shops \u001b[36m304\u001b[0m 5.729 ms - -\u001b[0m","timestamp":"2026-07-31T09:31:59.874Z"}
{"level":"http","message":"\u001b[0mGET /api/products \u001b[36m304\u001b[0m 9.948 ms - -\u001b[0m","timestamp":"2026-07-31T09:31:59.880Z"}
{"level":"http","message":"\u001b[0mGET /api/auth/me \u001b[36m304\u001b[0m 2.450 ms - -\u001b[0m","timestamp":"2026-07-31T09:32:06.419Z"}
{"level":"http","message":"\u001b[0mGET /api/shops/me \u001b[36m304\u001b[0m 4.540 ms - -\u001b[0m","timestamp":"2026-07-31T09:32:06.541Z"}
{"level":"http","message":"\u001b[0mGET /api/auth/me \u001b[36m304\u001b[0m 4.859 ms - -\u001b[0m","timestamp":"2026-07-31T09:32:08.079Z"}
{"level":"http","message":"\u001b[0mGET /api/shops/me \u001b[36m304\u001b[0m 4.658 ms - -\u001b[0m","timestamp":"2026-07-31T09:32:08.162Z"}
{"level":"http","message":"\u001b[0mGET /api/auth/me \u001b[36m304\u001b[0m 2.339 ms - -\u001b[0m","timestamp":"2026-07-31T09:32:09.120Z"}
{"level":"http","message":"\u001b[0mGET /api/shops/me \u001b[36m304\u001b[0m 6.083 ms - -\u001b[0m","timestamp":"2026-07-31T09:32:09.236Z"}
{"level":"http","message":"\u001b[0mGET /api/auth/me \u001b[36m304\u001b[0m 4.694 ms - -\u001b[0m","timestamp":"2026-07-31T09:32:10.316Z"}
{"level":"http","message":"\u001b[0mGET /api/shops/me \u001b[36m304\u001b[0m 5.709 ms - -\u001b[0m","timestamp":"2026-07-31T09:32:10.420Z"}
{"level":"http","message":"\u001b[0mGET /api/auth/me \u001b[36m304\u001b[0m 2.026 ms - -\u001b[0m","timestamp":"2026-07-31T09:32:16.159Z"}
{"level":"http","message":"\u001b[0mGET /api/auth/me \u001b[36m304\u001b[0m 5.174 ms - -\u001b[0m","timestamp":"2026-07-31T09:32:17.530Z"}
{"level":"http","message":"\u001b[0mGET /api/shops/me \u001b[36m304\u001b[0m 5.449 ms - -\u001b[0m","timestamp":"2026-07-31T09:32:18.663Z"}
{"level":"http","message":"\u001b[0mGET /api/shops/me \u001b[36m304\u001b[0m 5.274 ms - -\u001b[0m","timestamp":"2026-07-31T09:32:18.670Z"}
{"level":"http","message":"\u001b[0mGET /api/auth/me \u001b[36m304\u001b[0m 4.170 ms - -\u001b[0m","timestamp":"2026-07-31T09:36:10.316Z"}
{"level":"http","message":"\u001b[0mGET /api/shops/me \u001b[32m200\u001b[0m 5.099 ms - 1103\u001b[0m","timestamp":"2026-07-31T09:36:10.369Z"}
{"level":"http","message":"\u001b[0mGET /api/categories \u001b[36m304\u001b[0m 5.185 ms - -\u001b[0m","timestamp":"2026-07-31T09:36:14.757Z"}
{"level":"http","message":"\u001b[0mGET /api/products \u001b[36m304\u001b[0m 13.823 ms - -\u001b[0m","timestamp":"2026-07-31T09:36:14.760Z"}
{"level":"http","message":"\u001b[0mGET /api/shops \u001b[36m304\u001b[0m 11.137 ms - -\u001b[0m","timestamp":"2026-07-31T09:36:14.764Z"}
{"level":"http","message":"\u001b[0mGET /api/categories \u001b[36m304\u001b[0m 7.279 ms - -\u001b[0m","timestamp":"2026-07-31T09:36:14.769Z"}
{"level":"http","message":"\u001b[0mGET /api/shops \u001b[36m304\u001b[0m 10.578 ms - -\u001b[0m","timestamp":"2026-07-31T09:36:14.780Z"}
{"level":"http","message":"\u001b[0mGET /api/products \u001b[36m304\u001b[0m 16.836 ms - -\u001b[0m","timestamp":"2026-07-31T09:36:14.782Z"}
{"level":"http","message":"\u001b[0mGET /api/auth/me \u001b[36m304\u001b[0m 3.778 ms - -\u001b[0m","timestamp":"2026-07-31T09:36:19.018Z"}
{"level":"http","message":"\u001b[0mGET /api/auth/me \u001b[36m304\u001b[0m 4.940 ms - -\u001b[0m","timestamp":"2026-07-31T09:36:20.328Z"}
{"level":"http","message":"\u001b[0mGET /api/shops/me \u001b[36m304\u001b[0m 5.312 ms - -\u001b[0m","timestamp":"2026-07-31T09:36:26.269Z"}
{"level":"http","message":"\u001b[0mGET /api/shops/me \u001b[36m304\u001b[0m 4.769 ms - -\u001b[0m","timestamp":"2026-07-31T09:36:26.275Z"}
{"level":"http","message":"\u001b[0mGET /api/shops/me \u001b[36m304\u001b[0m 5.734 ms - -\u001b[0m","timestamp":"2026-07-31T09:36:30.725Z"}
{"level":"http","message":"\u001b[0mGET /api/shops/me \u001b[36m304\u001b[0m 6.740 ms - -\u001b[0m","timestamp":"2026-07-31T09:36:30.733Z"}
{"level":"http","message":"\u001b[0mGET /api/shops/me \u001b[36m304\u001b[0m 4.949 ms - -\u001b[0m","timestamp":"2026-07-31T09:36:36.135Z"}
{"level":"http","message":"\u001b[0mGET /api/auth/me \u001b[36m304\u001b[0m 2.161 ms - -\u001b[0m","timestamp":"2026-07-31T09:49:09.423Z"}
{"level":"http","message":"\u001b[0mGET /api/auth/me \u001b[36m304\u001b[0m 2.458 ms - -\u001b[0m","timestamp":"2026-07-31T09:56:45.560Z"}
{"level":"http","message":"\u001b[0mGET /api/shops/me \u001b[36m304\u001b[0m 6.709 ms - -\u001b[0m","timestamp":"2026-07-31T09:57:08.923Z"}
{"level":"http","message":"\u001b[0mGET /api/shops/me \u001b[36m304\u001b[0m 8.251 ms - -\u001b[0m","timestamp":"2026-07-31T09:57:17.383Z"}
{"level":"http","message":"\u001b[0mGET /api/shops/me \u001b[36m304\u001b[0m 7.229 ms - -\u001b[0m","timestamp":"2026-07-31T09:57:17.392Z"}
{"level":"http","message":"\u001b[0mOPTIONS /api/shops/me \u001b[32m204\u001b[0m 0.105 ms - 0\u001b[0m","timestamp":"2026-07-31T09:57:34.415Z"}
{"level":"http","message":"\u001b[0mPUT /api/shops/me \u001b[32m200\u001b[0m 11.314 ms - 1104\u001b[0m","timestamp":"2026-07-31T09:57:34.430Z"}
{"level":"http","message":"\u001b[0mGET /api/shops/me \u001b[32m200\u001b[0m 8.996 ms - 1104\u001b[0m","timestamp":"2026-07-31T09:57:34.566Z"}
{"level":"http","message":"\u001b[0mGET /api/shops/me \u001b[36m304\u001b[0m 7.670 ms - -\u001b[0m","timestamp":"2026-07-31T09:57:34.576Z"}
{"level":"http","message":"\u001b[0mGET /api/shops/me \u001b[36m304\u001b[0m 6.449 ms - -\u001b[0m","timestamp":"2026-07-31T09:57:54.927Z"}
{"level":"http","message":"\u001b[0mGET /api/shops/me \u001b[36m304\u001b[0m 4.936 ms - -\u001b[0m","timestamp":"2026-07-31T09:57:54.933Z"}
{"level":"http","message":"\u001b[0mGET /api/categories \u001b[36m304\u001b[0m 5.572 ms - -\u001b[0m","timestamp":"2026-07-31T09:57:59.400Z"}
{"level":"http","message":"\u001b[0mGET /api/products \u001b[36m304\u001b[0m 14.654 ms - -\u001b[0m","timestamp":"2026-07-31T09:57:59.407Z"}
{"level":"http","message":"\u001b[0mGET /api/shops \u001b[32m200\u001b[0m 11.061 ms - 1054\u001b[0m","timestamp":"2026-07-31T09:57:59.409Z"}
{"level":"http","message":"\u001b[0mGET /api/categories \u001b[36m304\u001b[0m 6.797 ms - -\u001b[0m","timestamp":"2026-07-31T09:57:59.411Z"}
{"level":"http","message":"\u001b[0mGET /api/shops \u001b[36m304\u001b[0m 9.276 ms - -\u001b[0m","timestamp":"2026-07-31T09:57:59.424Z"}
{"level":"http","message":"\u001b[0mGET /api/products \u001b[36m304\u001b[0m 13.234 ms - -\u001b[0m","timestamp":"2026-07-31T09:57:59.426Z"}
{"level":"http","message":"\u001b[0mGET /api/categories \u001b[36m304\u001b[0m 8.240 ms - -\u001b[0m","timestamp":"2026-07-31T09:58:03.862Z"}
{"level":"http","message":"\u001b[0mGET /api/products \u001b[36m304\u001b[0m 17.791 ms - -\u001b[0m","timestamp":"2026-07-31T09:58:03.869Z"}
{"level":"http","message":"\u001b[0mGET /api/shops \u001b[36m304\u001b[0m 11.752 ms - -\u001b[0m","timestamp":"2026-07-31T09:58:03.871Z"}
{"level":"http","message":"\u001b[0mGET /api/categories \u001b[36m304\u001b[0m 5.716 ms - -\u001b[0m","timestamp":"2026-07-31T09:58:03.873Z"}
{"level":"http","message":"\u001b[0mGET /api/shops \u001b[36m304\u001b[0m 11.793 ms - -\u001b[0m","timestamp":"2026-07-31T09:58:03.888Z"}
{"level":"http","message":"\u001b[0mGET /api/products \u001b[36m304\u001b[0m 20.314 ms - -\u001b[0m","timestamp":"2026-07-31T09:58:03.895Z"}
{"level":"http","message":"\u001b[0mGET /api/categories \u001b[36m304\u001b[0m 7.544 ms - -\u001b[0m","timestamp":"2026-07-31T09:58:06.556Z"}
{"level":"http","message":"\u001b[0mGET /api/shops \u001b[36m304\u001b[0m 12.569 ms - -\u001b[0m","timestamp":"2026-07-31T09:58:06.563Z"}
{"level":"http","message":"\u001b[0mGET /api/products \u001b[36m304\u001b[0m 18.418 ms - -\u001b[0m","timestamp":"2026-07-31T09:58:06.565Z"}
{"level":"http","message":"\u001b[0mGET /api/categories \u001b[36m304\u001b[0m 4.842 ms - -\u001b[0m","timestamp":"2026-07-31T09:58:06.567Z"}
{"level":"http","message":"\u001b[0mGET /api/shops \u001b[36m304\u001b[0m 7.488 ms - -\u001b[0m","timestamp":"2026-07-31T09:58:06.575Z"}
{"level":"http","message":"\u001b[0mGET /api/products \u001b[36m304\u001b[0m 10.802 ms - -\u001b[0m","timestamp":"2026-07-31T09:58:06.580Z"}
{"level":"http","message":"\u001b[0mGET /api/auth/me \u001b[36m304\u001b[0m 2.712 ms - -\u001b[0m","timestamp":"2026-07-31T09:59:57.678Z"}
{"level":"http","message":"\u001b[0mGET /api/categories \u001b[36m304\u001b[0m 7.564 ms - -\u001b[0m","timestamp":"2026-07-31T10:00:57.022Z"}
{"level":"http","message":"\u001b[0mGET /api/shops \u001b[36m304\u001b[0m 13.964 ms - -\u001b[0m","timestamp":"2026-07-31T10:00:57.030Z"}
{"level":"http","message":"\u001b[0mGET /api/products \u001b[36m304\u001b[0m 23.220 ms - -\u001b[0m","timestamp":"2026-07-31T10:00:57.033Z"}
{"level":"http","message":"\u001b[0mGET /api/auth/me \u001b[36m304\u001b[0m 5.283 ms - -\u001b[0m","timestamp":"2026-07-31T10:03:09.554Z"}
{"level":"http","message":"\u001b[0mGET /api/categories \u001b[36m304\u001b[0m 5.480 ms - -\u001b[0m","timestamp":"2026-07-31T10:03:10.736Z"}
{"level":"http","message":"\u001b[0mGET /api/products \u001b[36m304\u001b[0m 16.707 ms - -\u001b[0m","timestamp":"2026-07-31T10:03:10.739Z"}
{"level":"http","message":"\u001b[0mGET /api/shops \u001b[36m304\u001b[0m 8.935 ms - -\u001b[0m","timestamp":"2026-07-31T10:03:10.741Z"}
{"level":"http","message":"\u001b[0mGET /api/categories \u001b[36m304\u001b[0m 7.766 ms - -\u001b[0m","timestamp":"2026-07-31T10:03:13.333Z"}
{"level":"http","message":"\u001b[0mGET /api/products \u001b[36m304\u001b[0m 15.934 ms - -\u001b[0m","timestamp":"2026-07-31T10:03:13.339Z"}
{"level":"http","message":"\u001b[0mGET /api/shops \u001b[36m304\u001b[0m 11.753 ms - -\u001b[0m","timestamp":"2026-07-31T10:03:13.341Z"}
{"level":"http","message":"\u001b[0mGET /api/categories \u001b[36m304\u001b[0m 6.338 ms - -\u001b[0m","timestamp":"2026-07-31T10:03:13.343Z"}
{"level":"http","message":"\u001b[0mGET /api/shops \u001b[36m304\u001b[0m 8.317 ms - -\u001b[0m","timestamp":"2026-07-31T10:03:13.355Z"}
{"level":"http","message":"\u001b[0mGET /api/products \u001b[36m304\u001b[0m 12.799 ms - -\u001b[0m","timestamp":"2026-07-31T10:03:13.358Z"}
{"level":"warn","message":"GET /api/shops/me -> 404 You have not created a shop yet","timestamp":"2026-07-31T10:03:30.332Z"}
{"level":"http","message":"\u001b[0mGET /api/shops/me \u001b[33m404\u001b[0m 6.541 ms - 45\u001b[0m","timestamp":"2026-07-31T10:03:30.333Z"}
{"level":"warn","message":"GET /api/shops/me -> 404 You have not created a shop yet","timestamp":"2026-07-31T10:03:30.339Z"}
{"level":"http","message":"\u001b[0mGET /api/shops/me \u001b[33m404\u001b[0m 4.252 ms - 45\u001b[0m","timestamp":"2026-07-31T10:03:30.339Z"}
{"level":"http","message":"\u001b[0mGET /api/auth/me \u001b[36m304\u001b[0m 4.048 ms - -\u001b[0m","timestamp":"2026-07-31T10:03:33.469Z"}
{"level":"warn","message":"GET /api/shops/me -> 404 You have not created a shop yet","timestamp":"2026-07-31T10:03:33.492Z"}
{"level":"http","message":"\u001b[0mGET /api/shops/me \u001b[33m404\u001b[0m 5.855 ms - 45\u001b[0m","timestamp":"2026-07-31T10:03:33.493Z"}
{"level":"warn","message":"GET /api/shops/me -> 404 You have not created a shop yet","timestamp":"2026-07-31T10:03:37.370Z"}
{"level":"http","message":"\u001b[0mGET /api/shops/me \u001b[33m404\u001b[0m 5.556 ms - 45\u001b[0m","timestamp":"2026-07-31T10:03:37.371Z"}
{"level":"warn","message":"GET /api/shops/me -> 404 You have not created a shop yet","timestamp":"2026-07-31T10:03:37.378Z"}
{"level":"http","message":"\u001b[0mGET /api/shops/me \u001b[33m404\u001b[0m 5.647 ms - 45\u001b[0m","timestamp":"2026-07-31T10:03:37.380Z"}
{"level":"http","message":"\u001b[0mGET /api/auth/me \u001b[36m304\u001b[0m 2.853 ms - -\u001b[0m","timestamp":"2026-07-31T10:04:59.431Z"}
{"level":"warn","message":"GET /api/shops/me -> 404 You have not created a shop yet","timestamp":"2026-07-31T10:04:59.571Z"}
{"level":"http","message":"\u001b[0mGET /api/shops/me \u001b[33m404\u001b[0m 5.809 ms - 45\u001b[0m","timestamp":"2026-07-31T10:04:59.571Z"}
{"level":"info","message":"Starting server on port 3008...","timestamp":"2026-07-31T10:05:19.503Z"}
{"level":"info","message":"Socket.io initialized","timestamp":"2026-07-31T10:05:19.518Z"}
{"level":"info","message":"Server running on port 3008 (HTTP + WebSocket)","timestamp":"2026-07-31T10:05:19.521Z"}
{"level":"info","message":"MongoDB Connected: 127.0.0.1","timestamp":"2026-07-31T10:05:19.542Z"}
{"level":"http","message":"\u001b[0mGET /api/auth/me \u001b[36m304\u001b[0m 40.884 ms - -\u001b[0m","timestamp":"2026-07-31T10:05:22.795Z"}
{"level":"warn","message":"GET /api/shops/me -> 404 You have not created a shop yet","timestamp":"2026-07-31T10:05:26.276Z"}
{"level":"http","message":"\u001b[0mGET /api/shops/me \u001b[33m404\u001b[0m 10.197 ms - 45\u001b[0m","timestamp":"2026-07-31T10:05:26.280Z"}
{"level":"http","message":"\u001b[0mGET /api/auth/passkey \u001b[36m304\u001b[0m 10.101 ms - -\u001b[0m","timestamp":"2026-07-31T10:05:30.153Z"}
{"level":"http","message":"\u001b[0mGET /api/auth/passkey \u001b[36m304\u001b[0m 8.250 ms - -\u001b[0m","timestamp":"2026-07-31T10:05:30.163Z"}
{"level":"warn","message":"GET /api/shops/me -> 404 You have not created a shop yet","timestamp":"2026-07-31T10:05:31.117Z"}
{"level":"http","message":"\u001b[0mGET /api/shops/me \u001b[33m404\u001b[0m 10.918 ms - 45\u001b[0m","timestamp":"2026-07-31T10:05:31.119Z"}
{"level":"warn","message":"GET /api/shops/me -> 404 You have not created a shop yet","timestamp":"2026-07-31T10:05:31.128Z"}
{"level":"http","message":"\u001b[0mGET /api/shops/me \u001b[33m404\u001b[0m 7.860 ms - 45\u001b[0m","timestamp":"2026-07-31T10:05:31.130Z"}
{"level":"warn","message":"GET /api/shops/me -> 404 You have not created a shop yet","timestamp":"2026-07-31T10:05:32.626Z"}
{"level":"http","message":"\u001b[0mGET /api/shops/me \u001b[33m404\u001b[0m 5.699 ms - 45\u001b[0m","timestamp":"2026-07-31T10:05:32.627Z"}
{"level":"warn","message":"GET /api/shops/me -> 404 You have not created a shop yet","timestamp":"2026-07-31T10:05:32.635Z"}
{"level":"http","message":"\u001b[0mGET /api/shops/me \u001b[33m404\u001b[0m 7.188 ms - 45\u001b[0m","timestamp":"2026-07-31T10:05:32.636Z"}
{"level":"http","message":"\u001b[0mGET /api/auth/me \u001b[36m304\u001b[0m 4.792 ms - -\u001b[0m","timestamp":"2026-07-31T10:05:43.780Z"}
{"level":"warn","message":"GET /api/shops/me -> 404 You have not created a shop yet","timestamp":"2026-07-31T10:05:43.828Z"}
{"level":"http","message":"\u001b[0mGET /api/shops/me \u001b[33m404\u001b[0m 5.843 ms - 45\u001b[0m","timestamp":"2026-07-31T10:05:43.829Z"}
{"level":"http","message":"\u001b[0mGET /api/auth/me \u001b[36m304\u001b[0m 5.625 ms - -\u001b[0m","timestamp":"2026-07-31T10:09:27.736Z"}
{"level":"warn","message":"GET /api/shops/me -> 404 You have not created a shop yet","timestamp":"2026-07-31T10:09:27.863Z"}
{"level":"http","message":"\u001b[0mGET /api/shops/me \u001b[33m404\u001b[0m 6.060 ms - 45\u001b[0m","timestamp":"2026-07-31T10:09:27.864Z"}
{"level":"http","message":"\u001b[0mOPTIONS /api/shops \u001b[32m204\u001b[0m 0.252 ms - 0\u001b[0m","timestamp":"2026-07-31T10:11:52.591Z"}
{"level":"http","message":"\u001b[0mPOST /api/shops \u001b[32m201\u001b[0m 38.017 ms - 1181\u001b[0m","timestamp":"2026-07-31T10:11:52.632Z"}
{"level":"http","message":"\u001b[0mGET /api/shops/me \u001b[32m200\u001b[0m 13.492 ms - 1181\u001b[0m","timestamp":"2026-07-31T10:11:52.913Z"}
{"level":"http","message":"\u001b[0mGET /api/shops/me \u001b[36m304\u001b[0m 6.995 ms - -\u001b[0m","timestamp":"2026-07-31T10:11:52.923Z"}
{"level":"http","message":"\u001b[0mGET /api/shops/me \u001b[36m304\u001b[0m 6.894 ms - -\u001b[0m","timestamp":"2026-07-31T10:11:55.753Z"}
{"level":"http","message":"\u001b[0mGET /api/shops/me \u001b[36m304\u001b[0m 6.861 ms - -\u001b[0m","timestamp":"2026-07-31T10:11:55.762Z"}
{"level":"http","message":"\u001b[0mGET /api/categories \u001b[36m304\u001b[0m 9.792 ms - -\u001b[0m","timestamp":"2026-07-31T10:12:09.850Z"}
{"level":"http","message":"\u001b[0mGET /api/shops \u001b[32m200\u001b[0m 14.491 ms - 407\u001b[0m","timestamp":"2026-07-31T10:12:09.856Z"}
{"level":"http","message":"\u001b[0mGET /api/products \u001b[32m200\u001b[0m 23.465 ms - 537\u001b[0m","timestamp":"2026-07-31T10:12:09.859Z"}
{"level":"http","message":"\u001b[0mGET /api/categories \u001b[36m304\u001b[0m 6.241 ms - -\u001b[0m","timestamp":"2026-07-31T10:12:09.861Z"}
{"level":"http","message":"\u001b[0mGET /api/shops \u001b[36m304\u001b[0m 6.568 ms - -\u001b[0m","timestamp":"2026-07-31T10:12:09.869Z"}
{"level":"http","message":"\u001b[0mGET /api/products \u001b[36m304\u001b[0m 10.085 ms - -\u001b[0m","timestamp":"2026-07-31T10:12:09.874Z"}
{"level":"http","message":"\u001b[0mGET /api/auth/me \u001b[32m200\u001b[0m 3.541 ms - 622\u001b[0m","timestamp":"2026-07-31T10:12:15.284Z"}
{"level":"http","message":"\u001b[0mGET /api/categories \u001b[36m304\u001b[0m 4.683 ms - -\u001b[0m","timestamp":"2026-07-31T10:12:15.404Z"}
{"level":"http","message":"\u001b[0mGET /api/products \u001b[36m304\u001b[0m 11.013 ms - -\u001b[0m","timestamp":"2026-07-31T10:12:15.409Z"}
{"level":"http","message":"\u001b[0mGET /api/shops \u001b[36m304\u001b[0m 8.205 ms - -\u001b[0m","timestamp":"2026-07-31T10:12:15.411Z"}
{"level":"http","message":"\u001b[0mGET /api/auth/me \u001b[36m304\u001b[0m 5.990 ms - -\u001b[0m","timestamp":"2026-07-31T10:12:34.134Z"}
{"level":"http","message":"\u001b[0mGET /api/categories \u001b[36m304\u001b[0m 6.355 ms - -\u001b[0m","timestamp":"2026-07-31T10:12:34.958Z"}
{"level":"http","message":"\u001b[0mGET /api/products \u001b[36m304\u001b[0m 15.681 ms - -\u001b[0m","timestamp":"2026-07-31T10:12:34.966Z"}
{"level":"http","message":"\u001b[0mGET /api/shops \u001b[36m304\u001b[0m 12.377 ms - -\u001b[0m","timestamp":"2026-07-31T10:12:34.968Z"}
{"level":"http","message":"\u001b[0mGET /api/auth/me \u001b[36m304\u001b[0m 4.958 ms - -\u001b[0m","timestamp":"2026-07-31T10:12:36.669Z"}
{"level":"http","message":"\u001b[0mGET /api/categories \u001b[36m304\u001b[0m 6.559 ms - -\u001b[0m","timestamp":"2026-07-31T10:12:36.697Z"}
{"level":"http","message":"\u001b[0mGET /api/products \u001b[36m304\u001b[0m 15.396 ms - -\u001b[0m","timestamp":"2026-07-31T10:12:36.704Z"}
{"level":"http","message":"\u001b[0mGET /api/shops \u001b[36m304\u001b[0m 12.246 ms - -\u001b[0m","timestamp":"2026-07-31T10:12:36.706Z"}
{"level":"http","message":"\u001b[0mGET /api/auth/me \u001b[36m304\u001b[0m 3.658 ms - -\u001b[0m","timestamp":"2026-07-31T10:14:01.976Z"}
{"level":"http","message":"\u001b[0mGET /api/categories \u001b[36m304\u001b[0m 4.935 ms - -\u001b[0m","timestamp":"2026-07-31T10:14:02.093Z"}
{"level":"http","message":"\u001b[0mGET /api/products \u001b[36m304\u001b[0m 13.341 ms - -\u001b[0m","timestamp":"2026-07-31T10:14:02.098Z"}
{"level":"http","message":"\u001b[0mGET /api/shops \u001b[36m304\u001b[0m 8.602 ms - -\u001b[0m","timestamp":"2026-07-31T10:14:02.100Z"}
{"level":"http","message":"\u001b[0mGET /api/categories \u001b[36m304\u001b[0m 8.091 ms - -\u001b[0m","timestamp":"2026-07-31T10:14:05.375Z"}
{"level":"http","message":"\u001b[0mGET /api/products \u001b[36m304\u001b[0m 17.241 ms - -\u001b[0m","timestamp":"2026-07-31T10:14:05.381Z"}
{"level":"http","message":"\u001b[0mGET /api/shops \u001b[36m304\u001b[0m 10.063 ms - -\u001b[0m","timestamp":"2026-07-31T10:14:05.383Z"}
{"level":"http","message":"\u001b[0mGET /api/categories \u001b[36m304\u001b[0m 5.073 ms - -\u001b[0m","timestamp":"2026-07-31T10:14:05.384Z"}
{"level":"http","message":"\u001b[0mGET /api/shops \u001b[36m304\u001b[0m 8.778 ms - -\u001b[0m","timestamp":"2026-07-31T10:14:05.397Z"}
{"level":"http","message":"\u001b[0mGET /api/products \u001b[36m304\u001b[0m 13.299 ms - -\u001b[0m","timestamp":"2026-07-31T10:14:05.399Z"}
{"level":"http","message":"\u001b[0mGET /api/auth/me \u001b[36m304\u001b[0m 2.762 ms - -\u001b[0m","timestamp":"2026-07-31T10:14:14.397Z"}
{"level":"http","message":"\u001b[0mGET /api/categories \u001b[36m304\u001b[0m 5.211 ms - -\u001b[0m","timestamp":"2026-07-31T10:14:22.867Z"}
{"level":"http","message":"\u001b[0mGET /api/products \u001b[36m304\u001b[0m 11.129 ms - -\u001b[0m","timestamp":"2026-07-31T10:14:22.871Z"}
{"level":"http","message":"\u001b[0mGET /api/shops \u001b[36m304\u001b[0m 7.401 ms - -\u001b[0m","timestamp":"2026-07-31T10:14:22.872Z"}
{"level":"http","message":"\u001b[0mGET /api/auth/me \u001b[36m304\u001b[0m 4.511 ms - -\u001b[0m","timestamp":"2026-07-31T10:14:37.799Z"}
{"level":"http","message":"\u001b[0mGET /api/categories \u001b[36m304\u001b[0m 7.287 ms - -\u001b[0m","timestamp":"2026-07-31T10:14:42.077Z"}
{"level":"http","message":"\u001b[0mGET /api/shops \u001b[36m304\u001b[0m 12.201 ms - -\u001b[0m","timestamp":"2026-07-31T10:14:42.084Z"}
{"level":"http","message":"\u001b[0mGET /api/products \u001b[36m304\u001b[0m 20.046 ms - -\u001b[0m","timestamp":"2026-07-31T10:14:42.087Z"}
{"level":"http","message":"\u001b[0mGET /api/categories \u001b[36m304\u001b[0m 6.179 ms - -\u001b[0m","timestamp":"2026-07-31T10:14:42.089Z"}
{"level":"http","message":"\u001b[0mGET /api/shops \u001b[36m304\u001b[0m 7.091 ms - -\u001b[0m","timestamp":"2026-07-31T10:14:42.097Z"}
{"level":"http","message":"\u001b[0mGET /api/products \u001b[36m304\u001b[0m 8.412 ms - -\u001b[0m","timestamp":"2026-07-31T10:14:42.100Z"}
{"level":"http","message":"\u001b[0mGET /api/categories \u001b[36m304\u001b[0m 7.546 ms - -\u001b[0m","timestamp":"2026-07-31T11:35:10.399Z"}
{"level":"http","message":"\u001b[0mGET /api/shops \u001b[36m304\u001b[0m 13.362 ms - -\u001b[0m","timestamp":"2026-07-31T11:35:10.406Z"}
{"level":"http","message":"\u001b[0mGET /api/products \u001b[36m304\u001b[0m 28.338 ms - -\u001b[0m","timestamp":"2026-07-31T11:35:10.408Z"}
{"level":"http","message":"\u001b[0mGET /api/categories \u001b[36m304\u001b[0m 5.009 ms - -\u001b[0m","timestamp":"2026-07-31T11:35:10.410Z"}
{"level":"http","message":"\u001b[0mGET /api/shops \u001b[36m304\u001b[0m 6.760 ms - -\u001b[0m","timestamp":"2026-07-31T11:35:10.418Z"}
{"level":"http","message":"\u001b[0mGET /api/products \u001b[36m304\u001b[0m 8.833 ms - -\u001b[0m","timestamp":"2026-07-31T11:35:10.421Z"}
{"level":"http","message":"\u001b[0mGET /api/categories \u001b[36m304\u001b[0m 6.201 ms - -\u001b[0m","timestamp":"2026-07-31T11:38:02.536Z"}
{"level":"http","message":"\u001b[0mGET /api/products \u001b[36m304\u001b[0m 11.995 ms - -\u001b[0m","timestamp":"2026-07-31T11:38:02.540Z"}
{"level":"http","message":"\u001b[0mGET /api/shops \u001b[36m304\u001b[0m 7.154 ms - -\u001b[0m","timestamp":"2026-07-31T11:38:02.542Z"}
{"level":"http","message":"\u001b[0mGET /api/auth/me \u001b[36m304\u001b[0m 12.853 ms - -\u001b[0m","timestamp":"2026-07-31T11:49:25.355Z"}
{"level":"http","message":"\u001b[0mGET /api/auth/me \u001b[36m304\u001b[0m 6.486 ms - -\u001b[0m","timestamp":"2026-07-31T12:08:20.604Z"}
{"level":"http","message":"\u001b[0mGET /api/auth/me \u001b[36m304\u001b[0m 5.071 ms - -\u001b[0m","timestamp":"2026-07-31T12:08:20.959Z"}
{"level":"http","message":"\u001b[0mGET /api/auth/me \u001b[36m304\u001b[0m 4.617 ms - -\u001b[0m","timestamp":"2026-07-31T12:08:21.367Z"}
{"level":"http","message":"\u001b[0mGET /api/auth/me \u001b[36m304\u001b[0m 3.500 ms - -\u001b[0m","timestamp":"2026-07-31T12:08:21.677Z"}
{"level":"http","message":"\u001b[0mGET /api/auth/me \u001b[36m304\u001b[0m 3.469 ms - -\u001b[0m","timestamp":"2026-07-31T12:08:22.029Z"}
{"level":"http","message":"\u001b[0mGET /api/auth/me \u001b[36m304\u001b[0m 2.282 ms - -\u001b[0m","timestamp":"2026-07-31T12:08:22.397Z"}
{"level":"http","message":"\u001b[0mGET /api/auth/me \u001b[36m304\u001b[0m 4.270 ms - -\u001b[0m","timestamp":"2026-07-31T12:08:22.708Z"}
{"level":"http","message":"\u001b[0mGET /api/auth/me \u001b[36m304\u001b[0m 3.887 ms - -\u001b[0m","timestamp":"2026-07-31T12:08:23.007Z"}
{"level":"http","message":"\u001b[0mGET /api/auth/me \u001b[36m304\u001b[0m 2.206 ms - -\u001b[0m","timestamp":"2026-07-31T12:08:23.364Z"}
{"level":"http","message":"\u001b[0mGET /api/auth/me \u001b[36m304\u001b[0m 2.983 ms - -\u001b[0m","timestamp":"2026-07-31T12:08:23.706Z"}
{"level":"http","message":"\u001b[0mGET /api/auth/me \u001b[36m304\u001b[0m 2.740 ms - -\u001b[0m","timestamp":"2026-07-31T12:08:24.064Z"}
{"level":"http","message":"\u001b[0mGET /api/auth/me \u001b[36m304\u001b[0m 2.287 ms - -\u001b[0m","timestamp":"2026-07-31T12:08:24.397Z"}
{"level":"http","message":"\u001b[0mGET /api/auth/me \u001b[36m304\u001b[0m 2.755 ms - -\u001b[0m","timestamp":"2026-07-31T12:08:24.691Z"}
{"level":"http","message":"\u001b[0mGET /api/auth/me \u001b[36m304\u001b[0m 2.570 ms - -\u001b[0m","timestamp":"2026-07-31T12:08:25.057Z"}
{"level":"http","message":"\u001b[0mGET /api/auth/me \u001b[36m304\u001b[0m 3.588 ms - -\u001b[0m","timestamp":"2026-07-31T12:08:25.385Z"}
{"level":"http","message":"\u001b[0mGET /api/auth/me \u001b[36m304\u001b[0m 2.849 ms - -\u001b[0m","timestamp":"2026-07-31T12:08:25.642Z"}
{"level":"http","message":"\u001b[0mGET /api/auth/me \u001b[36m304\u001b[0m 3.182 ms - -\u001b[0m","timestamp":"2026-07-31T12:08:25.970Z"}
{"level":"http","message":"\u001b[0mGET /api/auth/me \u001b[36m304\u001b[0m 2.466 ms - -\u001b[0m","timestamp":"2026-07-31T12:08:26.352Z"}
{"level":"http","message":"\u001b[0mGET /api/auth/me \u001b[36m304\u001b[0m 2.327 ms - -\u001b[0m","timestamp":"2026-07-31T12:08:26.649Z"}
{"level":"http","message":"\u001b[0mGET /api/auth/me \u001b[36m304\u001b[0m 2.482 ms - -\u001b[0m","timestamp":"2026-07-31T12:08:26.905Z"}
{"level":"http","message":"\u001b[0mGET /api/auth/me \u001b[36m304\u001b[0m 2.292 ms - -\u001b[0m","timestamp":"2026-07-31T12:08:27.380Z"}
{"level":"http","message":"\u001b[0mGET /api/auth/me \u001b[36m304\u001b[0m 5.725 ms - -\u001b[0m","timestamp":"2026-07-31T12:08:27.736Z"}
{"level":"http","message":"\u001b[0mGET /api/auth/me \u001b[36m304\u001b[0m 2.329 ms - -\u001b[0m","timestamp":"2026-07-31T12:08:28.009Z"}
{"level":"http","message":"\u001b[0mGET /api/auth/me \u001b[36m304\u001b[0m 1.856 ms - -\u001b[0m","timestamp":"2026-07-31T12:08:28.363Z"}
{"level":"http","message":"\u001b[0mGET /api/auth/me \u001b[36m304\u001b[0m 2.429 ms - -\u001b[0m","timestamp":"2026-07-31T12:08:28.662Z"}
{"level":"http","message":"\u001b[0mGET /api/auth/me \u001b[36m304\u001b[0m 2.314 ms - -\u001b[0m","timestamp":"2026-07-31T12:08:29.023Z"}
{"level":"http","message":"\u001b[0mGET /api/auth/me \u001b[36m304\u001b[0m 2.352 ms - -\u001b[0m","timestamp":"2026-07-31T12:08:29.424Z"}
{"level":"http","message":"\u001b[0mGET /api/auth/me \u001b[36m304\u001b[0m 3.599 ms - -\u001b[0m","timestamp":"2026-07-31T12:08:29.755Z"}
{"level":"http","message":"\u001b[0mGET /api/auth/me \u001b[36m304\u001b[0m 2.265 ms - -\u001b[0m","timestamp":"2026-07-31T12:08:30.057Z"}
{"level":"http","message":"\u001b[0mGET /api/auth/me \u001b[36m304\u001b[0m 2.201 ms - -\u001b[0m","timestamp":"2026-07-31T12:08:30.357Z"}
{"level":"http","message":"\u001b[0mGET /api/auth/me \u001b[36m304\u001b[0m 2.593 ms - -\u001b[0m","timestamp":"2026-07-31T12:08:30.661Z"}
{"level":"http","message":"\u001b[0mGET /api/auth/me \u001b[36m304\u001b[0m 3.592 ms - -\u001b[0m","timestamp":"2026-07-31T12:08:31.020Z"}
{"level":"http","message":"\u001b[0mGET /api/auth/me \u001b[36m304\u001b[0m 2.635 ms - -\u001b[0m","timestamp":"2026-07-31T12:08:31.387Z"}
{"level":"http","message":"\u001b[0mGET /api/auth/me \u001b[36m304\u001b[0m 2.575 ms - -\u001b[0m","timestamp":"2026-07-31T12:08:31.674Z"}
{"level":"http","message":"\u001b[0mGET /api/auth/me \u001b[36m304\u001b[0m 2.194 ms - -\u001b[0m","timestamp":"2026-07-31T12:08:31.972Z"}
{"level":"http","message":"\u001b[0mGET /api/auth/me \u001b[36m304\u001b[0m 2.474 ms - -\u001b[0m","timestamp":"2026-07-31T12:08:32.357Z"}
{"level":"http","message":"\u001b[0mGET /api/auth/me \u001b[36m304\u001b[0m 3.058 ms - -\u001b[0m","timestamp":"2026-07-31T12:08:32.696Z"}
{"level":"http","message":"\u001b[0mGET /api/auth/me \u001b[36m304\u001b[0m 2.458 ms - -\u001b[0m","timestamp":"2026-07-31T12:08:32.997Z"}
{"level":"http","message":"\u001b[0mGET /api/auth/me \u001b[36m304\u001b[0m 2.851 ms - -\u001b[0m","timestamp":"2026-07-31T12:08:33.357Z"}
{"level":"http","message":"\u001b[0mGET /api/auth/me \u001b[36m304\u001b[0m 2.008 ms - -\u001b[0m","timestamp":"2026-07-31T12:08:33.653Z"}
{"level":"http","message":"\u001b[0mGET /api/auth/me \u001b[36m304\u001b[0m 2.780 ms - -\u001b[0m","timestamp":"2026-07-31T12:08:33.954Z"}
{"level":"http","message":"\u001b[0mGET /api/auth/me \u001b[36m304\u001b[0m 3.121 ms - -\u001b[0m","timestamp":"2026-07-31T12:08:34.378Z"}
{"level":"http","message":"\u001b[0mGET /api/auth/me \u001b[36m304\u001b[0m 2.545 ms - -\u001b[0m","timestamp":"2026-07-31T12:08:34.679Z"}
{"level":"http","message":"\u001b[0mGET /api/auth/me \u001b[36m304\u001b[0m 2.138 ms - -\u001b[0m","timestamp":"2026-07-31T12:08:34.976Z"}
{"level":"http","message":"\u001b[0mGET /api/auth/me \u001b[36m304\u001b[0m 2.228 ms - -\u001b[0m","timestamp":"2026-07-31T12:08:35.344Z"}
{"level":"http","message":"\u001b[0mGET /api/auth/me \u001b[36m304\u001b[0m 2.480 ms - -\u001b[0m","timestamp":"2026-07-31T12:08:35.640Z"}
{"level":"http","message":"\u001b[0mGET /api/auth/me \u001b[36m304\u001b[0m 3.661 ms - -\u001b[0m","timestamp":"2026-07-31T12:08:36.134Z"}
{"level":"http","message":"\u001b[0mGET /api/auth/me \u001b[36m304\u001b[0m 2.238 ms - -\u001b[0m","timestamp":"2026-07-31T12:08:36.462Z"}
{"level":"http","message":"\u001b[0mGET /api/auth/me \u001b[36m304\u001b[0m 2.897 ms - -\u001b[0m","timestamp":"2026-07-31T12:08:36.768Z"}
{"level":"http","message":"\u001b[0mGET /api/auth/me \u001b[36m304\u001b[0m 2.817 ms - -\u001b[0m","timestamp":"2026-07-31T12:08:37.069Z"}
{"level":"http","message":"\u001b[0mGET /api/auth/me \u001b[36m304\u001b[0m 2.731 ms - -\u001b[0m","timestamp":"2026-07-31T12:08:37.424Z"}
{"level":"http","message":"\u001b[0mGET /api/auth/me \u001b[36m304\u001b[0m 3.016 ms - -\u001b[0m","timestamp":"2026-07-31T12:08:37.714Z"}
{"level":"http","message":"\u001b[0mGET /api/auth/me \u001b[36m304\u001b[0m 2.744 ms - -\u001b[0m","timestamp":"2026-07-31T12:08:38.005Z"}
{"level":"http","message":"\u001b[0mGET /api/auth/me \u001b[36m304\u001b[0m 2.568 ms - -\u001b[0m","timestamp":"2026-07-31T12:08:38.408Z"}
{"level":"http","message":"\u001b[0mGET /api/auth/me \u001b[36m304\u001b[0m 3.803 ms - -\u001b[0m","timestamp":"2026-07-31T12:08:38.680Z"}
{"level":"http","message":"\u001b[0mGET /api/auth/me \u001b[36m304\u001b[0m 3.796 ms - -\u001b[0m","timestamp":"2026-07-31T12:08:39.048Z"}
{"level":"http","message":"\u001b[0mGET /api/auth/me \u001b[36m304\u001b[0m 2.437 ms - -\u001b[0m","timestamp":"2026-07-31T12:08:39.350Z"}
{"level":"http","message":"\u001b[0mGET /api/auth/me \u001b[36m304\u001b[0m 1.966 ms - -\u001b[0m","timestamp":"2026-07-31T12:08:39.662Z"}
{"level":"http","message":"\u001b[0mGET /api/auth/me \u001b[36m304\u001b[0m 2.405 ms - -\u001b[0m","timestamp":"2026-07-31T12:08:39.949Z"}
{"level":"http","message":"\u001b[0mGET /api/auth/me \u001b[36m304\u001b[0m 2.610 ms - -\u001b[0m","timestamp":"2026-07-31T12:08:40.334Z"}
{"level":"http","message":"\u001b[0mGET /api/auth/me \u001b[36m304\u001b[0m 2.095 ms - -\u001b[0m","timestamp":"2026-07-31T12:08:40.630Z"}
{"level":"http","message":"\u001b[0mGET /api/auth/me \u001b[36m304\u001b[0m 5.058 ms - -\u001b[0m","timestamp":"2026-07-31T12:08:41.045Z"}
{"level":"http","message":"\u001b[0mGET /api/auth/me \u001b[36m304\u001b[0m 1.841 ms - -\u001b[0m","timestamp":"2026-07-31T12:08:41.394Z"}
{"level":"http","message":"\u001b[0mGET /api/auth/me \u001b[36m304\u001b[0m 3.374 ms - -\u001b[0m","timestamp":"2026-07-31T12:08:41.720Z"}
{"level":"http","message":"\u001b[0mGET /api/auth/me \u001b[36m304\u001b[0m 2.408 ms - -\u001b[0m","timestamp":"2026-07-31T12:08:41.995Z"}
{"level":"http","message":"\u001b[0mGET /api/auth/me \u001b[36m304\u001b[0m 2.121 ms - -\u001b[0m","timestamp":"2026-07-31T12:08:42.438Z"}
{"level":"http","message":"\u001b[0mGET /api/auth/me \u001b[36m304\u001b[0m 2.162 ms - -\u001b[0m","timestamp":"2026-07-31T12:08:42.725Z"}
{"level":"http","message":"\u001b[0mGET /api/auth/me \u001b[36m304\u001b[0m 2.040 ms - -\u001b[0m","timestamp":"2026-07-31T12:08:43.074Z"}
{"level":"http","message":"\u001b[0mGET /api/auth/me \u001b[36m304\u001b[0m 2.231 ms - -\u001b[0m","timestamp":"2026-07-31T12:08:43.416Z"}
{"level":"http","message":"\u001b[0mGET /api/auth/me \u001b[36m304\u001b[0m 2.567 ms - -\u001b[0m","timestamp":"2026-07-31T12:08:43.753Z"}
{"level":"http","message":"\u001b[0mGET /api/auth/me \u001b[36m304\u001b[0m 2.220 ms - -\u001b[0m","timestamp":"2026-07-31T12:08:44.058Z"}
{"level":"http","message":"\u001b[0mGET /api/auth/me \u001b[36m304\u001b[0m 2.291 ms - -\u001b[0m","timestamp":"2026-07-31T12:08:44.398Z"}
{"level":"http","message":"\u001b[0mGET /api/auth/me \u001b[36m304\u001b[0m 2.293 ms - -\u001b[0m","timestamp":"2026-07-31T12:08:44.708Z"}
{"level":"http","message":"\u001b[0mGET /api/auth/me \u001b[36m304\u001b[0m 2.557 ms - -\u001b[0m","timestamp":"2026-07-31T12:08:45.032Z"}
{"level":"http","message":"\u001b[0mGET /api/auth/me \u001b[36m304\u001b[0m 3.786 ms - -\u001b[0m","timestamp":"2026-07-31T12:08:45.343Z"}
{"level":"http","message":"\u001b[0mGET /api/auth/me \u001b[36m304\u001b[0m 2.331 ms - -\u001b[0m","timestamp":"2026-07-31T12:08:45.728Z"}
{"level":"http","message":"\u001b[0mGET /api/auth/me \u001b[36m304\u001b[0m 2.346 ms - -\u001b[0m","timestamp":"2026-07-31T12:08:46.043Z"}
{"level":"http","message":"\u001b[0mGET /api/auth/me \u001b[36m304\u001b[0m 4.749 ms - -\u001b[0m","timestamp":"2026-07-31T12:08:46.425Z"}
{"level":"http","message":"\u001b[0mGET /api/auth/me \u001b[36m304\u001b[0m 3.980 ms - -\u001b[0m","timestamp":"2026-07-31T12:08:46.763Z"}
{"level":"http","message":"\u001b[0mGET /api/auth/me \u001b[36m304\u001b[0m 2.132 ms - -\u001b[0m","timestamp":"2026-07-31T12:08:47.113Z"}
{"level":"http","message":"\u001b[0mGET /api/auth/me \u001b[36m304\u001b[0m 1.976 ms - -\u001b[0m","timestamp":"2026-07-31T12:08:47.459Z"}
{"level":"http","message":"\u001b[0mGET /api/auth/me \u001b[36m304\u001b[0m 4.385 ms - -\u001b[0m","timestamp":"2026-07-31T12:08:47.741Z"}
{"level":"http","message":"\u001b[0mGET /api/auth/me \u001b[36m304\u001b[0m 2.033 ms - -\u001b[0m","timestamp":"2026-07-31T12:08:48.083Z"}
{"level":"http","message":"\u001b[0mGET /api/auth/me \u001b[36m304\u001b[0m 2.512 ms - -\u001b[0m","timestamp":"2026-07-31T12:08:48.387Z"}
{"level":"http","message":"\u001b[0mGET /api/auth/me \u001b[36m304\u001b[0m 2.652 ms - -\u001b[0m","timestamp":"2026-07-31T12:08:48.692Z"}
{"level":"http","message":"\u001b[0mGET /api/auth/me \u001b[36m304\u001b[0m 2.163 ms - -\u001b[0m","timestamp":"2026-07-31T12:08:48.993Z"}
{"level":"http","message":"\u001b[0mGET /api/auth/me \u001b[36m304\u001b[0m 3.127 ms - -\u001b[0m","timestamp":"2026-07-31T12:08:49.388Z"}
{"level":"http","message":"\u001b[0mGET /api/auth/me \u001b[36m304\u001b[0m 2.591 ms - -\u001b[0m","timestamp":"2026-07-31T12:08:49.731Z"}
{"level":"http","message":"\u001b[0mGET /api/auth/me \u001b[36m304\u001b[0m 3.160 ms - -\u001b[0m","timestamp":"2026-07-31T12:08:50.046Z"}
{"level":"http","message":"\u001b[0mGET /api/auth/me \u001b[36m304\u001b[0m 3.766 ms - -\u001b[0m","timestamp":"2026-07-31T12:08:50.363Z"}
{"level":"http","message":"\u001b[0mGET /api/auth/me \u001b[36m304\u001b[0m 2.306 ms - -\u001b[0m","timestamp":"2026-07-31T12:08:50.635Z"}
{"level":"http","message":"\u001b[0mGET /api/auth/me \u001b[36m304\u001b[0m 2.929 ms - -\u001b[0m","timestamp":"2026-07-31T12:08:50.937Z"}
{"level":"http","message":"\u001b[0mGET /api/auth/me \u001b[36m304\u001b[0m 2.297 ms - -\u001b[0m","timestamp":"2026-07-31T12:08:51.423Z"}
{"level":"http","message":"\u001b[0mGET /api/auth/me \u001b[36m304\u001b[0m 2.478 ms - -\u001b[0m","timestamp":"2026-07-31T12:08:51.763Z"}
{"level":"http","message":"\u001b[0mGET /api/auth/me \u001b[36m304\u001b[0m 2.364 ms - -\u001b[0m","timestamp":"2026-07-31T12:08:52.036Z"}
{"level":"http","message":"\u001b[0mGET /api/auth/me \u001b[36m304\u001b[0m 2.932 ms - -\u001b[0m","timestamp":"2026-07-31T12:08:52.447Z"}
{"level":"http","message":"\u001b[0mGET /api/auth/me \u001b[36m304\u001b[0m 2.051 ms - -\u001b[0m","timestamp":"2026-07-31T12:08:52.744Z"}
{"level":"http","message":"\u001b[0mGET /api/auth/me \u001b[36m304\u001b[0m 2.052 ms - -\u001b[0m","timestamp":"2026-07-31T12:08:53.095Z"}
{"level":"http","message":"\u001b[0mGET /api/auth/me \u001b[36m304\u001b[0m 2.427 ms - -\u001b[0m","timestamp":"2026-07-31T12:08:53.478Z"}
{"level":"http","message":"\u001b[0mGET /api/auth/me \u001b[36m304\u001b[0m 2.887 ms - -\u001b[0m","timestamp":"2026-07-31T12:08:53.821Z"}
{"level":"http","message":"\u001b[0mGET /api/auth/me \u001b[36m304\u001b[0m 3.527 ms - -\u001b[0m","timestamp":"2026-07-31T12:08:54.234Z"}
{"level":"http","message":"\u001b[0mGET /api/auth/me \u001b[36m304\u001b[0m 1.982 ms - -\u001b[0m","timestamp":"2026-07-31T12:08:54.544Z"}
{"level":"http","message":"\u001b[0mGET /api/auth/me \u001b[36m304\u001b[0m 1.992 ms - -\u001b[0m","timestamp":"2026-07-31T12:08:54.848Z"}
{"level":"http","message":"\u001b[0mGET /api/auth/me \u001b[36m304\u001b[0m 5.288 ms - -\u001b[0m","timestamp":"2026-07-31T12:08:55.248Z"}
{"level":"http","message":"\u001b[0mGET /api/auth/me \u001b[36m304\u001b[0m 4.185 ms - -\u001b[0m","timestamp":"2026-07-31T12:08:55.741Z"}
{"level":"http","message":"\u001b[0mGET /api/auth/me \u001b[36m304\u001b[0m 2.014 ms - -\u001b[0m","timestamp":"2026-07-31T12:08:56.093Z"}
{"level":"http","message":"\u001b[0mGET /api/auth/me \u001b[36m304\u001b[0m 5.680 ms - -\u001b[0m","timestamp":"2026-07-31T12:08:56.550Z"}
{"level":"http","message":"\u001b[0mGET /api/auth/me \u001b[36m304\u001b[0m 3.273 ms - -\u001b[0m","timestamp":"2026-07-31T12:08:56.949Z"}
{"level":"http","message":"\u001b[0mGET /api/auth/me \u001b[36m304\u001b[0m 2.692 ms - -\u001b[0m","timestamp":"2026-07-31T12:08:57.276Z"}
{"level":"http","message":"\u001b[0mGET /api/auth/me \u001b[36m304\u001b[0m 2.449 ms - -\u001b[0m","timestamp":"2026-07-31T12:08:57.659Z"}
{"level":"http","message":"\u001b[0mGET /api/auth/me \u001b[36m304\u001b[0m 2.557 ms - -\u001b[0m","timestamp":"2026-07-31T12:08:58.043Z"}
{"level":"http","message":"\u001b[0mGET /api/auth/me \u001b[36m304\u001b[0m 2.663 ms - -\u001b[0m","timestamp":"2026-07-31T12:08:58.417Z"}
{"level":"http","message":"\u001b[0mGET /api/auth/me \u001b[36m304\u001b[0m 5.906 ms - -\u001b[0m","timestamp":"2026-07-31T12:08:58.783Z"}
{"level":"http","message":"\u001b[0mGET /api/auth/me \u001b[36m304\u001b[0m 3.265 ms - -\u001b[0m","timestamp":"2026-07-31T12:08:59.204Z"}
{"level":"http","message":"\u001b[0mGET /api/auth/me \u001b[36m304\u001b[0m 2.905 ms - -\u001b[0m","timestamp":"2026-07-31T12:08:59.748Z"}
{"level":"http","message":"\u001b[0mGET /api/auth/me \u001b[36m304\u001b[0m 2.137 ms - -\u001b[0m","timestamp":"2026-07-31T12:09:00.121Z"}
{"level":"http","message":"\u001b[0mGET /api/auth/me \u001b[36m304\u001b[0m 3.285 ms - -\u001b[0m","timestamp":"2026-07-31T12:09:00.504Z"}
{"level":"http","message":"\u001b[0mGET /api/auth/me \u001b[36m304\u001b[0m 2.451 ms - -\u001b[0m","timestamp":"2026-07-31T12:09:00.885Z"}
{"level":"http","message":"\u001b[0mGET /api/auth/me \u001b[36m304\u001b[0m 3.170 ms - -\u001b[0m","timestamp":"2026-07-31T12:09:01.255Z"}
{"level":"http","message":"\u001b[0mGET /api/auth/me \u001b[36m304\u001b[0m 4.809 ms - -\u001b[0m","timestamp":"2026-07-31T12:09:01.604Z"}
{"level":"http","message":"\u001b[0mGET /api/auth/me \u001b[36m304\u001b[0m 2.152 ms - -\u001b[0m","timestamp":"2026-07-31T12:09:01.919Z"}
{"level":"http","message":"\u001b[0mGET /api/auth/me \u001b[36m304\u001b[0m 2.035 ms - -\u001b[0m","timestamp":"2026-07-31T12:09:02.227Z"}
{"level":"http","message":"\u001b[0mGET /api/auth/me \u001b[36m304\u001b[0m 1.929 ms - -\u001b[0m","timestamp":"2026-07-31T12:09:02.554Z"}
{"level":"http","message":"\u001b[0mGET /api/auth/me \u001b[36m304\u001b[0m 2.172 ms - -\u001b[0m","timestamp":"2026-07-31T12:09:02.864Z"}
{"level":"http","message":"\u001b[0mGET /api/auth/me \u001b[36m304\u001b[0m 1.952 ms - -\u001b[0m","timestamp":"2026-07-31T12:09:03.155Z"}
{"level":"http","message":"\u001b[0mGET /api/auth/me \u001b[36m304\u001b[0m 2.263 ms - -\u001b[0m","timestamp":"2026-07-31T12:09:03.493Z"}
{"level":"http","message":"\u001b[0mGET /api/auth/me \u001b[36m304\u001b[0m 2.235 ms - -\u001b[0m","timestamp":"2026-07-31T12:09:03.790Z"}
{"level":"http","message":"\u001b[0mGET /api/auth/me \u001b[36m304\u001b[0m 2.245 ms - -\u001b[0m","timestamp":"2026-07-31T12:09:04.107Z"}
{"level":"http","message":"\u001b[0mGET /api/auth/me \u001b[36m304\u001b[0m 2.007 ms - -\u001b[0m","timestamp":"2026-07-31T12:09:04.432Z"}
{"level":"http","message":"\u001b[0mGET /api/auth/me \u001b[36m304\u001b[0m 2.922 ms - -\u001b[0m","timestamp":"2026-07-31T12:09:04.786Z"}
{"level":"http","message":"\u001b[0mGET /api/auth/me \u001b[36m304\u001b[0m 2.626 ms - -\u001b[0m","timestamp":"2026-07-31T12:09:05.091Z"}
{"level":"http","message":"\u001b[0mGET /api/auth/me \u001b[36m304\u001b[0m 2.756 ms - -\u001b[0m","timestamp":"2026-07-31T12:09:05.488Z"}
{"level":"http","message":"\u001b[0mGET /api/auth/me \u001b[36m304\u001b[0m 2.014 ms - -\u001b[0m","timestamp":"2026-07-31T12:09:05.861Z"}
{"level":"http","message":"\u001b[0mGET /api/auth/me \u001b[36m304\u001b[0m 1.890 ms - -\u001b[0m","timestamp":"2026-07-31T12:09:06.308Z"}
{"level":"http","message":"\u001b[0mGET /api/auth/me \u001b[36m304\u001b[0m 2.502 ms - -\u001b[0m","timestamp":"2026-07-31T12:09:06.627Z"}
{"level":"http","message":"\u001b[0mGET /api/auth/me \u001b[36m304\u001b[0m 2.987 ms - -\u001b[0m","timestamp":"2026-07-31T12:09:07.018Z"}
{"level":"http","message":"\u001b[0mGET /api/auth/me \u001b[36m304\u001b[0m 3.129 ms - -\u001b[0m","timestamp":"2026-07-31T12:09:07.352Z"}
{"level":"http","message":"\u001b[0mGET /api/auth/me \u001b[36m304\u001b[0m 2.293 ms - -\u001b[0m","timestamp":"2026-07-31T12:09:07.748Z"}
{"level":"http","message":"\u001b[0mGET /api/auth/me \u001b[36m304\u001b[0m 3.844 ms - -\u001b[0m","timestamp":"2026-07-31T12:09:08.078Z"}
{"level":"http","message":"\u001b[0mGET /api/auth/me \u001b[36m304\u001b[0m 2.967 ms - -\u001b[0m","timestamp":"2026-07-31T12:09:08.440Z"}
{"level":"http","message":"\u001b[0mGET /api/auth/me \u001b[36m304\u001b[0m 3.728 ms - -\u001b[0m","timestamp":"2026-07-31T12:09:08.787Z"}
{"level":"http","message":"\u001b[0mGET /api/auth/me \u001b[36m304\u001b[0m 1.996 ms - -\u001b[0m","timestamp":"2026-07-31T12:09:09.105Z"}
{"level":"http","message":"\u001b[0mGET /api/auth/me \u001b[36m304\u001b[0m 3.018 ms - -\u001b[0m","timestamp":"2026-07-31T12:09:09.375Z"}
{"level":"http","message":"\u001b[0mGET /api/auth/me \u001b[36m304\u001b[0m 2.723 ms - -\u001b[0m","timestamp":"2026-07-31T12:09:09.748Z"}
{"level":"http","message":"\u001b[0mGET /api/auth/me \u001b[36m304\u001b[0m 3.564 ms - -\u001b[0m","timestamp":"2026-07-31T12:09:10.044Z"}
{"level":"http","message":"\u001b[0mGET /api/auth/me \u001b[36m304\u001b[0m 2.819 ms - -\u001b[0m","timestamp":"2026-07-31T12:09:10.419Z"}
{"level":"http","message":"\u001b[0mGET /api/auth/me \u001b[36m304\u001b[0m 2.371 ms - -\u001b[0m","timestamp":"2026-07-31T12:09:10.712Z"}
{"level":"http","message":"\u001b[0mGET /api/auth/me \u001b[36m304\u001b[0m 2.947 ms - -\u001b[0m","timestamp":"2026-07-31T12:09:11.017Z"}
{"level":"http","message":"\u001b[0mGET /api/auth/me \u001b[36m304\u001b[0m 3.540 ms - -\u001b[0m","timestamp":"2026-07-31T12:09:11.446Z"}
{"level":"http","message":"\u001b[0mGET /api/auth/me \u001b[36m304\u001b[0m 2.071 ms - -\u001b[0m","timestamp":"2026-07-31T12:09:11.778Z"}
{"level":"http","message":"\u001b[0mGET /api/auth/me \u001b[36m304\u001b[0m 2.150 ms - -\u001b[0m","timestamp":"2026-07-31T12:09:12.096Z"}
{"level":"http","message":"\u001b[0mGET /api/auth/me \u001b[36m304\u001b[0m 2.363 ms - -\u001b[0m","timestamp":"2026-07-31T12:09:12.354Z"}
{"level":"http","message":"\u001b[0mGET /api/auth/me \u001b[36m304\u001b[0m 2.710 ms - -\u001b[0m","timestamp":"2026-07-31T12:09:12.658Z"}
{"level":"http","message":"\u001b[0mGET /api/auth/me \u001b[36m304\u001b[0m 2.470 ms - -\u001b[0m","timestamp":"2026-07-31T12:09:13.026Z"}
{"level":"http","message":"\u001b[0mGET /api/auth/me \u001b[36m304\u001b[0m 1.862 ms - -\u001b[0m","timestamp":"2026-07-31T12:09:13.437Z"}
{"level":"http","message":"\u001b[0mGET /api/auth/me \u001b[36m304\u001b[0m 2.403 ms - -\u001b[0m","timestamp":"2026-07-31T12:09:13.784Z"}
{"level":"http","message":"\u001b[0mGET /api/auth/me \u001b[36m304\u001b[0m 2.263 ms - -\u001b[0m","timestamp":"2026-07-31T12:09:14.079Z"}
{"level":"http","message":"\u001b[0mGET /api/auth/me \u001b[36m304\u001b[0m 2.174 ms - -\u001b[0m","timestamp":"2026-07-31T12:09:14.420Z"}
{"level":"http","message":"\u001b[0mGET /api/auth/me \u001b[36m304\u001b[0m 1.914 ms - -\u001b[0m","timestamp":"2026-07-31T12:09:14.745Z"}
{"level":"http","message":"\u001b[0mGET /api/auth/me \u001b[36m304\u001b[0m 2.365 ms - -\u001b[0m","timestamp":"2026-07-31T12:09:15.052Z"}
{"level":"http","message":"\u001b[0mGET /api/auth/me \u001b[36m304\u001b[0m 2.241 ms - -\u001b[0m","timestamp":"2026-07-31T12:09:15.367Z"}
{"level":"http","message":"\u001b[0mGET /api/auth/me \u001b[36m304\u001b[0m 3.543 ms - -\u001b[0m","timestamp":"2026-07-31T12:09:15.738Z"}
{"level":"http","message":"\u001b[0mGET /api/auth/me \u001b[36m304\u001b[0m 2.639 ms - -\u001b[0m","timestamp":"2026-07-31T12:09:15.985Z"}
{"level":"http","message":"\u001b[0mGET /api/auth/me \u001b[36m304\u001b[0m 3.193 ms - -\u001b[0m","timestamp":"2026-07-31T12:09:16.359Z"}
{"level":"http","message":"\u001b[0mGET /api/auth/me \u001b[36m304\u001b[0m 2.480 ms - -\u001b[0m","timestamp":"2026-07-31T12:09:16.748Z"}
{"level":"http","message":"\u001b[0mGET /api/auth/me \u001b[36m304\u001b[0m 3.635 ms - -\u001b[0m","timestamp":"2026-07-31T12:09:17.102Z"}
{"level":"http","message":"\u001b[0mGET /api/auth/me \u001b[36m304\u001b[0m 2.747 ms - -\u001b[0m","timestamp":"2026-07-31T12:09:17.420Z"}
{"level":"http","message":"\u001b[0mGET /api/auth/me \u001b[36m304\u001b[0m 2.459 ms - -\u001b[0m","timestamp":"2026-07-31T12:09:17.658Z"}
{"level":"http","message":"\u001b[0mGET /api/auth/me \u001b[36m304\u001b[0m 2.125 ms - -\u001b[0m","timestamp":"2026-07-31T12:09:17.996Z"}
{"level":"http","message":"\u001b[0mGET /api/auth/me \u001b[36m304\u001b[0m 2.364 ms - -\u001b[0m","timestamp":"2026-07-31T12:09:18.381Z"}
{"level":"http","message":"\u001b[0mGET /api/auth/me \u001b[36m304\u001b[0m 2.608 ms - -\u001b[0m","timestamp":"2026-07-31T12:09:18.692Z"}
{"level":"http","message":"\u001b[0mGET /api/auth/me \u001b[36m304\u001b[0m 1.861 ms - -\u001b[0m","timestamp":"2026-07-31T12:09:19.036Z"}
{"level":"http","message":"\u001b[0mGET /api/auth/me \u001b[36m304\u001b[0m 1.946 ms - -\u001b[0m","timestamp":"2026-07-31T12:09:19.345Z"}
{"level":"http","message":"\u001b[0mGET /api/auth/me \u001b[36m304\u001b[0m 2.365 ms - -\u001b[0m","timestamp":"2026-07-31T12:09:19.665Z"}
{"level":"http","message":"\u001b[0mGET /api/auth/me \u001b[36m304\u001b[0m 2.045 ms - -\u001b[0m","timestamp":"2026-07-31T12:09:20.015Z"}
{"level":"http","message":"\u001b[0mGET /api/auth/me \u001b[36m304\u001b[0m 5.602 ms - -\u001b[0m","timestamp":"2026-07-31T12:09:20.391Z"}
{"level":"http","message":"\u001b[0mGET /api/auth/me \u001b[36m304\u001b[0m 1.955 ms - -\u001b[0m","timestamp":"2026-07-31T12:09:20.764Z"}
{"level":"http","message":"\u001b[0mGET /api/auth/me \u001b[36m304\u001b[0m 2.610 ms - -\u001b[0m","timestamp":"2026-07-31T12:09:21.144Z"}
{"level":"http","message":"\u001b[0mGET /api/auth/me \u001b[36m304\u001b[0m 2.227 ms - -\u001b[0m","timestamp":"2026-07-31T12:09:21.476Z"}
{"level":"http","message":"\u001b[0mGET /api/auth/me \u001b[36m304\u001b[0m 3.050 ms - -\u001b[0m","timestamp":"2026-07-31T12:09:21.768Z"}
{"level":"http","message":"\u001b[0mGET /api/auth/me \u001b[36m304\u001b[0m 3.495 ms - -\u001b[0m","timestamp":"2026-07-31T12:09:22.152Z"}
{"level":"http","message":"\u001b[0mGET /api/auth/me \u001b[36m304\u001b[0m 3.129 ms - -\u001b[0m","timestamp":"2026-07-31T12:09:22.533Z"}
{"level":"http","message":"\u001b[0mGET /api/auth/me \u001b[36m304\u001b[0m 2.248 ms - -\u001b[0m","timestamp":"2026-07-31T12:09:22.857Z"}
{"level":"http","message":"\u001b[0mGET /api/auth/me \u001b[36m304\u001b[0m 2.274 ms - -\u001b[0m","timestamp":"2026-07-31T12:09:23.180Z"}
{"level":"http","message":"\u001b[0mGET /api/auth/me \u001b[36m304\u001b[0m 2.667 ms - -\u001b[0m","timestamp":"2026-07-31T12:09:23.483Z"}
{"level":"http","message":"\u001b[0mGET /api/auth/me \u001b[36m304\u001b[0m 2.040 ms - -\u001b[0m","timestamp":"2026-07-31T12:09:23.779Z"}
{"level":"http","message":"\u001b[0mGET /api/auth/me \u001b[36m304\u001b[0m 2.522 ms - -\u001b[0m","timestamp":"2026-07-31T12:09:24.102Z"}
{"level":"http","message":"\u001b[0mGET /api/auth/me \u001b[36m304\u001b[0m 2.056 ms - -\u001b[0m","timestamp":"2026-07-31T12:09:24.450Z"}
{"level":"http","message":"\u001b[0mGET /api/auth/me \u001b[36m304\u001b[0m 3.832 ms - -\u001b[0m","timestamp":"2026-07-31T12:09:24.819Z"}
{"level":"http","message":"\u001b[0mGET /api/auth/me \u001b[36m304\u001b[0m 2.121 ms - -\u001b[0m","timestamp":"2026-07-31T12:09:25.092Z"}
{"level":"http","message":"\u001b[0mGET /api/auth/me \u001b[36m304\u001b[0m 2.003 ms - -\u001b[0m","timestamp":"2026-07-31T12:09:25.457Z"}
{"level":"http","message":"\u001b[0mGET /api/auth/me \u001b[36m304\u001b[0m 2.348 ms - -\u001b[0m","timestamp":"2026-07-31T12:09:25.792Z"}
{"level":"http","message":"\u001b[0mGET /api/auth/me \u001b[36m304\u001b[0m 2.177 ms - -\u001b[0m","timestamp":"2026-07-31T12:09:26.152Z"}
{"level":"http","message":"\u001b[0mGET /api/auth/me \u001b[36m304\u001b[0m 3.932 ms - -\u001b[0m","timestamp":"2026-07-31T12:09:26.562Z"}
{"level":"http","message":"\u001b[0mGET /api/auth/me \u001b[36m304\u001b[0m 2.200 ms - -\u001b[0m","timestamp":"2026-07-31T12:09:26.837Z"}
{"level":"http","message":"\u001b[0mGET /api/auth/me \u001b[36m304\u001b[0m 2.321 ms - -\u001b[0m","timestamp":"2026-07-31T12:09:27.164Z"}
{"level":"http","message":"\u001b[0mGET /api/auth/me \u001b[36m304\u001b[0m 1.958 ms - -\u001b[0m","timestamp":"2026-07-31T12:09:27.459Z"}
{"level":"http","message":"\u001b[0mGET /api/auth/me \u001b[36m304\u001b[0m 2.593 ms - -\u001b[0m","timestamp":"2026-07-31T12:09:27.768Z"}
{"level":"http","message":"\u001b[0mGET /api/auth/me \u001b[36m304\u001b[0m 2.167 ms - -\u001b[0m","timestamp":"2026-07-31T12:09:28.085Z"}
{"level":"http","message":"\u001b[0mGET /api/auth/me \u001b[36m304\u001b[0m 5.514 ms - -\u001b[0m","timestamp":"2026-07-31T12:09:28.402Z"}
{"level":"http","message":"\u001b[0mGET /api/auth/me \u001b[36m304\u001b[0m 2.200 ms - -\u001b[0m","timestamp":"2026-07-31T12:09:28.827Z"}
{"level":"http","message":"\u001b[0mGET /api/auth/me \u001b[36m304\u001b[0m 2.750 ms - -\u001b[0m","timestamp":"2026-07-31T12:09:29.192Z"}
{"level":"http","message":"\u001b[0mGET /api/auth/me \u001b[36m304\u001b[0m 2.314 ms - -\u001b[0m","timestamp":"2026-07-31T12:09:29.512Z"}
{"level":"http","message":"\u001b[0mGET /api/auth/me \u001b[36m304\u001b[0m 2.097 ms - -\u001b[0m","timestamp":"2026-07-31T12:09:29.810Z"}
{"level":"http","message":"\u001b[0mGET /api/auth/me \u001b[36m304\u001b[0m 1.926 ms - -\u001b[0m","timestamp":"2026-07-31T12:09:30.146Z"}
{"level":"http","message":"\u001b[0mGET /api/auth/me \u001b[36m304\u001b[0m 2.645 ms - -\u001b[0m","timestamp":"2026-07-31T12:09:30.440Z"}
{"level":"http","message":"\u001b[0mGET /api/auth/me \u001b[36m304\u001b[0m 2.010 ms - -\u001b[0m","timestamp":"2026-07-31T12:09:30.738Z"}
{"level":"http","message":"\u001b[0mGET /api/auth/me \u001b[36m304\u001b[0m 2.736 ms - -\u001b[0m","timestamp":"2026-07-31T12:09:31.122Z"}
{"level":"http","message":"\u001b[0mGET /api/auth/me \u001b[36m304\u001b[0m 2.750 ms - -\u001b[0m","timestamp":"2026-07-31T12:09:31.429Z"}
{"level":"http","message":"\u001b[0mGET /api/auth/me \u001b[36m304\u001b[0m 1.958 ms - -\u001b[0m","timestamp":"2026-07-31T12:09:31.833Z"}
{"level":"http","message":"\u001b[0mGET /api/auth/me \u001b[36m304\u001b[0m 2.037 ms - -\u001b[0m","timestamp":"2026-07-31T12:09:32.182Z"}
{"level":"http","message":"\u001b[0mGET /api/auth/me \u001b[36m304\u001b[0m 2.568 ms - -\u001b[0m","timestamp":"2026-07-31T12:09:32.516Z"}
{"level":"http","message":"\u001b[0mGET /api/auth/me \u001b[36m304\u001b[0m 2.133 ms - -\u001b[0m","timestamp":"2026-07-31T12:09:32.825Z"}
{"level":"http","message":"\u001b[0mGET /api/auth/me \u001b[36m304\u001b[0m 2.295 ms - -\u001b[0m","timestamp":"2026-07-31T12:09:33.190Z"}
{"level":"http","message":"\u001b[0mGET /api/auth/me \u001b[36m304\u001b[0m 2.083 ms - -\u001b[0m","timestamp":"2026-07-31T12:09:33.532Z"}
{"level":"http","message":"\u001b[0mGET /api/auth/me \u001b[36m304\u001b[0m 2.010 ms - -\u001b[0m","timestamp":"2026-07-31T12:09:33.833Z"}
{"level":"http","message":"\u001b[0mGET /api/auth/me \u001b[36m304\u001b[0m 4.719 ms - -\u001b[0m","timestamp":"2026-07-31T12:09:34.151Z"}
{"level":"http","message":"\u001b[0mGET /api/auth/me \u001b[36m304\u001b[0m 2.010 ms - -\u001b[0m","timestamp":"2026-07-31T12:09:34.458Z"}
{"level":"http","message":"\u001b[0mGET /api/auth/me \u001b[36m304\u001b[0m 2.782 ms - -\u001b[0m","timestamp":"2026-07-31T12:09:34.786Z"}
{"level":"http","message":"\u001b[0mGET /api/auth/me \u001b[36m304\u001b[0m 4.975 ms - -\u001b[0m","timestamp":"2026-07-31T12:09:35.193Z"}
{"level":"http","message":"\u001b[0mGET /api/auth/me \u001b[36m304\u001b[0m 2.297 ms - -\u001b[0m","timestamp":"2026-07-31T12:09:35.458Z"}
{"level":"http","message":"\u001b[0mGET /api/auth/me \u001b[36m304\u001b[0m 2.227 ms - -\u001b[0m","timestamp":"2026-07-31T12:09:35.780Z"}
{"level":"http","message":"\u001b[0mGET /api/auth/me \u001b[36m304\u001b[0m 2.825 ms - -\u001b[0m","timestamp":"2026-07-31T12:09:36.070Z"}
{"level":"http","message":"\u001b[0mGET /api/auth/me \u001b[36m304\u001b[0m 2.289 ms - -\u001b[0m","timestamp":"2026-07-31T12:09:36.442Z"}
{"level":"http","message":"\u001b[0mGET /api/auth/me \u001b[36m304\u001b[0m 1.998 ms - -\u001b[0m","timestamp":"2026-07-31T12:09:36.789Z"}
{"level":"http","message":"\u001b[0mGET /api/auth/me \u001b[36m304\u001b[0m 2.383 ms - -\u001b[0m","timestamp":"2026-07-31T12:09:37.111Z"}
{"level":"http","message":"\u001b[0mGET /api/auth/me \u001b[36m304\u001b[0m 1.910 ms - -\u001b[0m","timestamp":"2026-07-31T12:09:37.409Z"}
{"level":"http","message":"\u001b[0mGET /api/auth/me \u001b[36m304\u001b[0m 2.239 ms - -\u001b[0m","timestamp":"2026-07-31T12:09:37.716Z"}
{"level":"http","message":"\u001b[0mGET /api/auth/me \u001b[36m304\u001b[0m 2.947 ms - -\u001b[0m","timestamp":"2026-07-31T12:09:38.080Z"}
{"level":"http","message":"\u001b[0mGET /api/auth/me \u001b[36m304\u001b[0m 5.816 ms - -\u001b[0m","timestamp":"2026-07-31T12:09:38.560Z"}
{"level":"http","message":"\u001b[0mGET /api/auth/me \u001b[36m304\u001b[0m 5.349 ms - -\u001b[0m","timestamp":"2026-07-31T12:09:39.018Z"}
{"level":"http","message":"\u001b[0mGET /api/auth/me \u001b[36m304\u001b[0m 7.285 ms - -\u001b[0m","timestamp":"2026-07-31T12:09:39.917Z"}
{"level":"http","message":"\u001b[0mGET /api/auth/me \u001b[36m304\u001b[0m 3.103 ms - -\u001b[0m","timestamp":"2026-07-31T12:10:59.469Z"}
{"level":"http","message":"\u001b[0mGET /api/auth/me \u001b[36m304\u001b[0m 2.715 ms - -\u001b[0m","timestamp":"2026-07-31T12:11:17.102Z"}
{"level":"http","message":"\u001b[0mGET /api/auth/me \u001b[36m304\u001b[0m 2.983 ms - -\u001b[0m","timestamp":"2026-07-31T12:11:19.350Z"}
{"level":"http","message":"\u001b[0mGET /api/auth/me \u001b[36m304\u001b[0m 3.213 ms - -\u001b[0m","timestamp":"2026-07-31T12:11:21.082Z"}
{"level":"http","message":"\u001b[0mGET /api/auth/me \u001b[36m304\u001b[0m 2.938 ms - -\u001b[0m","timestamp":"2026-07-31T12:11:22.864Z"}
{"level":"http","message":"\u001b[0mGET /api/auth/me \u001b[36m304\u001b[0m 2.573 ms - -\u001b[0m","timestamp":"2026-07-31T12:11:23.724Z"}
{"level":"http","message":"\u001b[0mGET /api/auth/me \u001b[36m304\u001b[0m 2.441 ms - -\u001b[0m","timestamp":"2026-07-31T12:11:37.738Z"}
{"level":"http","message":"\u001b[0mGET /api/auth/me \u001b[36m304\u001b[0m 5.666 ms - -\u001b[0m","timestamp":"2026-07-31T12:13:21.391Z"}
{"level":"http","message":"\u001b[0mGET /api/auth/me \u001b[36m304\u001b[0m 1.999 ms - -\u001b[0m","timestamp":"2026-07-31T12:13:27.572Z"}
{"level":"http","message":"\u001b[0mGET /api/auth/me \u001b[36m304\u001b[0m 2.988 ms - -\u001b[0m","timestamp":"2026-07-31T12:13:32.685Z"}
{"level":"http","message":"\u001b[0mGET /api/auth/me \u001b[36m304\u001b[0m 5.147 ms - -\u001b[0m","timestamp":"2026-07-31T12:15:09.267Z"}
{"level":"http","message":"\u001b[0mGET /api/auth/me \u001b[36m304\u001b[0m 2.907 ms - -\u001b[0m","timestamp":"2026-07-31T12:16:07.022Z"}
{"level":"http","message":"\u001b[0mGET /api/auth/me \u001b[36m304\u001b[0m 3.310 ms - -\u001b[0m","timestamp":"2026-07-31T12:16:09.993Z"}
{"level":"http","message":"\u001b[0mGET /api/auth/me \u001b[36m304\u001b[0m 4.377 ms - -\u001b[0m","timestamp":"2026-07-31T12:16:27.047Z"}
{"level":"http","message":"\u001b[0mGET /api/auth/me \u001b[36m304\u001b[0m 16.328 ms - -\u001b[0m","timestamp":"2026-07-31T15:41:20.852Z"}
{"level":"info","message":"Starting server on port 3008...","timestamp":"2026-07-31T18:04:09.679Z"}
{"level":"info","message":"Socket.io initialized","timestamp":"2026-07-31T18:04:09.692Z"}
{"level":"info","message":"Server running on port 3008 (HTTP + WebSocket)","timestamp":"2026-07-31T18:04:09.696Z"}
{"level":"info","message":"MongoDB Connected: 127.0.0.1","timestamp":"2026-07-31T18:04:09.725Z"}
{"level":"http","message":"\u001b[0mGET /api/auth/me \u001b[36m304\u001b[0m 38.677 ms - -\u001b[0m","timestamp":"2026-07-31T18:04:25.329Z"}
{"level":"http","message":"\u001b[0mGET /api/auth/me \u001b[36m304\u001b[0m 5.413 ms - -\u001b[0m","timestamp":"2026-07-31T18:04:29.433Z"}
{"level":"info","message":"Starting server on port 3008...","timestamp":"2026-07-31T18:06:14.435Z"}
{"level":"info","message":"Socket.io initialized","timestamp":"2026-07-31T18:06:14.471Z"}
{"level":"info","message":"Server running on port 3008 (HTTP + WebSocket)","timestamp":"2026-07-31T18:06:14.480Z"}
{"level":"info","message":"MongoDB Connected: 127.0.0.1","timestamp":"2026-07-31T18:06:14.518Z"}
{"level":"http","message":"\u001b[0mGET /api/auth/me \u001b[36m304\u001b[0m 31.126 ms - -\u001b[0m","timestamp":"2026-07-31T18:06:15.886Z"}
{"level":"http","message":"\u001b[0mGET /api/auth/passkey \u001b[36m304\u001b[0m 8.975 ms - -\u001b[0m","timestamp":"2026-07-31T18:06:22.979Z"}
{"level":"http","message":"\u001b[0mGET /api/auth/passkey \u001b[36m304\u001b[0m 5.332 ms - -\u001b[0m","timestamp":"2026-07-31T18:06:22.985Z"}
{"level":"http","message":"\u001b[0mOPTIONS /api/auth/role \u001b[32m204\u001b[0m 0.252 ms - 0\u001b[0m","timestamp":"2026-07-31T18:06:52.420Z"}
{"level":"http","message":"\u001b[0mPUT /api/auth/role \u001b[32m200\u001b[0m 235.831 ms - 54\u001b[0m","timestamp":"2026-07-31T18:06:52.660Z"}
{"level":"http","message":"\u001b[0mGET /api/auth/me \u001b[32m200\u001b[0m 3.222 ms - 621\u001b[0m","timestamp":"2026-07-31T18:07:03.314Z"}
{"level":"http","message":"\u001b[0mGET /api/auth/passkey \u001b[36m304\u001b[0m 4.816 ms - -\u001b[0m","timestamp":"2026-07-31T18:08:37.814Z"}
{"level":"http","message":"\u001b[0mGET /api/auth/passkey \u001b[36m304\u001b[0m 4.581 ms - -\u001b[0m","timestamp":"2026-07-31T18:08:37.820Z"}
{"level":"http","message":"\u001b[0mOPTIONS /api/auth/role \u001b[32m204\u001b[0m 0.106 ms - 0\u001b[0m","timestamp":"2026-07-31T18:08:44.738Z"}
{"level":"http","message":"\u001b[0mPUT /api/auth/role \u001b[32m200\u001b[0m 6.824 ms - 55\u001b[0m","timestamp":"2026-07-31T18:08:44.748Z"}
{"level":"http","message":"\u001b[0mGET /api/auth/passkey \u001b[36m304\u001b[0m 5.717 ms - -\u001b[0m","timestamp":"2026-07-31T18:08:52.177Z"}
{"level":"http","message":"\u001b[0mGET /api/auth/passkey \u001b[36m304\u001b[0m 5.845 ms - -\u001b[0m","timestamp":"2026-07-31T18:08:52.184Z"}
{"level":"http","message":"\u001b[0mGET /api/auth/me \u001b[32m200\u001b[0m 5.412 ms - 622\u001b[0m","timestamp":"2026-07-31T18:08:59.928Z"}
{"level":"http","message":"\u001b[0mGET /api/auth/passkey \u001b[36m304\u001b[0m 17.856 ms - -\u001b[0m","timestamp":"2026-07-31T18:09:00.085Z"}
{"level":"http","message":"\u001b[0mGET /api/auth/me \u001b[36m304\u001b[0m 2.208 ms - -\u001b[0m","timestamp":"2026-07-31T18:12:39.948Z"}
{"level":"http","message":"\u001b[0mGET /api/auth/passkey \u001b[36m304\u001b[0m 4.108 ms - -\u001b[0m","timestamp":"2026-07-31T18:12:40.029Z"}
{"level":"http","message":"\u001b[0mGET /api/auth/me \u001b[36m304\u001b[0m 4.024 ms - -\u001b[0m","timestamp":"2026-07-31T18:17:00.578Z"}
{"level":"http","message":"\u001b[0mGET /api/auth/passkey \u001b[36m304\u001b[0m 5.791 ms - -\u001b[0m","timestamp":"2026-07-31T18:17:01.085Z"}
{"level":"http","message":"\u001b[0mGET /api/auth/me \u001b[36m304\u001b[0m 3.842 ms - -\u001b[0m","timestamp":"2026-07-31T18:18:33.467Z"}
{"level":"http","message":"\u001b[0mGET /api/auth/passkey \u001b[36m304\u001b[0m 8.324 ms - -\u001b[0m","timestamp":"2026-07-31T18:18:33.625Z"}
{"level":"http","message":"\u001b[0mGET /api/auth/me \u001b[36m304\u001b[0m 4.582 ms - -\u001b[0m","timestamp":"2026-07-31T18:18:59.187Z"}
{"level":"http","message":"\u001b[0mGET /api/auth/passkey \u001b[36m304\u001b[0m 7.300 ms - -\u001b[0m","timestamp":"2026-07-31T18:18:59.225Z"}
{"level":"http","message":"\u001b[0mGET /api/auth/passkey \u001b[36m304\u001b[0m 5.543 ms - -\u001b[0m","timestamp":"2026-07-31T18:18:59.231Z"}
{"level":"http","message":"\u001b[0mGET /api/auth/passkey \u001b[36m304\u001b[0m 5.903 ms - -\u001b[0m","timestamp":"2026-07-31T18:19:11.871Z"}
{"level":"http","message":"\u001b[0mGET /api/auth/passkey \u001b[36m304\u001b[0m 4.312 ms - -\u001b[0m","timestamp":"2026-07-31T18:19:11.876Z"}
{"level":"http","message":"\u001b[0mGET /api/auth/passkey \u001b[36m304\u001b[0m 5.061 ms - -\u001b[0m","timestamp":"2026-07-31T18:20:34.208Z"}
{"level":"http","message":"\u001b[0mGET /api/auth/passkey \u001b[36m304\u001b[0m 4.539 ms - -\u001b[0m","timestamp":"2026-07-31T18:20:34.213Z"}
{"level":"http","message":"\u001b[0mGET /api/auth/me \u001b[36m304\u001b[0m 6.521 ms - -\u001b[0m","timestamp":"2026-07-31T18:20:57.569Z"}
{"level":"http","message":"\u001b[0mGET /api/auth/me \u001b[36m304\u001b[0m 4.811 ms - -\u001b[0m","timestamp":"2026-07-31T18:21:33.035Z"}
{"level":"http","message":"\u001b[0mGET /api/auth/me \u001b[36m304\u001b[0m 6.711 ms - -\u001b[0m","timestamp":"2026-07-31T18:32:14.228Z"}
{"level":"http","message":"\u001b[0mGET /api/categories \u001b[36m304\u001b[0m 11.895 ms - -\u001b[0m","timestamp":"2026-07-31T18:46:31.906Z"}
{"level":"http","message":"\u001b[0mGET /api/categories \u001b[36m304\u001b[0m 3.988 ms - -\u001b[0m","timestamp":"2026-07-31T18:46:31.912Z"}
{"level":"http","message":"\u001b[0mGET /api/categories \u001b[36m304\u001b[0m 3.912 ms - -\u001b[0m","timestamp":"2026-07-31T18:46:47.946Z"}
{"level":"http","message":"\u001b[0mGET /api/categories \u001b[36m304\u001b[0m 2.928 ms - -\u001b[0m","timestamp":"2026-07-31T18:46:47.950Z"}
{"level":"http","message":"\u001b[0mGET /api/auth/me \u001b[36m304\u001b[0m 3.067 ms - -\u001b[0m","timestamp":"2026-07-31T18:47:46.750Z"}
{"level":"http","message":"\u001b[0mGET /api/auth/me \u001b[36m304\u001b[0m 6.759 ms - -\u001b[0m","timestamp":"2026-07-31T18:47:59.946Z"}
{"level":"http","message":"\u001b[0mGET /api/categories \u001b[36m304\u001b[0m 2.331 ms - -\u001b[0m","timestamp":"2026-07-31T18:48:12.431Z"}
{"level":"http","message":"\u001b[0mGET /api/categories \u001b[36m304\u001b[0m 3.665 ms - -\u001b[0m","timestamp":"2026-07-31T18:48:12.437Z"}
{"level":"http","message":"\u001b[0mGET /api/categories \u001b[36m304\u001b[0m 3.785 ms - -\u001b[0m","timestamp":"2026-07-31T18:48:20.644Z"}
{"level":"http","message":"\u001b[0mGET /api/categories \u001b[36m304\u001b[0m 4.163 ms - -\u001b[0m","timestamp":"2026-07-31T18:48:20.650Z"}
{"level":"http","message":"\u001b[0mGET /api/categories \u001b[36m304\u001b[0m 3.563 ms - -\u001b[0m","timestamp":"2026-07-31T18:48:25.179Z"}
{"level":"http","message":"\u001b[0mGET /api/categories \u001b[36m304\u001b[0m 3.610 ms - -\u001b[0m","timestamp":"2026-07-31T18:48:25.184Z"}
{"level":"http","message":"\u001b[0mGET /api/auth/me \u001b[36m304\u001b[0m 3.906 ms - -\u001b[0m","timestamp":"2026-07-31T18:49:25.343Z"}
{"level":"http","message":"\u001b[0mGET /api/categories \u001b[36m304\u001b[0m 2.633 ms - -\u001b[0m","timestamp":"2026-07-31T18:54:18.233Z"}
{"level":"http","message":"\u001b[0mGET /api/categories \u001b[36m304\u001b[0m 3.902 ms - -\u001b[0m","timestamp":"2026-07-31T18:54:18.239Z"}
{"level":"http","message":"\u001b[0mGET /api/auth/passkey \u001b[36m304\u001b[0m 7.452 ms - -\u001b[0m","timestamp":"2026-07-31T18:54:35.058Z"}
{"level":"http","message":"\u001b[0mGET /api/auth/passkey \u001b[36m304\u001b[0m 4.042 ms - -\u001b[0m","timestamp":"2026-07-31T18:54:35.063Z"}
{"level":"info","message":"Starting server on port 3008...","timestamp":"2026-08-01T01:50:19.329Z"}
{"level":"info","message":"Socket.io initialized","timestamp":"2026-08-01T01:50:19.342Z"}
{"level":"info","message":"Server running on port 3008 (HTTP + WebSocket)","timestamp":"2026-08-01T01:50:19.347Z"}
{"level":"info","message":"MongoDB Connected: 127.0.0.1","timestamp":"2026-08-01T01:50:19.369Z"}
{"level":"http","message":"\u001b[0mGET /api/auth/me \u001b[36m304\u001b[0m 83.202 ms - -\u001b[0m","timestamp":"2026-08-01T01:50:29.493Z"}
{"level":"http","message":"\u001b[0mGET /api/auth/passkey \u001b[36m304\u001b[0m 7.136 ms - -\u001b[0m","timestamp":"2026-08-01T01:50:33.803Z"}
{"level":"http","message":"\u001b[0mGET /api/auth/passkey \u001b[36m304\u001b[0m 4.788 ms - -\u001b[0m","timestamp":"2026-08-01T01:50:33.809Z"}
{"level":"http","message":"\u001b[0mGET /api/auth/me \u001b[36m304\u001b[0m 4.878 ms - -\u001b[0m","timestamp":"2026-08-01T01:50:56.593Z"}
{"level":"http","message":"\u001b[0mGET /api/categories \u001b[36m304\u001b[0m 33.980 ms - -\u001b[0m","timestamp":"2026-08-01T01:50:59.403Z"}
{"level":"http","message":"\u001b[0mGET /api/categories \u001b[36m304\u001b[0m 2.405 ms - -\u001b[0m","timestamp":"2026-08-01T01:50:59.407Z"}
{"level":"http","message":"\u001b[0mGET /api/auth/me \u001b[36m304\u001b[0m 5.306 ms - -\u001b[0m","timestamp":"2026-08-01T01:51:02.124Z"}
{"level":"http","message":"\u001b[0mGET /api/auth/me \u001b[36m304\u001b[0m 3.696 ms - -\u001b[0m","timestamp":"2026-08-01T02:17:02.121Z"}
{"level":"http","message":"\u001b[0mGET /api/auth/me \u001b[36m304\u001b[0m 2.272 ms - -\u001b[0m","timestamp":"2026-08-01T02:17:20.240Z"}
{"level":"http","message":"\u001b[0mGET /api/auth/me \u001b[36m304\u001b[0m 9.077 ms - -\u001b[0m","timestamp":"2026-08-01T02:50:10.997Z"}
{"level":"http","message":"\u001b[0mGET /api/auth/me \u001b[36m304\u001b[0m 5.895 ms - -\u001b[0m","timestamp":"2026-08-01T02:50:17.755Z"}
{"level":"http","message":"\u001b[0mGET /api/auth/me \u001b[36m304\u001b[0m 3.121 ms - -\u001b[0m","timestamp":"2026-08-01T02:54:53.578Z"}
{"level":"http","message":"\u001b[0mGET /api/auth/me \u001b[36m304\u001b[0m 4.403 ms - -\u001b[0m","timestamp":"2026-08-01T02:55:54.604Z"}
{"level":"http","message":"\u001b[0mGET /api/auth/me \u001b[36m304\u001b[0m 7.503 ms - -\u001b[0m","timestamp":"2026-08-01T02:55:56.267Z"}
{"level":"http","message":"\u001b[0mGET /api/auth/me \u001b[36m304\u001b[0m 4.840 ms - -\u001b[0m","timestamp":"2026-08-01T02:55:58.151Z"}
{"level":"http","message":"\u001b[0mGET /api/categories \u001b[36m304\u001b[0m 16.736 ms - -\u001b[0m","timestamp":"2026-08-01T02:56:03.868Z"}
{"level":"http","message":"\u001b[0mGET /api/categories \u001b[36m304\u001b[0m 2.841 ms - -\u001b[0m","timestamp":"2026-08-01T02:56:03.872Z"}
{"level":"http","message":"\u001b[0mGET /api/auth/me \u001b[36m304\u001b[0m 4.880 ms - -\u001b[0m","timestamp":"2026-08-01T02:56:05.433Z"}
{"level":"http","message":"\u001b[0mGET /api/auth/me \u001b[36m304\u001b[0m 6.140 ms - -\u001b[0m","timestamp":"2026-08-01T02:56:27.486Z"}
{"level":"http","message":"\u001b[0mGET /api/auth/me \u001b[36m304\u001b[0m 3.660 ms - -\u001b[0m","timestamp":"2026-08-01T02:56:30.310Z"}
{"level":"http","message":"\u001b[0mGET /api/auth/me \u001b[36m304\u001b[0m 6.281 ms - -\u001b[0m","timestamp":"2026-08-01T02:56:31.389Z"}
{"level":"http","message":"\u001b[0mGET /api/auth/passkey \u001b[36m304\u001b[0m 7.866 ms - -\u001b[0m","timestamp":"2026-08-01T02:56:34.975Z"}
{"level":"http","message":"\u001b[0mGET /api/auth/passkey \u001b[36m304\u001b[0m 3.655 ms - -\u001b[0m","timestamp":"2026-08-01T02:56:34.980Z"}
{"level":"http","message":"\u001b[0mGET /api/auth/me \u001b[36m304\u001b[0m 3.061 ms - -\u001b[0m","timestamp":"2026-08-01T02:56:45.161Z"}
{"level":"http","message":"\u001b[0mGET /api/auth/passkey \u001b[36m304\u001b[0m 5.425 ms - -\u001b[0m","timestamp":"2026-08-01T02:56:48.772Z"}
{"level":"http","message":"\u001b[0mGET /api/auth/passkey \u001b[36m304\u001b[0m 4.408 ms - -\u001b[0m","timestamp":"2026-08-01T02:56:48.777Z"}
{"level":"http","message":"\u001b[0mGET /api/auth/me \u001b[36m304\u001b[0m 4.293 ms - -\u001b[0m","timestamp":"2026-08-01T02:57:00.558Z"}
{"level":"http","message":"\u001b[0mGET /api/auth/me \u001b[36m304\u001b[0m 6.094 ms - -\u001b[0m","timestamp":"2026-08-01T02:57:33.384Z"}
{"level":"http","message":"\u001b[0mGET /api/auth/me \u001b[36m304\u001b[0m 5.213 ms - -\u001b[0m","timestamp":"2026-08-01T02:59:43.168Z"}
{"level":"http","message":"\u001b[0mGET /api/auth/me \u001b[36m304\u001b[0m 10.883 ms - -\u001b[0m","timestamp":"2026-08-01T03:44:34.733Z"}
{"level":"http","message":"\u001b[0mGET /api/auth/me \u001b[36m304\u001b[0m 6.657 ms - -\u001b[0m","timestamp":"2026-08-01T03:45:50.121Z"}
{"level":"http","message":"\u001b[0mGET /api/auth/me \u001b[36m304\u001b[0m 9.753 ms - -\u001b[0m","timestamp":"2026-08-01T03:47:11.282Z"}
{"level":"http","message":"\u001b[0mGET /api/auth/me \u001b[36m304\u001b[0m 17.535 ms - -\u001b[0m","timestamp":"2026-08-01T04:18:43.608Z"}
{"level":"http","message":"\u001b[0mGET /api/auth/me \u001b[36m304\u001b[0m 2.718 ms - -\u001b[0m","timestamp":"2026-08-01T04:19:28.077Z"}
{"level":"http","message":"\u001b[0mGET /api/categories \u001b[36m304\u001b[0m 32.428 ms - -\u001b[0m","timestamp":"2026-08-01T06:12:58.716Z"}
{"level":"http","message":"\u001b[0mGET /api/categories \u001b[36m304\u001b[0m 3.764 ms - -\u001b[0m","timestamp":"2026-08-01T06:12:58.723Z"}
{"level":"http","message":"\u001b[0mGET /api/auth/me \u001b[36m304\u001b[0m 5.205 ms - -\u001b[0m","timestamp":"2026-08-01T06:13:00.962Z"}
{"level":"http","message":"\u001b[0mGET /api/auth/me \u001b[36m304\u001b[0m 23.258 ms - -\u001b[0m","timestamp":"2026-08-01T10:31:16.324Z"}
{"level":"http","message":"\u001b[0mGET /api/auth/me \u001b[36m304\u001b[0m 2.682 ms - -\u001b[0m","timestamp":"2026-08-01T10:31:41.108Z"}
{"level":"http","message":"\u001b[0mGET /api/shops/me \u001b[36m304\u001b[0m 60.244 ms - -\u001b[0m","timestamp":"2026-08-01T10:31:51.092Z"}
{"level":"http","message":"\u001b[0mGET /api/shops/me \u001b[36m304\u001b[0m 5.583 ms - -\u001b[0m","timestamp":"2026-08-01T10:31:51.098Z"}
{"level":"http","message":"\u001b[0mOPTIONS /api/shops/me \u001b[32m204\u001b[0m 1.727 ms - 0\u001b[0m","timestamp":"2026-08-01T10:32:20.246Z"}
{"level":"http","message":"\u001b[0mPUT /api/shops/me \u001b[32m200\u001b[0m 291.140 ms - 1181\u001b[0m","timestamp":"2026-08-01T10:32:20.542Z"}
{"level":"http","message":"\u001b[0mGET /api/shops?page=1 \u001b[32m200\u001b[0m 87.686 ms - 407\u001b[0m","timestamp":"2026-08-01T10:32:30.254Z"}
{"level":"http","message":"\u001b[0mGET /api/shops?page=1 \u001b[36m304\u001b[0m 4.648 ms - -\u001b[0m","timestamp":"2026-08-01T10:32:30.260Z"}
{"level":"warn","message":"GET /api/shops/undefined -> 404 Shop not found","timestamp":"2026-08-01T10:32:35.225Z"}
{"level":"http","message":"\u001b[0mGET /api/shops/undefined \u001b[33m404\u001b[0m 30.794 ms - 28\u001b[0m","timestamp":"2026-08-01T10:32:35.226Z"}
{"level":"warn","message":"GET /api/products/shop/undefined -> 404 Shop not found","timestamp":"2026-08-01T10:32:35.228Z"}
{"level":"http","message":"\u001b[0mGET /api/products/shop/undefined \u001b[33m404\u001b[0m 27.328 ms - 28\u001b[0m","timestamp":"2026-08-01T10:32:35.229Z"}
{"level":"warn","message":"GET /api/products/shop/undefined -> 404 Shop not found","timestamp":"2026-08-01T10:32:35.233Z"}
{"level":"http","message":"\u001b[0mGET /api/products/shop/undefined \u001b[33m404\u001b[0m 4.075 ms - 28\u001b[0m","timestamp":"2026-08-01T10:32:35.234Z"}
{"level":"warn","message":"GET /api/shops/undefined -> 404 Shop not found","timestamp":"2026-08-01T10:32:35.235Z"}
{"level":"http","message":"\u001b[0mGET /api/shops/undefined \u001b[33m404\u001b[0m 5.182 ms - 28\u001b[0m","timestamp":"2026-08-01T10:32:35.237Z"}
{"level":"http","message":"\u001b[0mGET /api/auth/me \u001b[36m304\u001b[0m 5.159 ms - -\u001b[0m","timestamp":"2026-08-01T10:32:38.754Z"}
{"level":"warn","message":"GET /api/shops/undefined -> 404 Shop not found","timestamp":"2026-08-01T10:32:38.832Z"}
{"level":"http","message":"\u001b[0mGET /api/shops/undefined \u001b[33m404\u001b[0m 4.653 ms - 28\u001b[0m","timestamp":"2026-08-01T10:32:38.833Z"}
{"level":"warn","message":"GET /api/products/shop/undefined -> 404 Shop not found","timestamp":"2026-08-01T10:32:38.835Z"}
{"level":"http","message":"\u001b[0mGET /api/products/shop/undefined \u001b[33m404\u001b[0m 5.092 ms - 28\u001b[0m","timestamp":"2026-08-01T10:32:38.836Z"}
{"level":"http","message":"\u001b[0mGET /api/shops?page=1 \u001b[36m304\u001b[0m 4.873 ms - -\u001b[0m","timestamp":"2026-08-01T10:32:41.560Z"}
{"level":"http","message":"\u001b[0mGET /api/shops?page=1 \u001b[36m304\u001b[0m 6.330 ms - -\u001b[0m","timestamp":"2026-08-01T10:32:41.569Z"}
{"level":"http","message":"\u001b[0mGET /api/shops?search=f&page=1 \u001b[32m200\u001b[0m 11.500 ms - 407\u001b[0m","timestamp":"2026-08-01T10:32:51.100Z"}
{"level":"http","message":"\u001b[0mGET /api/shops?search=fr&page=1 \u001b[32m200\u001b[0m 3.161 ms - 407\u001b[0m","timestamp":"2026-08-01T10:32:51.458Z"}
{"level":"http","message":"\u001b[0mGET /api/shops?search=fre&page=1 \u001b[32m200\u001b[0m 3.599 ms - 407\u001b[0m","timestamp":"2026-08-01T10:32:52.736Z"}
{"level":"http","message":"\u001b[0mGET /api/shops?page=1 \u001b[36m304\u001b[0m 3.668 ms - -\u001b[0m","timestamp":"2026-08-01T10:32:55.442Z"}
{"level":"http","message":"\u001b[0mGET /api/shops?page=1 \u001b[36m304\u001b[0m 7.202 ms - -\u001b[0m","timestamp":"2026-08-01T10:32:59.106Z"}
{"level":"http","message":"\u001b[0mGET /api/shops?page=1 \u001b[36m304\u001b[0m 4.780 ms - -\u001b[0m","timestamp":"2026-08-01T10:32:59.111Z"}
{"level":"http","message":"\u001b[0mGET /api/categories \u001b[36m304\u001b[0m 4.000 ms - -\u001b[0m","timestamp":"2026-08-01T10:32:59.865Z"}
{"level":"http","message":"\u001b[0mGET /api/categories \u001b[36m304\u001b[0m 3.306 ms - -\u001b[0m","timestamp":"2026-08-01T10:32:59.870Z"}
{"level":"http","message":"\u001b[0mGET /api/shops/me \u001b[32m200\u001b[0m 3.934 ms - 1181\u001b[0m","timestamp":"2026-08-01T10:33:04.488Z"}
{"level":"http","message":"\u001b[0mGET /api/shops/me \u001b[36m304\u001b[0m 3.854 ms - -\u001b[0m","timestamp":"2026-08-01T10:33:04.494Z"}
{"level":"http","message":"\u001b[0mGET /api/shops?page=1 \u001b[36m304\u001b[0m 7.798 ms - -\u001b[0m","timestamp":"2026-08-01T10:33:35.417Z"}
{"level":"http","message":"\u001b[0mGET /api/shops?page=1 \u001b[36m304\u001b[0m 4.444 ms - -\u001b[0m","timestamp":"2026-08-01T10:33:35.423Z"}
{"level":"warn","message":"GET /api/shops/undefined -> 404 Shop not found","timestamp":"2026-08-01T10:33:38.522Z"}
{"level":"http","message":"\u001b[0mGET /api/shops/undefined \u001b[33m404\u001b[0m 13.322 ms - 28\u001b[0m","timestamp":"2026-08-01T10:33:38.533Z"}
{"level":"warn","message":"GET /api/products/shop/undefined -> 404 Shop not found","timestamp":"2026-08-01T10:33:38.543Z"}
{"level":"http","message":"\u001b[0mGET /api/products/shop/undefined \u001b[33m404\u001b[0m 6.831 ms - 28\u001b[0m","timestamp":"2026-08-01T10:33:38.545Z"}
{"level":"warn","message":"GET /api/shops/undefined -> 404 Shop not found","timestamp":"2026-08-01T10:33:38.548Z"}
{"level":"http","message":"\u001b[0mGET /api/shops/undefined \u001b[33m404\u001b[0m 8.875 ms - 28\u001b[0m","timestamp":"2026-08-01T10:33:38.550Z"}
{"level":"warn","message":"GET /api/products/shop/undefined -> 404 Shop not found","timestamp":"2026-08-01T10:33:38.554Z"}
{"level":"http","message":"\u001b[0mGET /api/products/shop/undefined \u001b[33m404\u001b[0m 4.076 ms - 28\u001b[0m","timestamp":"2026-08-01T10:33:38.555Z"}
{"level":"http","message":"\u001b[0mGET /api/auth/me \u001b[36m304\u001b[0m 2.914 ms - -\u001b[0m","timestamp":"2026-08-01T10:33:58.151Z"}
{"level":"http","message":"\u001b[0mGET /api/auth/me \u001b[36m304\u001b[0m 2.502 ms - -\u001b[0m","timestamp":"2026-08-01T10:34:21.647Z"}
{"level":"http","message":"\u001b[0mGET /api/shops?page=1 \u001b[36m304\u001b[0m 5.243 ms - -\u001b[0m","timestamp":"2026-08-01T10:34:24.581Z"}
{"level":"http","message":"\u001b[0mGET /api/shops?page=1 \u001b[36m304\u001b[0m 7.057 ms - -\u001b[0m","timestamp":"2026-08-01T10:34:24.590Z"}
{"level":"http","message":"\u001b[0mGET /api/shops?page=1 \u001b[36m304\u001b[0m 5.982 ms - -\u001b[0m","timestamp":"2026-08-01T10:34:28.464Z"}
{"level":"http","message":"\u001b[0mGET /api/shops?page=1 \u001b[36m304\u001b[0m 5.093 ms - -\u001b[0m","timestamp":"2026-08-01T10:34:28.470Z"}
{"level":"http","message":"\u001b[0mGET /api/auth/me \u001b[36m304\u001b[0m 3.917 ms - -\u001b[0m","timestamp":"2026-08-01T10:34:31.247Z"}
{"level":"http","message":"\u001b[0mGET /api/shops/me \u001b[36m304\u001b[0m 5.534 ms - -\u001b[0m","timestamp":"2026-08-01T10:34:34.195Z"}
{"level":"http","message":"\u001b[0mGET /api/shops/me \u001b[36m304\u001b[0m 5.112 ms - -\u001b[0m","timestamp":"2026-08-01T10:34:34.201Z"}
{"level":"http","message":"\u001b[0mGET /api/auth/me \u001b[36m304\u001b[0m 9.674 ms - -\u001b[0m","timestamp":"2026-08-01T15:43:35.242Z"}
{"level":"http","message":"\u001b[0mGET /api/auth/me \u001b[36m304\u001b[0m 3.709 ms - -\u001b[0m","timestamp":"2026-08-01T15:48:39.094Z"}
{"level":"http","message":"\u001b[0mGET /api/auth/me \u001b[36m304\u001b[0m 5.401 ms - -\u001b[0m","timestamp":"2026-08-01T15:48:40.547Z"}
{"level":"http","message":"\u001b[0mGET /api/auth/me \u001b[36m304\u001b[0m 6.366 ms - -\u001b[0m","timestamp":"2026-08-01T15:48:42.204Z"}
{"level":"http","message":"\u001b[0mGET /api/shops/me \u001b[36m304\u001b[0m 13.316 ms - -\u001b[0m","timestamp":"2026-08-01T15:48:48.887Z"}
{"level":"http","message":"\u001b[0mGET /api/shops/me \u001b[36m304\u001b[0m 6.836 ms - -\u001b[0m","timestamp":"2026-08-01T15:48:48.901Z"}
{"level":"http","message":"\u001b[0mGET /api/products/me \u001b[32m200\u001b[0m 31.148 ms - 2\u001b[0m","timestamp":"2026-08-01T15:48:48.909Z"}
{"level":"http","message":"\u001b[0mGET /api/products/me \u001b[36m304\u001b[0m 10.058 ms - -\u001b[0m","timestamp":"2026-08-01T15:48:48.921Z"}
{"level":"http","message":"\u001b[0mGET /api/orders/shop \u001b[32m200\u001b[0m 52.402 ms - 42\u001b[0m","timestamp":"2026-08-01T15:48:48.933Z"}
{"level":"http","message":"\u001b[0mGET /api/orders/shop \u001b[36m304\u001b[0m 8.905 ms - -\u001b[0m","timestamp":"2026-08-01T15:48:48.943Z"}
{"level":"http","message":"\u001b[0mGET /api/auth/me \u001b[36m304\u001b[0m 3.512 ms - -\u001b[0m","timestamp":"2026-08-01T15:48:55.845Z"}
{"level":"http","message":"\u001b[0mGET /api/auth/me \u001b[36m304\u001b[0m 6.518 ms - -\u001b[0m","timestamp":"2026-08-01T15:49:06.089Z"}
{"level":"http","message":"\u001b[0mGET /api/shops/me \u001b[36m304\u001b[0m 7.821 ms - -\u001b[0m","timestamp":"2026-08-01T15:49:11.562Z"}
{"level":"http","message":"\u001b[0mGET /api/products/me \u001b[36m304\u001b[0m 13.307 ms - -\u001b[0m","timestamp":"2026-08-01T15:49:11.573Z"}
{"level":"http","message":"\u001b[0mGET /api/shops/me \u001b[36m304\u001b[0m 9.873 ms - -\u001b[0m","timestamp":"2026-08-01T15:49:11.576Z"}
{"level":"http","message":"\u001b[0mGET /api/orders/shop \u001b[36m304\u001b[0m 17.339 ms - -\u001b[0m","timestamp":"2026-08-01T15:49:11.581Z"}
{"level":"http","message":"\u001b[0mGET /api/products/me \u001b[36m304\u001b[0m 11.582 ms - -\u001b[0m","timestamp":"2026-08-01T15:49:11.590Z"}
{"level":"http","message":"\u001b[0mGET /api/orders/shop \u001b[36m304\u001b[0m 11.437 ms - -\u001b[0m","timestamp":"2026-08-01T15:49:11.595Z"}
{"level":"http","message":"\u001b[0mGET /api/auth/me \u001b[36m304\u001b[0m 3.282 ms - -\u001b[0m","timestamp":"2026-08-01T15:49:26.251Z"}
{"level":"http","message":"\u001b[0mGET /api/orders/shop \u001b[36m304\u001b[0m 6.864 ms - -\u001b[0m","timestamp":"2026-08-01T15:49:28.490Z"}
{"level":"http","message":"\u001b[0mGET /api/orders/shop \u001b[36m304\u001b[0m 6.672 ms - -\u001b[0m","timestamp":"2026-08-01T15:49:28.497Z"}
{"level":"http","message":"\u001b[0mGET /api/shops/me \u001b[36m304\u001b[0m 5.929 ms - -\u001b[0m","timestamp":"2026-08-01T15:50:44.625Z"}
{"level":"http","message":"\u001b[0mGET /api/shops/me \u001b[36m304\u001b[0m 3.648 ms - -\u001b[0m","timestamp":"2026-08-01T15:50:44.630Z"}
{"level":"http","message":"\u001b[0mGET /api/shops/me \u001b[36m304\u001b[0m 13.022 ms - -\u001b[0m","timestamp":"2026-08-01T15:50:49.935Z"}
{"level":"http","message":"\u001b[0mGET /api/products/me \u001b[36m304\u001b[0m 18.563 ms - -\u001b[0m","timestamp":"2026-08-01T15:50:49.945Z"}
{"level":"http","message":"\u001b[0mGET /api/shops/me \u001b[36m304\u001b[0m 11.008 ms - -\u001b[0m","timestamp":"2026-08-01T15:50:49.952Z"}
{"level":"http","message":"\u001b[0mGET /api/orders/shop \u001b[36m304\u001b[0m 21.639 ms - -\u001b[0m","timestamp":"2026-08-01T15:50:49.953Z"}
{"level":"http","message":"\u001b[0mGET /api/products/me \u001b[36m304\u001b[0m 13.954 ms - -\u001b[0m","timestamp":"2026-08-01T15:50:49.963Z"}
{"level":"http","message":"\u001b[0mGET /api/orders/shop \u001b[36m304\u001b[0m 13.116 ms - -\u001b[0m","timestamp":"2026-08-01T15:50:49.969Z"}
{"level":"http","message":"\u001b[0mGET /api/auth/me \u001b[36m304\u001b[0m 3.926 ms - -\u001b[0m","timestamp":"2026-08-01T15:50:52.616Z"}
{"level":"http","message":"\u001b[0mGET /api/shops/me \u001b[36m304\u001b[0m 17.782 ms - -\u001b[0m","timestamp":"2026-08-01T15:51:15.562Z"}
{"level":"http","message":"\u001b[0mGET /api/products/me \u001b[36m304\u001b[0m 22.858 ms - -\u001b[0m","timestamp":"2026-08-01T15:51:15.570Z"}
{"level":"http","message":"\u001b[0mGET /api/shops/me \u001b[36m304\u001b[0m 8.161 ms - -\u001b[0m","timestamp":"2026-08-01T15:51:15.575Z"}
{"level":"http","message":"\u001b[0mGET /api/orders/shop \u001b[36m304\u001b[0m 22.227 ms - -\u001b[0m","timestamp":"2026-08-01T15:51:15.577Z"}
{"level":"http","message":"\u001b[0mGET /api/products/me \u001b[36m304\u001b[0m 10.328 ms - -\u001b[0m","timestamp":"2026-08-01T15:51:15.583Z"}
{"level":"http","message":"\u001b[0mGET /api/orders/shop \u001b[36m304\u001b[0m 10.273 ms - -\u001b[0m","timestamp":"2026-08-01T15:51:15.589Z"}
{"level":"http","message":"\u001b[0mGET /api/auth/me \u001b[36m304\u001b[0m 3.627 ms - -\u001b[0m","timestamp":"2026-08-01T15:51:39.884Z"}
{"level":"http","message":"\u001b[0mGET /api/shops/me \u001b[36m304\u001b[0m 6.955 ms - -\u001b[0m","timestamp":"2026-08-01T15:51:39.995Z"}
{"level":"http","message":"\u001b[0mGET /api/products/me \u001b[36m304\u001b[0m 13.599 ms - -\u001b[0m","timestamp":"2026-08-01T15:51:40.005Z"}
{"level":"http","message":"\u001b[0mGET /api/orders/shop \u001b[36m304\u001b[0m 16.285 ms - -\u001b[0m","timestamp":"2026-08-01T15:51:40.009Z"}
{"level":"http","message":"\u001b[0mGET /api/auth/me \u001b[36m304\u001b[0m 2.066 ms - -\u001b[0m","timestamp":"2026-08-01T15:51:41.703Z"}
{"level":"http","message":"\u001b[0mGET /api/auth/me \u001b[36m304\u001b[0m 7.494 ms - -\u001b[0m","timestamp":"2026-08-01T15:51:54.053Z"}
{"level":"http","message":"\u001b[0mGET /api/auth/me \u001b[36m304\u001b[0m 3.067 ms - -\u001b[0m","timestamp":"2026-08-01T15:52:05.838Z"}
{"level":"http","message":"\u001b[0mGET /api/auth/me \u001b[36m304\u001b[0m 4.874 ms - -\u001b[0m","timestamp":"2026-08-01T15:52:22.990Z"}
{"level":"http","message":"\u001b[0mGET /api/auth/me \u001b[36m304\u001b[0m 5.379 ms - -\u001b[0m","timestamp":"2026-08-01T15:52:39.902Z"}
{"level":"http","message":"\u001b[0mGET /api/shops/me \u001b[36m304\u001b[0m 14.652 ms - -\u001b[0m","timestamp":"2026-08-01T15:53:35.266Z"}
{"level":"http","message":"\u001b[0mGET /api/products/me \u001b[36m304\u001b[0m 18.941 ms - -\u001b[0m","timestamp":"2026-08-01T15:53:35.273Z"}
{"level":"http","message":"\u001b[0mGET /api/orders/shop \u001b[36m304\u001b[0m 23.933 ms - -\u001b[0m","timestamp":"2026-08-01T15:53:35.280Z"}
{"level":"http","message":"\u001b[0mGET /api/shops/me \u001b[36m304\u001b[0m 10.847 ms - -\u001b[0m","timestamp":"2026-08-01T15:53:35.282Z"}
{"level":"http","message":"\u001b[0mGET /api/products/me \u001b[36m304\u001b[0m 11.707 ms - -\u001b[0m","timestamp":"2026-08-01T15:53:35.290Z"}
{"level":"http","message":"\u001b[0mGET /api/orders/shop \u001b[36m304\u001b[0m 13.208 ms - -\u001b[0m","timestamp":"2026-08-01T15:53:35.298Z"}
{"level":"http","message":"\u001b[0mGET /api/auth/me \u001b[36m304\u001b[0m 2.202 ms - -\u001b[0m","timestamp":"2026-08-01T15:53:36.481Z"}
{"level":"info","message":"Starting server on port 3008...","timestamp":"2026-08-01T15:56:57.792Z"}
{"level":"info","message":"Socket.io initialized","timestamp":"2026-08-01T15:56:57.809Z"}
{"level":"info","message":"Server running on port 3008 (HTTP + WebSocket)","timestamp":"2026-08-01T15:56:57.813Z"}
{"level":"info","message":"MongoDB Connected: 127.0.0.1","timestamp":"2026-08-01T15:56:57.832Z"}
{"level":"http","message":"\u001b[0mGET /api/auth/me \u001b[36m304\u001b[0m 31.514 ms - -\u001b[0m","timestamp":"2026-08-01T15:57:21.671Z"}
{"level":"http","message":"\u001b[0mGET /api/shops/me \u001b[36m304\u001b[0m 13.170 ms - -\u001b[0m","timestamp":"2026-08-01T15:57:28.385Z"}
{"level":"http","message":"\u001b[0mGET /api/products/me \u001b[36m304\u001b[0m 21.489 ms - -\u001b[0m","timestamp":"2026-08-01T15:57:28.398Z"}
{"level":"http","message":"\u001b[0mGET /api/shops/me \u001b[36m304\u001b[0m 14.938 ms - -\u001b[0m","timestamp":"2026-08-01T15:57:28.406Z"}
{"level":"http","message":"\u001b[0mGET /api/orders/shop \u001b[36m304\u001b[0m 27.373 ms - -\u001b[0m","timestamp":"2026-08-01T15:57:28.408Z"}
{"level":"http","message":"\u001b[0mGET /api/products/me \u001b[36m304\u001b[0m 14.413 ms - -\u001b[0m","timestamp":"2026-08-01T15:57:28.418Z"}
{"level":"http","message":"\u001b[0mGET /api/orders/shop \u001b[36m304\u001b[0m 14.592 ms - -\u001b[0m","timestamp":"2026-08-01T15:57:28.425Z"}
{"level":"http","message":"\u001b[0mGET /api/auth/me \u001b[36m304\u001b[0m 4.598 ms - -\u001b[0m","timestamp":"2026-08-01T15:57:29.848Z"}
{"level":"http","message":"\u001b[0mGET /api/shops/me \u001b[36m304\u001b[0m 11.516 ms - -\u001b[0m","timestamp":"2026-08-01T15:58:20.943Z"}
{"level":"http","message":"\u001b[0mGET /api/products/me \u001b[36m304\u001b[0m 20.208 ms - -\u001b[0m","timestamp":"2026-08-01T15:58:20.957Z"}
{"level":"http","message":"\u001b[0mGET /api/shops/me \u001b[36m304\u001b[0m 12.023 ms - -\u001b[0m","timestamp":"2026-08-01T15:58:20.960Z"}
{"level":"http","message":"\u001b[0mGET /api/orders/shop \u001b[36m304\u001b[0m 26.053 ms - -\u001b[0m","timestamp":"2026-08-01T15:58:20.964Z"}
{"level":"http","message":"\u001b[0mGET /api/products/me \u001b[36m304\u001b[0m 14.726 ms - -\u001b[0m","timestamp":"2026-08-01T15:58:20.976Z"}
{"level":"http","message":"\u001b[0mGET /api/orders/shop \u001b[36m304\u001b[0m 14.428 ms - -\u001b[0m","timestamp":"2026-08-01T15:58:20.982Z"}
{"level":"http","message":"\u001b[0mGET /api/shops/me \u001b[36m304\u001b[0m 12.025 ms - -\u001b[0m","timestamp":"2026-08-01T15:58:24.267Z"}
{"level":"http","message":"\u001b[0mGET /api/shops/me \u001b[36m304\u001b[0m 7.418 ms - -\u001b[0m","timestamp":"2026-08-01T15:58:24.276Z"}
{"level":"http","message":"\u001b[0mGET /api/shops/me \u001b[36m304\u001b[0m 8.443 ms - -\u001b[0m","timestamp":"2026-08-01T15:58:35.372Z"}
{"level":"http","message":"\u001b[0mGET /api/shops/me \u001b[36m304\u001b[0m 8.553 ms - -\u001b[0m","timestamp":"2026-08-01T15:58:35.382Z"}
{"level":"http","message":"\u001b[0mGET /api/orders/shop \u001b[36m304\u001b[0m 12.939 ms - -\u001b[0m","timestamp":"2026-08-01T15:58:42.791Z"}
{"level":"http","message":"\u001b[0mGET /api/orders/shop \u001b[36m304\u001b[0m 9.893 ms - -\u001b[0m","timestamp":"2026-08-01T15:58:42.802Z"}
{"level":"http","message":"\u001b[0mGET /api/orders/shop?status=pending \u001b[32m200\u001b[0m 37.692 ms - 42\u001b[0m","timestamp":"2026-08-01T15:58:44.527Z"}
{"level":"http","message":"\u001b[0mGET /api/orders/shop?status=confirmed \u001b[32m200\u001b[0m 7.888 ms - 42\u001b[0m","timestamp":"2026-08-01T15:58:45.145Z"}
{"level":"http","message":"\u001b[0mGET /api/orders/shop?status=shipped \u001b[32m200\u001b[0m 7.558 ms - 42\u001b[0m","timestamp":"2026-08-01T15:58:45.777Z"}
{"level":"http","message":"\u001b[0mGET /api/orders/shop?status=delivered \u001b[32m200\u001b[0m 6.713 ms - 42\u001b[0m","timestamp":"2026-08-01T15:58:46.194Z"}
{"level":"http","message":"\u001b[0mGET /api/orders/shop?status=cancelled \u001b[32m200\u001b[0m 5.801 ms - 42\u001b[0m","timestamp":"2026-08-01T15:58:46.583Z"}
{"level":"http","message":"\u001b[0mGET /api/orders/shop \u001b[36m304\u001b[0m 5.367 ms - -\u001b[0m","timestamp":"2026-08-01T15:58:48.119Z"}
{"level":"http","message":"\u001b[0mGET /api/auth/passkey \u001b[36m304\u001b[0m 10.294 ms - -\u001b[0m","timestamp":"2026-08-01T15:58:52.155Z"}
{"level":"http","message":"\u001b[0mGET /api/auth/passkey \u001b[36m304\u001b[0m 7.270 ms - -\u001b[0m","timestamp":"2026-08-01T15:58:52.164Z"}
{"level":"http","message":"\u001b[0mGET /api/shops/me \u001b[36m304\u001b[0m 12.620 ms - -\u001b[0m","timestamp":"2026-08-01T15:58:58.757Z"}
{"level":"http","message":"\u001b[0mGET /api/products/me \u001b[36m304\u001b[0m 22.147 ms - -\u001b[0m","timestamp":"2026-08-01T15:58:58.769Z"}
{"level":"http","message":"\u001b[0mGET /api/shops/me \u001b[36m304\u001b[0m 12.774 ms - -\u001b[0m","timestamp":"2026-08-01T15:58:58.776Z"}
{"level":"http","message":"\u001b[0mGET /api/orders/shop \u001b[36m304\u001b[0m 24.894 ms - -\u001b[0m","timestamp":"2026-08-01T15:58:58.777Z"}
{"level":"http","message":"\u001b[0mGET /api/products/me \u001b[36m304\u001b[0m 19.854 ms - -\u001b[0m","timestamp":"2026-08-01T15:58:58.793Z"}
{"level":"http","message":"\u001b[0mGET /api/orders/shop \u001b[36m304\u001b[0m 22.363 ms - -\u001b[0m","timestamp":"2026-08-01T15:58:58.803Z"}
{"level":"http","message":"\u001b[0mGET /api/auth/me \u001b[36m304\u001b[0m 5.081 ms - -\u001b[0m","timestamp":"2026-08-01T15:59:00.607Z"}
{"level":"http","message":"\u001b[0mGET /api/shops/me \u001b[36m304\u001b[0m 16.651 ms - -\u001b[0m","timestamp":"2026-08-01T15:59:02.426Z"}
{"level":"http","message":"\u001b[0mGET /api/products/me \u001b[36m304\u001b[0m 20.962 ms - -\u001b[0m","timestamp":"2026-08-01T15:59:02.432Z"}
{"level":"http","message":"\u001b[0mGET /api/orders/shop \u001b[36m304\u001b[0m 21.853 ms - -\u001b[0m","timestamp":"2026-08-01T15:59:02.435Z"}
{"level":"http","message":"\u001b[0mGET /api/auth/me \u001b[36m304\u001b[0m 2.393 ms - -\u001b[0m","timestamp":"2026-08-01T16:01:10.772Z"}
{"level":"http","message":"\u001b[0mGET /api/shops/me \u001b[36m304\u001b[0m 12.874 ms - -\u001b[0m","timestamp":"2026-08-01T16:01:11.603Z"}
{"level":"http","message":"\u001b[0mGET /api/products/me \u001b[36m304\u001b[0m 18.123 ms - -\u001b[0m","timestamp":"2026-08-01T16:01:11.613Z"}
{"level":"http","message":"\u001b[0mGET /api/orders/shop \u001b[36m304\u001b[0m 22.175 ms - -\u001b[0m","timestamp":"2026-08-01T16:01:11.622Z"}
{"level":"http","message":"\u001b[0mGET /api/categories \u001b[36m304\u001b[0m 8.605 ms - -\u001b[0m","timestamp":"2026-08-01T16:01:14.718Z"}
{"level":"http","message":"\u001b[0mGET /api/categories \u001b[36m304\u001b[0m 3.193 ms - -\u001b[0m","timestamp":"2026-08-01T16:01:14.722Z"}
{"level":"warn","message":"POST /api/upload/product-images -> 400 Upload error: Unexpected field","timestamp":"2026-08-01T16:01:23.946Z"}
{"level":"http","message":"\u001b[0mPOST /api/upload/product-images \u001b[33m400\u001b[0m 8.569 ms - 44\u001b[0m","timestamp":"2026-08-01T16:01:23.947Z"}
{"level":"http","message":"\u001b[0mGET /api/shops/me \u001b[36m304\u001b[0m 15.359 ms - -\u001b[0m","timestamp":"2026-08-01T16:02:17.622Z"}
{"level":"http","message":"\u001b[0mGET /api/products/me \u001b[36m304\u001b[0m 29.264 ms - -\u001b[0m","timestamp":"2026-08-01T16:02:17.645Z"}
{"level":"http","message":"\u001b[0mGET /api/shops/me \u001b[36m304\u001b[0m 17.084 ms - -\u001b[0m","timestamp":"2026-08-01T16:02:17.648Z"}
{"level":"http","message":"\u001b[0mGET /api/orders/shop \u001b[36m304\u001b[0m 31.107 ms - -\u001b[0m","timestamp":"2026-08-01T16:02:17.657Z"}
{"level":"http","message":"\u001b[0mGET /api/products/me \u001b[36m304\u001b[0m 16.289 ms - -\u001b[0m","timestamp":"2026-08-01T16:02:17.669Z"}
{"level":"http","message":"\u001b[0mGET /api/orders/shop \u001b[36m304\u001b[0m 13.835 ms - -\u001b[0m","timestamp":"2026-08-01T16:02:17.676Z"}
{"level":"http","message":"\u001b[0mGET /api/orders/shop \u001b[36m304\u001b[0m 10.621 ms - -\u001b[0m","timestamp":"2026-08-01T16:02:19.476Z"}
{"level":"http","message":"\u001b[0mGET /api/orders/shop \u001b[36m304\u001b[0m 11.386 ms - -\u001b[0m","timestamp":"2026-08-01T16:02:19.489Z"}
{"level":"http","message":"\u001b[0mGET /api/shops/me \u001b[36m304\u001b[0m 8.978 ms - -\u001b[0m","timestamp":"2026-08-01T16:02:21.836Z"}
{"level":"http","message":"\u001b[0mGET /api/products/me \u001b[36m304\u001b[0m 14.548 ms - -\u001b[0m","timestamp":"2026-08-01T16:02:21.846Z"}
{"level":"http","message":"\u001b[0mGET /api/shops/me \u001b[36m304\u001b[0m 8.898 ms - -\u001b[0m","timestamp":"2026-08-01T16:02:21.849Z"}
{"level":"http","message":"\u001b[0mGET /api/orders/shop \u001b[36m304\u001b[0m 19.300 ms - -\u001b[0m","timestamp":"2026-08-01T16:02:21.853Z"}
{"level":"http","message":"\u001b[0mGET /api/products/me \u001b[36m304\u001b[0m 9.193 ms - -\u001b[0m","timestamp":"2026-08-01T16:02:21.860Z"}
{"level":"http","message":"\u001b[0mGET /api/orders/shop \u001b[36m304\u001b[0m 8.804 ms - -\u001b[0m","timestamp":"2026-08-01T16:02:21.864Z"}
{"level":"http","message":"\u001b[0mGET /api/categories \u001b[36m304\u001b[0m 10.079 ms - -\u001b[0m","timestamp":"2026-08-01T16:02:27.107Z"}
{"level":"http","message":"\u001b[0mGET /api/categories \u001b[36m304\u001b[0m 5.259 ms - -\u001b[0m","timestamp":"2026-08-01T16:02:27.117Z"}
